"","OCC","MET2013","YEAR","MULTYEAR","SAMPLE","SERIAL","HHWT","DENSITY","MET2013ERR","METPOP10","OWNERSHP","OWNERSHPD","HHINCOME","PERWT","SEX","AGE","RACE","RACED","HISPAN","HISPAND","EDUC","EDUCD","DEGFIELD","DEGFIELDD","DEGFIELD2","DEGFIELD2D","INCTOT","SEI","Metro","Occupation"
"12584833",4940,41620,2022,2022,202203,6411672,13,4399.8,4,1087839,1,13,111900,15,2,34,1,100,0,0,7,71,0,0,0,0,25500,47,"Salt Lake City, UT","Telemarketers"
"4939611",0,39300,2022,2019,202203,3034763,19,1189.5,4,1718526,1,13,191752,15,1,12,1,100,0,0,2,23,0,0,0,0,9999999,0,"Providence-Warwick, RI-MA","N/A (not applicable)"
"12287104",4760,41420,2022,2022,202203,5198881,48,3511.1,6,390738,1,12,25000,48,1,57,1,100,0,0,6,61,0,0,0,0,25000,47,"Salem, OR","Retail salespersons"
"13083749",5400,0,2022,2022,202203,4995776,6,137,0,38820,1,13,60000,8,2,53,8,826,1,100,7,71,0,0,0,0,40000,44,"Not in identifiable area","Receptionists and information clerks"
"13856816",6260,16700,2022,2018,202203,5554885,14,416.1,1,664607,1,12,30396,14,1,65,3,304,0,0,7,71,0,0,0,0,30396,8,"Charleston-North Charleston, SC","Construction laborers"
"6446263",10,19100,2022,2022,202203,6340552,7,5234.4,3,6426214,1,13,321300,8,1,52,1,100,0,0,10,101,24,2408,0,0,300000,68,"Dallas-Fort Worth-Arlington, TX","Chief executives and legislators"
"8475706",1935,17900,2022,2020,202203,5595326,11,319.1,1,767598,1,13,106515,10,1,69,1,100,0,0,8,81,0,0,0,0,78187,53,"Columbia, SC","Environmental science and geoscience technicians, and nuclear technicians"
"6322566",0,38300,2022,2021,202203,5434100,7,2084.8,5,2356285,1,12,104848,7,2,80,1,100,0,0,6,63,0,0,0,0,8647,0,"Pittsburgh, PA","N/A (not applicable)"
"5702606",0,41860,2022,2021,202203,787281,14,27323.6,1,4335391,2,22,250772,15,2,5,3,361,1,100,1,11,0,0,0,0,9999999,0,"San Francisco-Oakland-Hayward, CA","N/A (not applicable)"
"11819964",4700,26420,2022,2019,202203,5946226,29,2993.7,3,5920416,1,13,204383,40,2,20,6,669,0,0,7,71,0,0,0,0,45929,68,"Houston-The Woodlands-Sugar Land, TX","First-line supervisors of retail sales workers"
"15403115",9620,16980,2022,2020,202203,2164177,48,4155.9,2,9461105,1,13,213597,113,2,20,1,100,0,0,6,61,0,0,0,0,0,8,"Chicago-Naperville-Elgin, IL-IN-WI","Laborers and freight, stock, and material movers, hand"
"5740459",0,49180,2022,2020,202203,4626214,11,420.4,6,640595,1,13,73088,19,2,9,1,100,0,0,1,16,0,0,0,0,9999999,0,"Winston-Salem, NC","N/A (not applicable)"
"10189983",3602,36260,2022,2020,202203,6390244,27,1742.2,5,597159,2,22,80793,25,2,23,6,600,0,0,6,65,0,0,0,0,1020,13,"Ogden-Clearfield, UT","Personal care aides"
"3358375",0,47900,2022,2018,202203,1306505,2,15856,5,5636232,0,0,9999999,2,1,37,2,200,0,0,0,2,0,0,0,0,11223,0,"Washington-Arlington-Alexandria, DC-VA-MD-WV","N/A (not applicable)"
"11217926",4220,10580,2022,2020,202203,4286639,21,1130.8,4,870716,1,13,16091,21,2,48,1,100,0,0,6,63,0,0,0,0,16091,9,"Albany-Schenectady-Troy, NY","Janitors and building cleaners"
"5048412",0,31080,2022,2018,202203,409437,21,12990.9,1,12828837,2,22,55121,26,2,35,1,100,4,416,5,50,0,0,0,0,0,0,"Los Angeles-Long Beach-Anaheim, CA","N/A (not applicable)"
"75600",0,0,2022,2018,202203,1400234,9,534.3,0,244185,1,12,354108,8,2,75,1,100,0,0,6,63,0,0,0,0,5845,0,"Not in identifiable area","N/A (not applicable)"
"11507949",4435,19740,2022,2020,202203,1150779,29,3395.7,4,2543482,1,13,185042,85,1,30,8,826,1,100,6,63,0,0,0,0,5892,19,"Denver-Aurora-Lakewood, CO","Other entertainment attendants and related workers"
"9574251",2861,41940,2022,2022,202203,956256,12,7695.6,4,1836911,1,13,170000,12,2,57,5,500,0,0,11,114,26,2601,0,0,20000,31,"San Jose-Sunnyvale-Santa Clara, CA","Interpreters and translators"
"1998946",0,0,2022,2020,202203,4063391,1,46.3,0,29109,1,12,77733,1,1,74,8,826,4,498,6,63,0,0,0,0,38074,0,"Not in identifiable area","N/A (not applicable)"
"10423489",3648,0,2022,2018,202203,6846000,11,1108.2,0,605435,1,13,195233,16,2,23,1,100,0,0,10,101,11,1103,0,0,9352,38,"Not in identifiable area","Veterinary assistants and laboratory animal caretakers"
"4096727",0,35620,2022,2019,202203,3929867,14,2008.1,2,19567410,1,12,28246,15,2,90,1,100,0,0,6,63,0,0,0,0,28246,0,"New York-Newark-Jersey City, NY-NJ-PA","N/A (not applicable)"
"138007",0,0,2022,2021,202203,78920,5,200.1,0,110848,1,13,129709,4,2,58,2,200,0,0,6,63,0,0,0,0,0,0,"Not in identifiable area","N/A (not applicable)"
"13016603",5260,35620,2022,2018,202203,3864662,32,24361.1,2,19567410,2,22,115269,22,1,47,2,200,0,0,6,63,0,0,0,0,468,44,"New York-Newark-Jersey City, NY-NJ-PA","File clerks"
"12313434",4760,38060,2022,2018,202203,125812,16,8075.6,2,4192887,0,0,9999999,16,1,21,1,100,0,0,7,71,0,0,0,0,0,47,"Phoenix-Mesa-Scottsdale, AZ","Retail salespersons"
"12806440",5140,17140,2022,2021,202203,4967147,21,178.1,4,2114580,1,13,319518,16,2,56,1,100,0,0,7,71,0,0,0,0,68097,44,"Cincinnati, OH-KY-IN","Payroll and timekeeping clerks"
"6334263",0,42660,2022,2019,202203,6668177,13,4161.6,1,3439809,1,13,229643,10,2,14,4,400,0,0,2,25,0,0,0,0,9999999,0,"Seattle-Tacoma-Bellevue, WA","N/A (not applicable)"
"5677438",0,18140,2022,2022,202203,4997532,11,4893.8,4,1901974,1,12,65000,11,2,85,1,100,0,0,11,116,23,2313,0,0,65000,0,"Columbus, OH","N/A (not applicable)"
"3348937",0,16860,2022,2020,202203,1857339,10,307.8,6,337879,0,0,9999999,10,1,38,1,100,0,0,8,81,0,0,0,0,0,0,"Chattanooga, TN-GA","N/A (not applicable)"
"13975098",6355,48660,2022,2018,202203,5837729,11,1022,6,151306,2,22,35072,11,1,22,1,100,0,0,7,71,0,0,0,0,32734,44,"Wichita Falls, TX","Electricians"
"15627239",9720,0,2022,2018,202203,3170874,23,88.5,0,28623,2,22,56407,40,2,19,1,100,0,0,6,61,0,0,0,0,58,8,"Not in identifiable area","Refuse and recyclable material collectors"
"10475557",3801,11100,2022,2019,202203,5993455,6,1423.4,4,251933,1,12,112525,6,1,76,1,100,0,0,10,101,53,5301,0,0,65678,34,"Amarillo, TX","Bailiffs"
"14678536",8225,0,2022,2021,202203,3532716,22,174.7,0,99668,1,13,175972,14,1,66,1,100,0,0,6,63,0,0,0,0,19997,18,"Not in identifiable area","Other metal workers and plastic workers"
"11001208",4110,19380,2022,2022,202203,4977048,11,911.5,1,799232,0,0,9999999,11,2,19,2,200,0,0,6,65,0,0,0,0,12000,16,"Dayton, OH","Waiters and waitresses"
"14784395",8740,42140,2022,2019,202203,4053077,38,554.6,1,144170,1,12,16948,39,1,68,1,100,1,100,7,71,0,0,0,0,16948,18,"Santa Fe, NM","Inspectors, testers, sorters, samplers, and weighers"
"4110045",0,35620,2022,2018,202203,4109961,12,5057.5,2,19567410,1,13,270053,10,1,5,1,100,0,0,1,11,0,0,0,0,9999999,0,"New York-Newark-Jersey City, NY-NJ-PA","N/A (not applicable)"
"2086327",0,36740,2022,2019,202203,1496722,75,1207.1,4,2134411,2,22,54196,73,2,5,1,100,2,200,1,11,0,0,0,0,9999999,0,"Orlando-Kissimmee-Sanford, FL","N/A (not applicable)"
"5168327",0,40380,2022,2022,202203,4477287,2,180.4,5,494243,1,12,45500,1,2,91,1,100,0,0,10,101,23,2304,0,0,45500,0,"Rochester, NY","N/A (not applicable)"
"4217065",0,31080,2022,2018,202203,394376,41,10725.6,1,12828837,2,22,34604,49,2,62,1,100,0,0,6,63,0,0,0,0,0,0,"Los Angeles-Long Beach-Anaheim, CA","N/A (not applicable)"
"6329407",0,41180,2022,2021,202203,3661603,71,2801,5,2787701,2,22,30093,71,2,94,1,100,0,0,6,63,0,0,0,0,30093,0,"St. Louis, MO-IL","N/A (not applicable)"
"1791752",0,0,2022,2019,202203,5060546,9,130.8,0,213247,1,13,28246,9,2,73,1,100,0,0,6,61,0,0,0,0,10334,0,"Not in identifiable area","N/A (not applicable)"
"2884884",0,38860,2022,2022,202203,2847639,19,215.1,1,514098,1,12,4500,19,2,70,1,100,0,0,6,63,0,0,0,0,4500,0,"Portland-South Portland, ME","N/A (not applicable)"
"8432953",1760,14460,2022,2022,202203,3128364,23,1795.9,3,4552402,1,13,525050,28,2,45,7,700,0,0,10,101,61,6105,0,0,175000,80,"Boston-Cambridge-Newton, MA-NH","Physical scientists, all other"
"3840229",0,0,2022,2022,202203,6824748,8,507,0,275827,1,13,50200,12,1,16,1,100,0,0,4,40,0,0,0,0,0,0,"Not in identifiable area","N/A (not applicable)"
"10089505",3430,0,2022,2018,202203,4040214,6,39,0,66697,0,0,9999999,6,1,25,3,315,0,0,2,23,0,0,0,0,29226,48,"Not in identifiable area","Dietetic technicians and ophthalmic medical technicians"
"14390876",7360,0,2022,2022,202203,3350457,6,80.8,0,32078,1,13,72790,5,1,62,1,100,0,0,7,71,0,0,0,0,60000,31,"Not in identifiable area","Millwrights"
"9054829",2310,12060,2022,2018,202203,1772781,21,901.8,4,5286728,1,13,72482,21,2,55,1,100,4,420,11,115,23,2304,0,0,72482,72,"Atlanta-Sandy Springs-Roswell, GA","Elementary and middle school teachers"
"12539515",4920,12580,2022,2021,202203,2944767,19,802.3,3,2710489,1,13,261581,19,1,52,1,100,0,0,10,101,19,1901,0,0,162137,62,"Baltimore-Columbia-Towson, MD","Real estate brokers and sales agents"
"8834520",2205,35620,2022,2018,202203,3887527,9,2069,2,19567410,1,13,247724,9,1,72,1,100,0,0,11,116,60,6006,0,0,163551,84,"New York-Newark-Jersey City, NY-NJ-PA","Postsecondary teachers"
"5613161",0,26420,2022,2019,202203,5975483,10,6391.3,3,5920416,1,12,581802,11,1,71,1,100,0,0,10,101,24,2414,0,0,559985,0,"Houston-The Woodlands-Sugar Land, TX","N/A (not applicable)"
"785636",0,16700,2022,2022,202203,5639900,10,1214.4,1,664607,1,12,36400,9,2,77,1,100,0,0,6,63,0,0,0,0,9000,0,"Charleston-North Charleston, SC","N/A (not applicable)"
"2943329",0,38900,2022,2019,202203,5141723,30,2041.6,5,2226009,1,13,143527,32,1,4,1,100,0,0,0,2,0,0,0,0,9999999,0,"Portland-Vancouver-Hillsboro, OR-WA","N/A (not applicable)"
"12632825",5000,40900,2022,2021,202203,787322,10,4260.1,1,2149127,1,13,143761,10,2,55,1,100,0,0,7,71,0,0,0,0,86473,68,"Sacramento--Roseville--Arden-Arcade, CA","First-line supervisors of office and administrative support workers"
"12859676",5240,41700,2022,2018,202203,5919405,10,4157.1,4,2142508,2,22,14029,9,2,44,1,100,4,498,0,2,0,0,0,0,14029,44,"San Antonio-New Braunfels, TX","Customer service representatives"
"2811216",0,0,2022,2018,202203,5654685,74,157.2,0,82429,1,13,29519,68,1,7,1,100,0,0,1,14,0,0,0,0,9999999,0,"Not in identifiable area","N/A (not applicable)"
"2178055",0,19660,2022,2020,202203,1532729,16,1542.3,1,590289,1,12,38051,10,1,67,1,100,0,0,5,50,0,0,0,0,22210,0,"Deltona-Daytona Beach-Ormond Beach, FL","N/A (not applicable)"
"1848567",0,10900,2022,2022,202203,5454759,3,1764.3,1,821173,0,0,9999999,3,1,54,2,200,0,0,10,101,49,4901,0,0,0,0,"Allentown-Bethlehem-Easton, PA-NJ","N/A (not applicable)"
"8946354",2310,12060,2022,2021,202203,1906749,45,901.8,4,5286728,1,13,165812,36,2,34,6,610,0,0,10,101,24,2408,0,0,51235,72,"Atlanta-Sandy Springs-Roswell, GA","Elementary and middle school teachers"
"11829777",4700,42660,2022,2021,202203,6744761,20,779.2,1,3439809,1,13,162353,20,1,38,6,660,0,0,6,63,0,0,0,0,65936,68,"Seattle-Tacoma-Bellevue, WA","First-line supervisors of retail sales workers"
"1288222",0,0,2022,2020,202203,2667411,8,94.1,0,37300,1,12,39660,11,1,8,1,100,0,0,1,14,0,0,0,0,9999999,0,"Not in identifiable area","N/A (not applicable)"
"4211393",0,10740,2022,2021,202203,4066982,54,3358,3,887077,2,22,411,43,2,4,1,100,1,100,0,2,0,0,0,0,9999999,0,"Albuquerque, NM","N/A (not applicable)"
"5399160",0,46540,2022,2021,202203,4416211,22,164.7,5,299397,1,12,71989,25,1,69,1,100,0,0,8,81,0,0,0,0,36751,0,"Utica-Rome, NY","N/A (not applicable)"
"5064238",0,38900,2022,2020,202203,5161756,14,3394.2,5,2226009,1,13,135524,6,1,28,1,100,0,0,6,61,0,0,0,0,2266,0,"Portland-Vancouver-Hillsboro, OR-WA","N/A (not applicable)"
"613069",0,0,2022,2021,202203,6199248,43,155.6,0,405603,1,13,62693,66,2,14,1,100,1,100,2,25,0,0,0,0,9999999,0,"Not in identifiable area","N/A (not applicable)"
"3775865",0,33460,2022,2019,202203,3389038,17,1157.3,5,3348859,0,0,9999999,17,1,28,1,100,0,0,6,65,0,0,0,0,0,0,"Minneapolis-St. Paul-Bloomington, MN-WI","N/A (not applicable)"
"14714527",8320,39340,2022,2018,202203,6369257,15,5181.9,3,526810,2,22,80665,15,2,35,1,100,0,0,10,101,29,2901,0,0,10522,18,"Provo-Orem, UT","Sewing machine operators"
"913999",0,0,2022,2019,202203,1420008,13,55.5,0,111452,0,0,9999999,13,1,48,2,200,0,0,6,64,0,0,0,0,0,0,"Not in identifiable area","N/A (not applicable)"
"10821425",4030,45300,2022,2020,202203,1574080,10,4168.5,1,2783243,2,22,13042,12,1,20,1,100,0,0,7,71,0,0,0,0,4533,15,"Tampa-St. Petersburg-Clearwater, FL","Food preparation workers"
"14141121",6800,0,2022,2020,202203,6111420,79,104.6,0,50654,1,12,209631,79,1,53,1,100,0,0,10,101,62,6203,0,0,209631,10,"Not in identifiable area","Derrick, rotary drill, and service unit operators, and roustabouts, oil, gas, and mining"
"4027520",0,29820,2022,2022,202203,3814708,65,3127.3,1,1951269,1,12,6000,63,2,10,7,700,1,100,2,22,0,0,0,0,9999999,0,"Las Vegas-Henderson-Paradise, NV","N/A (not applicable)"
"3291654",0,18140,2022,2019,202203,4831714,13,827.8,5,1901974,1,12,197723,12,1,70,1,100,0,0,10,101,62,6206,0,0,79457,0,"Columbus, OH","N/A (not applicable)"
"13686993",6050,0,2022,2022,202203,338943,10,111.1,0,24159,1,13,63000,10,1,53,1,100,0,0,6,64,0,0,0,0,36000,6,"Not in identifiable area","Other agricultural workers"
"12446957",4840,35300,2022,2021,202203,1251822,14,8285.9,1,862477,0,0,9999999,14,2,19,2,200,0,0,6,63,0,0,0,0,9188,47,"New Haven-Milford, CT","Sales representatives of services, except advertising, insurance, financial services, and travel"
"2934017",0,0,2022,2021,202203,6924254,17,70.9,0,69829,1,13,123224,15,1,8,1,100,0,0,1,14,0,0,0,0,9999999,0,"Not in identifiable area","N/A (not applicable)"
"991185",0,0,2022,2020,202203,6899827,1,55.2,0,45820,1,13,179036,1,1,73,1,100,0,0,10,101,37,3700,0,0,179036,0,"Not in identifiable area","N/A (not applicable)"
"5064284",0,47900,2022,2018,202203,2860985,13,4616.4,5,5636232,1,13,310561,12,2,15,8,801,4,415,2,26,0,0,0,0,0,0,"Washington-Arlington-Alexandria, DC-VA-MD-WV","N/A (not applicable)"
"5199297",0,31080,2022,2021,202203,884916,14,383.7,1,12828837,1,13,41615,15,2,71,8,826,1,100,6,65,0,0,0,0,14052,0,"Los Angeles-Long Beach-Anaheim, CA","N/A (not applicable)"
"13353307",5740,47900,2022,2019,202203,6495129,7,2003.7,5,5636232,1,12,30313,7,1,66,1,100,4,428,10,101,55,5506,0,0,30313,61,"Washington-Arlington-Alexandria, DC-VA-MD-WV","Secretaries and administrative assistants, except legal, medical, and executive"
"2335885",0,0,2022,2021,202203,2783475,8,212,0,92971,1,12,59450,8,1,64,1,100,0,0,6,63,0,0,0,0,59450,0,"Not in identifiable area","N/A (not applicable)"
"10496722",3802,0,2022,2020,202203,196861,5,22.8,0,91318,1,12,132170,4,1,32,3,315,0,0,6,63,0,0,0,0,23909,34,"Not in identifiable area","Correctional officers and jailers"
"14668500",8225,0,2022,2019,202203,4226883,13,110.2,0,111944,1,13,130897,13,1,49,1,100,0,0,6,64,0,0,0,0,82672,18,"Not in identifiable area","Other metal workers and plastic workers"
"5189795",0,41180,2022,2021,202203,3645472,21,3809.4,5,2787701,2,22,66476,19,1,8,8,826,1,100,1,14,0,0,0,0,9999999,0,"St. Louis, MO-IL","N/A (not applicable)"
"8689407",2100,12060,2022,2022,202203,1945018,10,5280.4,4,5286728,1,13,253600,9,2,46,1,100,0,0,11,115,19,1902,0,0,3600,93,"Atlanta-Sandy Springs-Roswell, GA","Lawyers, and judges, magistrates, and other judicial workers"
"14054325",6410,12260,2022,2021,202203,5605600,10,285.7,5,564873,1,12,17295,10,1,55,2,200,0,0,6,63,0,0,0,0,8107,16,"Augusta-Richmond County, GA-SC","Painters and paperhangers"
"10083516",3424,0,2022,2018,202203,6849335,6,70.3,0,109908,1,13,122050,7,2,30,1,100,0,0,7,71,0,0,0,0,43723,48,"Not in identifiable area","Veterinary technologists and technicians"
"15130996",9130,37980,2022,2018,202203,3880568,9,842.3,2,5965343,1,13,73370,15,1,20,1,100,0,0,8,81,0,0,0,0,304,15,"Philadelphia-Camden-Wilmington, PA-NJ-DE-MD","Driver/sales workers and truck drivers"
"5750234",0,31080,2022,2022,202203,1019017,22,5557.8,1,12828837,1,13,188910,18,2,59,1,100,0,0,6,63,0,0,0,0,0,0,"Los Angeles-Long Beach-Anaheim, CA","N/A (not applicable)"
"1143768",0,0,2022,2022,202203,3692917,8,47.6,0,17673,1,13,38000,9,1,7,1,100,0,0,1,14,0,0,0,0,9999999,0,"Not in identifiable area","N/A (not applicable)"
"9207263",2330,19100,2022,2019,202203,5979705,24,5030.9,3,6426214,2,22,33298,25,2,53,2,200,0,0,10,101,62,6207,0,0,33298,52,"Dallas-Fort Worth-Arlington, TX","Special education teachers"
"5862935",0,41940,2022,2018,202203,398090,50,7128.5,4,1836911,2,22,36475,43,2,82,4,400,0,0,11,114,23,2304,0,0,14847,0,"San Jose-Sunnyvale-Santa Clara, CA","N/A (not applicable)"
"4996059",0,33100,2022,2021,202203,1651451,9,5995.2,2,5564635,1,13,26374,12,2,78,8,826,3,300,6,65,0,0,0,0,9944,0,"Miami-Fort Lauderdale-West Palm Beach, FL","N/A (not applicable)"
"4945565",0,44060,2022,2022,202203,6753754,1,1919.2,5,527753,0,0,9999999,1,2,84,1,100,0,0,10,101,40,4002,0,0,106000,0,"Spokane-Spokane Valley, WA","N/A (not applicable)"
"5101435",0,40140,2022,2022,202203,1011296,11,1888.8,1,4224851,1,12,71400,12,1,68,1,100,0,0,6,63,0,0,0,0,53400,0,"Riverside-San Bernardino-Ontario, CA","N/A (not applicable)"
"10610970",3945,38900,2022,2021,202203,6748754,31,3376.5,5,2226009,2,22,77826,31,1,30,1,100,0,0,7,71,0,0,0,0,45398,63,"Portland-Vancouver-Hillsboro, OR-WA","Transportation security screeners"
"14144646",6835,0,2022,2021,202203,210029,6,174.8,0,100242,0,0,9999999,6,1,21,8,826,4,498,6,65,0,0,0,0,25942,18,"Not in identifiable area","Explosives workers, ordnance handling experts, and blasters"
"7642669",710,33460,2022,2022,202203,3487499,4,158.9,4,3348859,1,12,211800,4,2,70,1,100,0,0,8,81,0,0,0,0,89000,86,"Minneapolis-St. Paul-Bloomington, MN-WI","Management analysts"
"3463034",0,40140,2022,2021,202203,776655,4,1566.5,1,4224851,0,0,9999999,4,1,59,2,200,0,0,7,71,0,0,0,0,0,0,"Riverside-San Bernardino-Ontario, CA","N/A (not applicable)"
"3982487",0,17820,2022,2020,202203,1133528,15,1062.7,1,645613,1,13,180169,7,2,16,6,610,0,0,4,40,0,0,0,0,0,0,"Colorado Springs, CO","N/A (not applicable)"
"1095016",0,27140,2022,2018,202203,3490232,14,2674.3,5,567122,0,0,9999999,14,2,18,2,200,0,0,6,65,0,0,0,0,0,0,"Jackson, MS","N/A (not applicable)"
"4821894",0,14260,2022,2022,202203,2042597,20,204.6,5,246824,1,12,165450,15,1,15,1,100,0,0,2,26,0,0,0,0,450,0,"Boise City, ID","N/A (not applicable)"
"6154494",0,35620,2022,2019,202203,3930217,10,18779.9,2,19567410,1,13,227691,11,2,18,2,200,0,0,6,61,0,0,0,0,1493,0,"New York-Newark-Jersey City, NY-NJ-PA","N/A (not applicable)"
"2519182",0,12700,2022,2022,202203,3134343,14,545.5,6,111570,1,13,4700,13,2,80,1,100,0,0,6,63,0,0,0,0,4700,0,"Barnstable Town, MA","N/A (not applicable)"
"726989",0,0,2022,2022,202203,341741,27,89.1,0,41269,2,22,6000,26,1,62,2,200,0,0,7,71,0,0,0,0,6000,0,"Not in identifiable area","N/A (not applicable)"
"3020211",0,15180,2022,2019,202203,5967681,24,4546.1,1,406220,1,13,123273,27,2,29,1,100,1,100,6,61,0,0,0,0,12401,0,"Brownsville-Harlingen, TX","N/A (not applicable)"
"14268587",7210,0,2022,2020,202203,5741785,12,58.3,0,23791,1,12,107648,10,1,37,2,200,0,0,4,40,0,0,0,0,47592,19,"Not in identifiable area","Bus and truck mechanics and diesel engine specialists"
"14213032",7200,19820,2022,2018,202203,3169214,19,4129.9,4,4296250,1,12,112931,19,1,62,1,100,0,0,6,65,0,0,0,0,77158,19,"Detroit-Warren-Dearborn, MI","Automotive service technicians and mechanics"
"13792579",6230,45820,2022,2018,202203,2556297,22,2568.4,6,233870,1,13,160161,34,1,44,8,830,1,100,6,63,0,0,0,0,86510,19,"Topeka, KS","Carpenters"
"8088850",1050,19380,2022,2018,202203,4771031,13,419.5,1,799232,1,13,50270,14,1,37,1,100,0,0,7,71,0,0,0,0,50270,65,"Dayton, OH","Computer support specialists"
"14989750",9121,46520,2022,2021,202203,2000222,5,4377.3,1,953207,1,13,32752,3,2,74,1,100,0,0,6,61,0,0,0,0,20754,24,"Urban Honolulu, HI","Bus drivers, school"
"1908105",0,11260,2022,2022,202203,124375,7,86.3,6,181760,1,13,64900,8,1,84,1,100,0,0,10,101,24,2408,0,0,50000,0,"Anchorage, AK","N/A (not applicable)"
"14682225",8225,0,2022,2022,202203,2456358,26,696.5,0,172425,2,22,26000,26,2,44,1,100,0,0,8,81,0,0,0,0,10000,18,"Not in identifiable area","Other metal workers and plastic workers"
"11429694",4251,46060,2022,2019,202203,164207,15,5551.2,1,980263,2,22,23309,15,1,66,7,700,1,100,6,65,0,0,0,0,23309,11,"Tucson, AZ","Landscaping and groundskeeping workers"
"2589849",0,13780,2022,2019,202203,4223658,14,3094,5,251725,1,13,0,14,2,62,1,100,0,0,6,63,0,0,0,0,0,0,"Binghamton, NY","N/A (not applicable)"
"5288223",0,49420,2022,2021,202203,6733647,12,230.4,1,243231,1,13,93391,15,2,15,7,700,1,100,2,26,0,0,0,0,0,0,"Yakima, WA","N/A (not applicable)"
"11599931",4540,0,2022,2022,202203,1973006,8,124.1,0,58192,1,12,85900,9,1,71,1,100,0,0,10,101,55,5506,0,0,65500,26,"Not in identifiable area","Tour and travel guides"
"11357086",4230,33100,2022,2018,202203,1333061,24,7807.8,2,5564635,2,22,19874,23,2,40,2,200,0,0,6,63,0,0,0,0,19874,10,"Miami-Fort Lauderdale-West Palm Beach, FL","Maids and housekeeping cleaners"
"7742405",800,31080,2022,2021,202203,898393,11,7721.8,1,12828837,1,13,207535,10,2,50,4,400,0,0,10,101,62,6201,0,0,77826,78,"Los Angeles-Long Beach-Anaheim, CA","Accountants and auditors"
"4523809",0,41940,2022,2019,202203,534448,11,3305.1,4,1836911,1,13,246384,10,1,72,5,500,0,0,7,71,0,0,0,0,223994,0,"San Jose-Sunnyvale-Santa Clara, CA","N/A (not applicable)"
"2378739",0,19820,2022,2018,202203,3177842,48,2899,4,4296250,2,22,40917,46,2,8,2,200,0,0,1,15,0,0,0,0,9999999,0,"Detroit-Warren-Dearborn, MI","N/A (not applicable)"
"7704643",750,41860,2022,2018,202203,443460,22,33632.6,1,4335391,2,22,192895,24,1,31,1,100,0,0,10,101,62,6203,0,0,116906,66,"San Francisco-Oakland-Hayward, CA","Business operations specialists, all other"
"15314355",9600,31080,2022,2019,202203,636005,13,11663.2,1,12828837,2,22,28705,13,1,40,7,700,1,100,6,63,0,0,0,0,28705,18,"Los Angeles-Long Beach-Anaheim, CA","Industrial truck and tractor operators"
"8188338",1240,31080,2022,2022,202203,1051935,8,5949.9,1,12828837,1,13,410000,8,2,30,1,100,0,0,11,114,62,6205,0,0,160000,81,"Los Angeles-Long Beach-Anaheim, CA","Other mathematical science occupations"
"4891116",0,47900,2022,2020,202203,2913828,2,4187.9,5,5636232,1,13,390934,3,1,16,1,100,0,0,4,40,0,0,0,0,0,0,"Washington-Arlington-Alexandria, DC-VA-MD-WV","N/A (not applicable)"
"2994254",0,0,2022,2019,202203,5970411,21,73.2,0,13340,2,22,46216,18,1,6,8,801,1,100,1,15,0,0,0,0,9999999,0,"Not in identifiable area","N/A (not applicable)"
"7735656",800,28940,2022,2021,202203,5768492,18,579.2,6,837571,1,13,107010,18,2,39,1,100,0,0,10,101,62,6203,0,0,55127,78,"Knoxville, TN","Accountants and auditors"
"5513407",0,35620,2022,2022,202203,4029713,10,4704.4,2,19567410,1,13,208730,11,2,11,1,100,0,0,1,17,0,0,0,0,9999999,0,"New York-Newark-Jersey City, NY-NJ-PA","N/A (not applicable)"
"13400938",5740,28940,2022,2021,202203,5783675,17,2234.9,6,837571,2,22,44696,17,2,33,1,100,0,0,10,101,60,6002,0,0,44696,61,"Knoxville, TN","Secretaries and administrative assistants, except legal, medical, and executive"
"6734398",120,0,2022,2022,202203,6358392,13,96.2,0,298567,1,12,30000,13,2,63,8,826,1,100,7,71,0,0,0,0,30000,68,"Not in identifiable area","Financial managers"
"15425211",9620,25500,2022,2022,202203,6619798,24,571.4,1,125225,1,13,105000,19,2,33,8,826,4,416,0,2,0,0,0,0,50000,8,"Harrisonburg, VA","Laborers and freight, stock, and material movers, hand"
"4729232",0,45300,2022,2021,202203,1590132,62,2877.9,1,2783243,2,22,63558,48,1,10,2,200,0,0,1,17,0,0,0,0,9999999,0,"Tampa-St. Petersburg-Clearwater, FL","N/A (not applicable)"
"13705046",6050,12540,2022,2021,202203,852225,32,760.5,1,839631,1,12,74583,33,1,53,8,826,1,100,1,17,0,0,0,0,19456,6,"Bakersfield, CA","Other agricultural workers"
"4010261",0,17820,2022,2019,202203,1122515,22,168.4,1,645613,1,13,307378,26,2,7,1,100,0,0,1,12,0,0,0,0,9999999,0,"Colorado Springs, CO","N/A (not applicable)"
"10747979",4020,0,2022,2020,202203,1994029,15,181.1,0,185079,1,12,63003,36,1,53,1,100,0,0,7,71,0,0,0,0,41473,15,"Not in identifiable area","Cooks"
"8488998",1970,37980,2022,2019,202203,3908308,14,910.6,2,5965343,1,12,108507,18,2,19,1,100,0,0,6,63,0,0,0,0,2871,53,"Philadelphia-Camden-Wilmington, PA-NJ-DE-MD","Other life, physical, and social science technicians"
"2439364",0,0,2022,2020,202203,4622420,7,188.5,0,62768,2,22,75920,10,2,13,1,100,0,0,2,23,0,0,0,0,9999999,0,"Not in identifiable area","N/A (not applicable)"
"3309722",0,0,2022,2021,202203,4936597,15,165.3,0,39753,1,12,74583,21,1,82,1,100,0,0,5,50,0,0,0,0,17186,0,"Not in identifiable area","N/A (not applicable)"
"14950456",9030,47900,2022,2022,202203,6596487,11,1354.6,4,5636232,1,13,203090,14,1,47,1,100,0,0,11,114,62,6203,0,0,202500,79,"Washington-Arlington-Alexandria, DC-VA-MD-WV","Aircraft pilots and flight engineers"
"1380733",0,0,2022,2020,202203,6109609,19,225.9,0,29466,1,12,38187,33,1,15,1,100,1,100,3,30,0,0,0,0,0,0,"Not in identifiable area","N/A (not applicable)"
"12431267",4840,41860,2022,2021,202203,916959,11,5583.4,1,4335391,1,13,80096,11,1,22,6,671,0,0,8,81,0,0,0,0,24861,47,"San Francisco-Oakland-Hayward, CA","Sales representatives of services, except advertising, insurance, financial services, and travel"
"6855242",205,0,2022,2020,202203,5663865,5,10.7,0,7710,1,12,423795,4,1,56,1,100,0,0,6,63,0,0,0,0,367138,14,"Not in identifiable area","Farmers, ranchers, and other agricultural managers"
"9822760",3255,0,2022,2018,202203,2558988,10,95.2,0,20107,1,12,204585,10,2,27,1,100,0,0,10,101,61,6107,60,6000,64298,46,"Not in identifiable area","Registered nurses"
"6079092",0,24660,2022,2021,202203,4668074,9,1268.2,5,723801,1,13,29185,9,1,68,2,200,0,0,11,114,62,6203,0,0,16214,0,"Greensboro-High Point, NC","N/A (not applicable)"
"9001669",2310,12060,2022,2019,202203,1827717,9,2260.1,4,5286728,1,13,555163,9,2,59,1,100,0,0,10,101,34,3401,0,0,1148,72,"Atlanta-Sandy Springs-Roswell, GA","Elementary and middle school teachers"
"15106157",9130,0,2022,2020,202203,3425555,3,375.2,0,189093,1,12,76600,2,1,72,1,100,0,0,6,63,0,0,0,0,54051,15,"Not in identifiable area","Driver/sales workers and truck drivers"
"5130871",0,40140,2022,2020,202203,685095,30,1348.2,1,4224851,1,13,70255,30,2,62,8,826,0,0,6,63,0,0,0,0,0,0,"Riverside-San Bernardino-Ontario, CA","N/A (not applicable)"
"1866963",0,0,2022,2021,202203,4364011,6,88.4,0,56477,1,13,127548,6,2,49,1,100,0,0,8,81,0,0,0,0,35670,0,"Not in identifiable area","N/A (not applicable)"
"7984813",1021,41180,2022,2019,202203,2137566,21,749.2,5,2787701,2,22,75782,21,1,47,1,100,0,0,10,101,21,2102,0,0,75782,65,"St. Louis, MO-IL","Software developers"
"13135818",5400,26420,2022,2022,202203,6353709,11,691.7,3,5920416,1,12,384500,11,2,76,1,100,0,0,6,61,0,0,0,0,384500,44,"Houston-The Woodlands-Sugar Land, TX","Receptionists and information clerks"
"15045251",9130,49340,2022,2018,202203,2989064,21,701.2,5,916980,1,13,96681,21,1,43,7,700,0,0,6,63,0,0,0,0,34370,15,"Worcester, MA-CT","Driver/sales workers and truck drivers"
"6736013",120,35620,2022,2018,202203,4117099,28,1529.6,2,19567410,1,13,205755,28,1,34,1,100,0,0,11,114,62,6207,0,0,100539,68,"New York-Newark-Jersey City, NY-NJ-PA","Financial managers"
"10007832",3310,0,2022,2021,202203,2423678,14,166,0,110645,1,12,18267,15,2,61,1,100,0,0,8,81,0,0,0,0,18267,48,"Not in identifiable area","Dental hygienists"
"9783820",3255,22220,2022,2019,202203,295413,10,708.5,5,463204,1,13,50981,10,2,44,1,100,0,0,10,101,61,6107,62,6210,50981,46,"Fayetteville-Springdale-Rogers, AR-MO","Registered nurses"
"594253",0,0,2022,2018,202203,281108,33,231.8,0,54164,1,13,140287,24,2,12,1,100,0,0,2,23,0,0,0,0,9999999,0,"Not in identifiable area","N/A (not applicable)"
"5151010",0,35620,2022,2018,202203,4112982,18,2515,2,19567410,2,22,126258,17,1,15,1,100,0,0,4,40,0,0,0,0,0,0,"New York-Newark-Jersey City, NY-NJ-PA","N/A (not applicable)"
"12952348",5240,12060,2022,2020,202203,1878586,64,2484.6,4,5286728,2,22,42153,64,2,31,2,200,0,0,7,71,0,0,0,0,32634,44,"Atlanta-Sandy Springs-Roswell, GA","Customer service representatives"
"13243595",5600,16740,2022,2019,202203,4574404,12,1384.6,6,2217012,1,13,127682,11,1,49,1,100,0,0,6,65,0,0,0,0,53966,44,"Charlotte-Concord-Gastonia, NC-SC","Production, planning, and expediting clerks"
"4481571",0,38860,2022,2019,202203,2823361,25,264.1,1,514098,1,13,332983,26,1,10,1,100,0,0,1,17,0,0,0,0,9999999,0,"Portland-South Portland, ME","N/A (not applicable)"
"13856250",6260,0,2022,2018,202203,2086856,41,195.9,0,41306,1,12,83705,43,1,53,1,100,0,0,6,64,0,0,0,0,40917,8,"Not in identifiable area","Construction laborers"
"5229364",0,41180,2022,2021,202203,3659260,14,1764.7,5,2787701,1,12,108415,14,2,44,1,100,0,0,6,63,0,0,0,0,24753,0,"St. Louis, MO-IL","N/A (not applicable)"
"11540888",4510,35620,2022,2018,202203,4111703,14,39183.8,2,19567410,1,12,64941,15,2,84,1,100,4,416,6,63,0,0,0,0,9060,17,"New York-Newark-Jersey City, NY-NJ-PA","Hairdressers, hairstylists, and cosmetologists"
"9450348",2640,0,2022,2022,202203,955058,47,150.7,0,77142,1,12,121000,47,2,48,1,100,0,0,10,101,33,3301,0,0,32000,73,"Not in identifiable area","Other designers"
"928712",0,35380,2022,2022,202203,2814347,62,6467.7,1,1189866,1,12,58000,39,1,10,2,200,0,0,1,17,0,0,0,0,9999999,0,"New Orleans-Metairie, LA","N/A (not applicable)"
"671040",0,0,2022,2021,202203,4665479,6,229.8,0,91597,2,22,51689,14,1,15,2,200,0,0,3,30,0,0,0,0,0,0,"Not in identifiable area","N/A (not applicable)"
"274768",0,0,2022,2019,202203,1124201,11,17.1,0,16732,2,22,57411,8,2,15,1,100,0,0,5,50,0,0,0,0,0,0,"Not in identifiable area","N/A (not applicable)"
"12494700",4850,31080,2022,2019,202203,582527,22,383.7,1,12828837,2,22,27557,22,1,28,4,400,0,0,10,101,62,6203,0,0,27557,47,"Los Angeles-Long Beach-Anaheim, CA","Sales representatives, wholesale and manufacturing"
"7785953",800,40140,2022,2021,202203,787296,71,2339.9,1,4224851,1,13,769707,51,2,62,2,200,0,0,10,101,62,6203,0,0,91878,78,"Riverside-San Bernardino-Ontario, CA","Accountants and auditors"
"6364236",0,41740,2022,2022,202203,1016778,22,9320.3,1,3095313,1,12,23000,22,2,94,8,826,1,100,1,16,0,0,0,0,23000,0,"San Diego-Carlsbad, CA","N/A (not applicable)"
"1725867",0,18140,2022,2022,202203,5029608,11,4965.6,4,1901974,1,13,199500,13,2,8,1,100,0,0,1,14,0,0,0,0,9999999,0,"Columbus, OH","N/A (not applicable)"
"12333635",4760,34980,2022,2020,202203,5753777,11,188.7,5,270403,1,12,27558,12,2,76,1,100,0,0,6,63,0,0,0,0,27558,47,"Nashville-Davidson--Murfreesboro--Franklin, TN","Retail salespersons"
"6350659",0,38060,2022,2022,202203,249038,49,223,2,4192887,1,13,115000,52,2,33,1,100,0,0,8,81,0,0,0,0,0,0,"Phoenix-Mesa-Scottsdale, AZ","N/A (not applicable)"
"7372605",440,0,2022,2019,202203,5657244,20,2599.4,0,228261,1,13,148694,20,1,36,1,100,0,0,10,101,21,2106,0,0,75208,68,"Not in identifiable area","Other managers"
"1166067",0,0,2022,2021,202203,1900850,8,246.9,0,156005,1,12,87554,9,1,73,1,100,0,0,6,63,0,0,0,0,43885,0,"Not in identifiable area","N/A (not applicable)"
"14952655",9030,0,2022,2021,202203,1996823,13,509.5,0,120306,1,13,115658,14,1,52,1,100,0,0,6,63,0,0,0,0,108091,79,"Not in identifiable area","Aircraft pilots and flight engineers"
"13002644",5240,33100,2022,2021,202203,1609862,45,11974.2,2,5564635,2,22,54046,45,2,25,7,700,4,414,10,101,62,6209,0,0,0,44,"Miami-Fort Lauderdale-West Palm Beach, FL","Customer service representatives"
"4515809",0,12060,2022,2018,202203,1782530,23,1830.6,4,5286728,1,13,79496,22,2,8,2,200,0,0,1,14,0,0,0,0,9999999,0,"Atlanta-Sandy Springs-Roswell, GA","N/A (not applicable)"
"14059273",6441,10580,2022,2022,202203,4469664,3,865.3,4,870716,1,13,185000,4,1,54,1,100,0,0,6,63,0,0,0,0,103000,34,"Albany-Schenectady-Troy, NY","Pipelayers"
"1043243",0,0,2022,2018,202203,2554974,6,66.3,0,15516,2,22,21160,6,2,88,1,100,0,0,10,101,23,2314,0,0,21160,0,"Not in identifiable area","N/A (not applicable)"
"10864657",4030,12060,2022,2019,202203,1853684,7,1830.6,4,5286728,1,13,45929,7,1,51,2,200,0,0,6,65,0,0,0,0,45929,15,"Atlanta-Sandy Springs-Roswell, GA","Food preparation workers"
"8607399",2016,12060,2022,2019,202203,1818371,19,1426.6,4,5286728,1,13,52818,19,1,35,8,802,4,412,10,101,55,5506,0,0,33298,64,"Atlanta-Sandy Springs-Roswell, GA","Social and human service assistants"
"10410581",3645,0,2022,2018,202203,5048031,23,87.1,0,54277,2,22,87679,20,2,34,1,100,0,0,6,63,0,0,0,0,25719,38,"Not in identifiable area","Medical assistants"
"8640112",2040,27140,2022,2018,202203,3497723,9,2674.3,5,567122,1,13,143794,9,1,57,1,100,0,0,11,115,62,6203,0,0,143794,52,"Jackson, MS","Clergy"
"10369861",3640,31080,2022,2019,202203,597375,9,10839.3,1,12828837,2,22,36858,9,2,52,4,410,0,0,8,81,0,0,0,0,26868,38,"Los Angeles-Long Beach-Anaheim, CA","Dental assistants"
"13421486",5740,41860,2022,2021,202203,836473,16,33959,1,4335391,2,22,108091,9,2,32,6,671,0,0,11,114,40,4001,0,0,64855,61,"San Francisco-Oakland-Hayward, CA","Secretaries and administrative assistants, except legal, medical, and executive"
"6457813",10,41940,2022,2020,202203,701299,27,8476.3,4,1836911,1,13,435126,30,1,52,1,100,0,0,11,116,50,5007,0,0,283285,68,"San Jose-Sunnyvale-Santa Clara, CA","Chief executives and legislators"
"6543202",20,35620,2022,2022,202203,4007689,9,3650.3,2,19567410,1,13,110600,9,2,65,1,100,0,0,10,101,55,5506,0,0,77700,68,"New York-Newark-Jersey City, NY-NJ-PA","General and operations managers"
"12958697",5240,12060,2022,2018,202203,1801013,24,543.1,4,5286728,1,13,106618,17,2,27,1,100,0,0,10,101,62,6203,0,0,58453,44,"Atlanta-Sandy Springs-Roswell, GA","Customer service representatives"
"2473877",0,37980,2022,2022,202203,5508525,34,6455.2,2,5965343,1,12,260900,34,1,67,7,700,2,200,7,71,0,0,0,0,184300,0,"Philadelphia-Camden-Wilmington, PA-NJ-DE-MD","N/A (not applicable)"
"12511986",4850,40060,2022,2019,202203,6500368,11,204.2,5,1208101,1,13,160463,11,1,58,1,100,0,0,10,101,41,4101,0,0,137786,47,"Richmond, VA","Sales representatives, wholesale and manufacturing"
"7007138",310,31080,2022,2018,202203,455724,16,16251.7,1,12828837,2,22,52608,15,2,29,7,700,1,100,7,71,0,0,0,0,40917,68,"Los Angeles-Long Beach-Anaheim, CA","Food service managers"
"3051161",0,46520,2022,2020,202203,1990557,7,5252.7,1,953207,2,22,101983,3,2,3,8,826,1,100,1,11,0,0,0,0,9999999,0,"Urban Honolulu, HI","N/A (not applicable)"
"9355946",2545,31080,2022,2020,202203,704855,56,8404.8,1,12828837,1,13,99716,56,2,55,8,826,1,100,6,63,0,0,0,0,23116,65,"Los Angeles-Long Beach-Anaheim, CA","Teaching assistants"
"1485561",0,0,2022,2020,202203,2392212,8,331.1,0,56461,2,22,21983,8,1,55,1,100,0,0,4,40,0,0,0,0,10991,0,"Not in identifiable area","N/A (not applicable)"
"4114753",0,16740,2022,2018,202203,5556624,47,1114.3,6,2217012,2,22,10522,52,1,8,2,200,0,0,1,14,0,0,0,0,9999999,0,"Charlotte-Concord-Gastonia, NC-SC","N/A (not applicable)"
"8223882",1320,0,2022,2018,202203,2481608,15,1063,0,257940,1,13,308632,15,1,60,1,100,0,0,10,101,24,2408,0,0,128597,87,"Not in identifiable area","Aerospace engineers"
"8099680",1050,35620,2022,2018,202203,4093781,10,3912.9,2,19567410,1,13,79964,11,1,78,1,100,0,0,10,101,55,5502,0,0,39982,65,"New York-Newark-Jersey City, NY-NJ-PA","Computer support specialists"
"10331495",3603,49340,2022,2019,202203,3017850,25,6238.6,5,916980,1,12,130897,18,2,57,2,200,0,0,6,65,0,0,0,0,41336,13,"Worcester, MA-CT","Nursing assistants"
"677233",0,0,2022,2022,202203,1683667,27,3696.7,0,367413,2,22,16900,27,2,49,2,200,0,0,5,50,0,0,0,0,16900,0,"Not in identifiable area","N/A (not applicable)"
"11044629",4110,40380,2022,2020,202203,4284774,2,1503.6,6,1079671,1,12,85552,6,2,24,1,100,0,0,7,71,0,0,0,0,1700,16,"Rochester, NY","Waiters and waitresses"
"9481901",2710,31080,2022,2019,202203,625418,14,7985.8,1,12828837,1,12,275572,14,1,49,1,100,0,0,7,71,0,0,0,0,0,68,"Los Angeles-Long Beach-Anaheim, CA","Producers and directors"
"15176221",9130,47260,2022,2018,202203,6465369,11,5420.5,5,1676822,1,13,107554,11,1,67,1,100,0,0,6,65,0,0,0,0,88849,15,"Virginia Beach-Norfolk-Newport News, VA-NC","Driver/sales workers and truck drivers"
"4519121",0,17820,2022,2019,202203,1127329,26,2442.5,1,645613,1,13,86116,21,2,3,7,700,1,100,0,2,0,0,0,0,9999999,0,"Colorado Springs, CO","N/A (not applicable)"
"3272341",0,26420,2022,2022,202203,6245740,11,448.6,3,5920416,0,0,9999999,11,1,37,2,200,0,0,8,81,0,0,0,0,0,0,"Houston-The Woodlands-Sugar Land, TX","N/A (not applicable)"
"10391012",3645,47900,2022,2020,202203,2916209,18,1981.7,5,5636232,1,13,211784,32,2,24,2,200,0,0,11,114,54,5401,0,0,10085,38,"Washington-Arlington-Alexandria, DC-VA-MD-WV","Medical assistants"
"11298038",4220,12060,2022,2022,202203,1954544,7,3009.1,4,5286728,2,22,80600,7,2,41,7,700,4,416,0,2,0,0,0,0,25000,9,"Atlanta-Sandy Springs-Roswell, GA","Janitors and building cleaners"
"13916219",6260,0,2022,2018,202203,1790510,27,238,0,118355,1,13,105449,25,1,18,1,100,4,416,6,63,0,0,0,0,3507,8,"Not in identifiable area","Construction laborers"
"10676280",4010,26420,2022,2020,202203,6090356,107,3457.2,3,5920416,1,12,167705,73,2,40,8,833,0,0,6,65,0,0,0,0,35127,68,"Houston-The Woodlands-Sugar Land, TX","First-line supervisors of food preparation and serving workers"
"5550312",0,39300,2022,2021,202203,5532250,13,3926.5,4,1600852,1,13,30157,13,1,55,1,100,0,0,6,64,0,0,0,0,0,0,"Providence-Warwick, RI-MA","N/A (not applicable)"
"9546526",2830,41860,2022,2019,202203,529643,12,6198.5,1,4335391,1,13,208401,10,1,67,1,100,0,0,10,101,33,3302,0,0,152713,82,"San Francisco-Oakland-Hayward, CA","Editors"
"11442948",4251,0,2022,2020,202203,4880510,8,117,0,33987,1,13,71841,6,2,16,1,100,0,0,4,40,0,0,0,0,2266,11,"Not in identifiable area","Landscaping and groundskeeping workers"
"9944107",3255,23580,2022,2018,202203,1811809,16,636.9,1,179684,1,13,274729,17,2,53,1,100,0,0,6,63,0,0,0,0,60791,46,"Gainesville, GA","Registered nurses"
"10088936",3430,38300,2022,2021,202203,5424942,16,460.9,5,2356285,1,13,163218,17,2,38,1,100,0,0,8,81,0,0,0,0,38913,48,"Pittsburgh, PA","Dietetic technicians and ophthalmic medical technicians"
"10178762",3601,40900,2022,2019,202203,606262,13,4260.1,1,2149127,1,13,313463,17,2,63,2,200,0,0,6,65,0,0,0,0,17223,13,"Sacramento--Roseville--Arden-Arcade, CA","Home health aides"
"5722385",0,27740,2022,2022,202203,5804805,16,875.5,5,198716,2,22,20000,16,1,70,1,100,0,0,6,63,0,0,0,0,20000,0,"Johnson City, TN","N/A (not applicable)"
"4925008",0,35620,2022,2018,202203,4124959,16,2793.2,2,19567410,1,12,91187,16,1,71,1,100,0,0,10,101,62,6206,0,0,60791,0,"New York-Newark-Jersey City, NY-NJ-PA","N/A (not applicable)"
"1259496",0,28140,2022,2018,202203,2557825,20,2277.3,5,2009342,1,13,167772,18,2,72,1,100,0,0,10,101,62,6200,0,0,40800,0,"Kansas City, MO-KS","N/A (not applicable)"
"13597459",5860,16860,2022,2021,202203,1925196,14,307.8,6,337879,1,12,16279,14,2,51,1,100,0,0,8,81,0,0,0,0,16279,44,"Chattanooga, TN-GA","Office clerks, general"
"1438174",0,0,2022,2020,202203,6701991,8,237.8,0,55220,1,12,11309,8,2,66,1,100,0,0,8,81,0,0,0,0,11309,0,"Not in identifiable area","N/A (not applicable)"
"5068501",0,42660,2022,2019,202203,6681749,13,3843.3,1,3439809,1,13,121711,14,2,30,1,100,1,100,6,63,0,0,0,0,0,0,"Seattle-Tacoma-Bellevue, WA","N/A (not applicable)"
"3297603",0,35380,2022,2020,202203,2760065,12,6437.5,1,1189866,0,0,9999999,12,1,19,1,100,0,0,6,65,0,0,0,0,0,0,"New Orleans-Metairie, LA","N/A (not applicable)"
"3551789",0,16980,2022,2019,202203,2123354,14,4155.9,2,9461105,1,13,134341,19,2,2,1,100,0,0,0,1,0,0,0,0,9999999,0,"Chicago-Naperville-Elgin, IL-IN-WI","N/A (not applicable)"
"15378412",9620,31140,2022,2020,202203,2673984,8,275,3,1235708,2,22,11331,7,2,43,1,100,0,0,6,63,0,0,0,0,11331,8,"Louisville/Jefferson County, KY-IN","Laborers and freight, stock, and material movers, hand"
"3530065",0,47900,2022,2018,202203,2873086,13,342.7,5,5636232,1,13,175359,14,1,2,1,100,0,0,0,1,0,0,0,0,9999999,0,"Washington-Arlington-Alexandria, DC-VA-MD-WV","N/A (not applicable)"
"12282772",4760,46060,2022,2022,202203,247525,14,3593,3,980263,1,12,94000,26,1,40,1,100,0,0,7,71,0,0,0,0,9000,47,"Tucson, AZ","Retail salespersons"
"3899931",0,19740,2022,2022,202203,1197926,11,5237.1,4,2543482,1,13,128000,32,2,5,8,801,0,0,1,11,0,0,0,0,9999999,0,"Denver-Aurora-Lakewood, CO","N/A (not applicable)"
"14058673",6441,0,2022,2021,202203,2527793,3,76.8,0,23479,1,13,91878,3,1,57,1,100,0,0,5,50,0,0,0,0,54046,34,"Not in identifiable area","Pipelayers"
"6471285",10,0,2022,2020,202203,1144489,70,47,0,38260,1,13,557505,70,1,40,1,100,0,0,11,114,41,4101,0,0,556372,68,"Not in identifiable area","Chief executives and legislators"
"3220221",0,42660,2022,2018,202203,6640647,14,473.8,1,3439809,1,13,61142,13,2,45,1,100,0,0,6,65,0,0,0,0,7014,0,"Seattle-Tacoma-Bellevue, WA","N/A (not applicable)"
"12172571",4760,10580,2022,2019,202203,4195107,17,1146.8,4,870716,1,12,81638,20,1,62,1,100,0,0,7,71,0,0,0,0,59822,47,"Albany-Schenectady-Troy, NY","Retail salespersons"
"2253262",0,0,2022,2020,202203,2022669,42,34.7,0,35454,1,13,370310,74,1,6,1,100,0,0,1,15,0,0,0,0,9999999,0,"Not in identifiable area","N/A (not applicable)"
"15436955",9620,19100,2022,2021,202203,6165262,14,4768.2,3,6426214,1,13,65828,14,1,40,2,200,0,0,7,71,0,0,0,0,41075,8,"Dallas-Fort Worth-Arlington, TX","Laborers and freight, stock, and material movers, hand"
"8688526",2100,39580,2022,2021,202203,4692346,12,1212.7,5,1130490,1,12,257257,11,2,56,1,100,0,0,10,101,62,6206,0,0,95120,93,"Raleigh, NC","Lawyers, and judges, magistrates, and other judicial workers"
"2446465",0,12580,2022,2020,202203,2906548,7,6195,3,2710489,1,12,33088,6,2,94,1,100,0,0,6,65,0,0,0,0,33088,0,"Baltimore-Columbia-Towson, MD","N/A (not applicable)"
"5333940",0,41620,2022,2021,202203,6397351,15,4346.9,4,1087873,1,13,91878,26,2,2,1,100,1,100,0,1,0,0,0,0,9999999,0,"Salt Lake City, UT","N/A (not applicable)"
"3978207",0,37980,2022,2018,202203,3890999,11,1955.2,2,5965343,1,13,125089,17,1,3,1,100,1,100,0,2,0,0,0,0,9999999,0,"Philadelphia-Camden-Wilmington, PA-NJ-DE-MD","N/A (not applicable)"
"415747",0,0,2022,2022,202203,2270545,12,405.7,0,439548,1,13,75000,10,1,0,1,100,0,0,0,1,0,0,0,0,9999999,0,"Not in identifiable area","N/A (not applicable)"
"14423754",7640,35620,2022,2021,202203,4399771,13,2515,2,19567410,1,13,133601,13,1,57,1,100,0,0,8,81,0,0,0,0,119981,27,"New York-Newark-Jersey City, NY-NJ-PA","Other installation, maintenance, and repair workers"
"3816239",0,29180,2022,2019,202203,2757088,28,175.7,6,466750,1,13,103340,20,2,37,1,100,0,0,6,63,0,0,0,0,0,0,"Lafayette, LA","N/A (not applicable)"
"5203401",0,38060,2022,2021,202203,236341,17,1164.6,2,4192887,2,22,49506,18,2,79,1,100,0,0,6,63,0,0,0,0,15565,0,"Phoenix-Mesa-Scottsdale, AZ","N/A (not applicable)"
"8717754",2100,35620,2022,2021,202203,4394850,19,9458.8,2,19567410,1,13,156408,26,2,36,1,100,0,0,11,115,33,3301,0,0,108091,93,"New York-Newark-Jersey City, NY-NJ-PA","Lawyers, and judges, magistrates, and other judicial workers"
"135754",0,43340,2022,2020,202203,2764910,3,1021.7,5,439811,1,12,73767,6,1,61,1,100,0,0,6,63,0,0,0,0,21303,0,"Shreveport-Bossier City, LA","N/A (not applicable)"
"15168349",9130,0,2022,2022,202203,3822062,12,457.5,0,54364,1,13,57300,13,1,66,1,100,0,0,6,63,0,0,0,0,32000,15,"Not in identifiable area","Driver/sales workers and truck drivers"
"10714100",4020,41860,2022,2021,202203,874676,16,25284.5,1,4335391,1,13,132952,13,1,76,4,400,0,0,10,101,50,5007,50,5003,55127,15,"San Francisco-Oakland-Hayward, CA","Cooks"
"648169",0,0,2022,2019,202203,2372462,3,344.9,0,49519,1,12,26294,3,2,8,1,100,0,0,1,15,0,0,0,0,9999999,0,"Not in identifiable area","N/A (not applicable)"
"13522480",5860,40140,2022,2021,202203,831742,8,1272.1,1,4224851,1,13,149414,6,1,59,7,700,4,416,4,40,0,0,0,0,70259,44,"Riverside-San Bernardino-Ontario, CA","Office clerks, general"
"6271878",0,40140,2022,2021,202203,801501,11,80.5,1,4224851,1,13,56748,11,2,9,7,700,1,100,1,16,0,0,0,0,9999999,0,"Riverside-San Bernardino-Ontario, CA","N/A (not applicable)"
"15218583",9142,35620,2022,2021,202203,4393059,36,47180.2,2,19567410,2,22,34589,35,1,54,6,610,0,0,6,63,0,0,0,0,34589,10,"New York-Newark-Jersey City, NY-NJ-PA","Taxi drivers"
"12774740",5120,14460,2022,2021,202203,3846375,30,688.2,4,4552402,1,13,133709,31,2,45,1,100,0,0,8,81,0,0,0,0,0,51,"Boston-Cambridge-Newton, MA-NH","Bookkeeping, accounting, and auditing clerks"
"12264003",4760,40380,2022,2018,202203,4162163,43,249.5,6,1079671,1,13,204001,35,1,18,1,100,0,0,6,63,0,0,0,0,585,47,"Rochester, NY","Retail salespersons"
"5812748",0,38860,2022,2018,202203,2818620,27,192.3,1,514098,1,12,81250,24,2,67,1,100,0,0,2,26,0,0,0,0,7014,0,"Portland-South Portland, ME","N/A (not applicable)"
"11642055",4600,45300,2022,2021,202203,1636782,24,4168.5,1,2783243,1,13,120522,30,2,47,1,100,0,0,6,64,0,0,0,0,39453,26,"Tampa-St. Petersburg-Clearwater, FL","Childcare workers"
"10220677",3602,40140,2022,2022,202203,1000088,13,6036,1,4224851,1,12,25700,12,1,61,1,100,0,0,10,101,62,6207,55,5501,14100,13,"Riverside-San Bernardino-Ontario, CA","Personal care aides"
"1939175",0,0,2022,2021,202203,1888917,1,71.7,0,22264,0,0,9999999,1,2,92,1,100,0,0,6,64,0,0,0,0,0,0,"Not in identifiable area","N/A (not applicable)"
"118667",0,0,2022,2020,202203,56197,39,129.3,0,60998,1,13,181303,110,2,12,1,100,0,0,2,23,0,0,0,0,9999999,0,"Not in identifiable area","N/A (not applicable)"
"3007156",0,33460,2022,2019,202203,3394628,12,3901.8,5,3348859,1,12,166836,12,1,74,1,100,0,0,10,101,54,5404,0,0,166836,0,"Minneapolis-St. Paul-Bloomington, MN-WI","N/A (not applicable)"
"535270",0,0,2022,2018,202203,2321123,27,344.9,0,49519,0,0,9999999,27,2,83,1,100,0,0,6,63,0,0,0,0,18004,0,"Not in identifiable area","N/A (not applicable)"
"10283241",3603,19100,2022,2019,202203,6015113,27,8080.7,3,6426214,2,22,51899,35,2,65,2,200,0,0,7,71,0,0,0,0,49373,13,"Dallas-Fort Worth-Arlington, TX","Nursing assistants"
"11937143",4710,0,2022,2019,202203,3402460,4,73.5,0,45982,1,13,158913,5,2,53,1,100,0,0,6,63,0,0,0,0,32150,68,"Not in identifiable area","First-line supervisors of non-retail sales workers"
"2558709",0,0,2022,2019,202203,3609398,44,118.7,0,22773,2,22,58559,34,2,16,1,100,0,0,3,30,0,0,0,0,0,0,"Not in identifiable area","N/A (not applicable)"
"9958329",3255,0,2022,2021,202203,5426842,33,428.4,0,215615,1,12,176189,33,2,54,1,100,0,0,8,81,0,0,0,0,95120,46,"Not in identifiable area","Registered nurses"
"7858370",850,17780,2022,2022,202203,6301905,21,4675.6,6,228660,1,13,93500,21,1,50,1,100,0,0,10,101,23,2399,0,0,50000,73,"College Station-Bryan, TX","Personal financial advisors"
"12917320",5240,16700,2022,2020,202203,5599220,64,1030.2,1,664607,1,13,66969,12,1,43,8,802,0,0,6,63,0,0,0,0,35127,44,"Charleston-North Charleston, SC","Customer service representatives"
"5515900",0,41420,2022,2022,202203,5202952,10,3511.1,6,390738,1,12,55420,9,1,78,1,100,0,0,11,114,13,1302,0,0,55420,0,"Salem, OR","N/A (not applicable)"
"13263264",5610,37860,2022,2018,202203,1405363,35,466.2,1,448991,1,12,287028,36,2,48,1,100,0,0,8,81,0,0,0,0,900,22,"Pensacola-Ferry Pass-Brent, FL","Shipping, receiving, and inventory clerks"
"11322108",4230,0,2022,2022,202203,2796184,2,84.1,0,43744,1,12,0,2,2,33,8,826,0,0,6,63,0,0,0,0,0,10,"Not in identifiable area","Maids and housekeeping cleaners"
"13172326",5510,41860,2022,2022,202203,1019359,30,6930.2,1,4335312,2,22,55000,30,1,45,7,700,4,423,8,81,0,0,0,0,30000,28,"San Francisco-Oakland-Hayward, CA","Couriers and messengers"
"5503954",0,41180,2022,2018,202203,3576630,26,1601.6,5,2787701,1,12,15665,26,1,75,1,100,0,0,6,65,0,0,0,0,3390,0,"St. Louis, MO-IL","N/A (not applicable)"
"7242941",440,33860,2022,2019,202203,29463,15,168.9,1,374536,1,13,57411,12,2,46,1,100,0,0,6,64,0,0,0,0,36743,68,"Montgomery, AL","Other managers"
"13741957",6200,0,2022,2020,202203,3709778,152,118.1,0,59433,1,13,152407,151,1,44,1,100,0,0,7,71,0,0,0,0,51671,68,"Not in identifiable area","First-line supervisors of construction trades and extraction workers"
"12983552",5240,0,2022,2021,202203,1916303,3,98.8,0,58192,2,22,66260,7,2,20,1,100,0,0,7,71,0,0,0,0,27347,44,"Not in identifiable area","Customer service representatives"
"9154988",2320,40140,2022,2021,202203,768710,2,1670.8,1,4224851,0,0,9999999,2,1,27,8,826,1,100,11,114,52,5200,0,0,5188,72,"Riverside-San Bernardino-Ontario, CA","Secondary school teachers"
"8691271",2100,35620,2022,2021,202203,4376699,11,49267.4,2,19567410,2,22,435824,11,1,32,1,100,0,0,11,115,50,5001,48,4801,369888,93,"New York-Newark-Jersey City, NY-NJ-PA","Lawyers, and judges, magistrates, and other judicial workers"
"13220770",5550,33460,2022,2018,202203,3380437,40,1081,5,3348859,1,13,213003,40,2,54,1,100,0,0,6,63,0,0,0,0,56115,53,"Minneapolis-St. Paul-Bloomington, MN-WI","Postal service mail carriers"
"6816101",205,19100,2022,2022,202203,6291497,9,3640.7,3,6426214,1,12,318000,9,1,34,1,100,0,0,6,63,0,0,0,0,300000,14,"Dallas-Fort Worth-Arlington, TX","Farmers, ranchers, and other agricultural managers"
"15460969",9620,14460,2022,2021,202203,3093072,7,4020.9,4,4552402,1,13,83230,13,1,46,8,826,2,200,6,63,0,0,0,0,45398,8,"Boston-Cambridge-Newton, MA-NH","Laborers and freight, stock, and material movers, hand"
"14606824",8030,0,2022,2020,202203,4875732,7,117,0,33987,0,0,9999999,7,1,35,1,100,0,0,7,71,0,0,0,0,168838,33,"Not in identifiable area","Machinists"
"8459425",1825,0,2022,2021,202203,4373299,2,151.3,0,56590,1,13,242665,4,2,74,1,100,0,0,11,116,15,1501,0,0,97714,81,"Not in identifiable area","Other psychologists"
"10760228",4020,14460,2022,2018,202203,2981952,25,19377.3,4,4552402,2,22,42086,13,2,34,1,100,1,100,3,30,0,0,0,0,0,15,"Boston-Cambridge-Newton, MA-NH","Cooks"
"3297171",0,0,2022,2018,202203,5688233,37,115,0,43657,1,13,169514,25,2,11,2,200,0,0,2,22,0,0,0,0,9999999,0,"Not in identifiable area","N/A (not applicable)"
"9691443",3090,31700,2022,2018,202203,3829439,15,290.9,6,400721,1,13,190557,15,1,54,1,100,0,0,11,116,50,5098,0,0,140287,92,"Manchester-Nashua, NH","Physicians"
"2691951",0,38060,2022,2020,202203,191806,13,2815.4,2,4192887,1,13,72974,13,1,33,7,700,1,100,6,64,0,0,0,0,0,0,"Phoenix-Mesa-Scottsdale, AZ","N/A (not applicable)"
"5653721",0,41740,2022,2021,202203,791897,12,3205.1,1,3095313,1,13,177161,12,1,71,8,802,0,0,11,114,62,6203,0,0,59342,0,"San Diego-Carlsbad, CA","N/A (not applicable)"
"14763084",8710,26420,2022,2021,202203,6172326,112,878.4,3,5920416,2,22,90580,112,1,51,1,100,0,0,6,63,0,0,0,0,25942,18,"Houston-The Woodlands-Sugar Land, TX","Cutting workers"
"2604354",0,26900,2022,2019,202203,2361140,24,685.6,1,1887877,1,13,157765,39,1,12,1,100,1,100,2,23,0,0,0,0,9999999,0,"Indianapolis-Carmel-Anderson, IN","N/A (not applicable)"
"9679188",3090,25420,2022,2020,202203,5368061,39,304.3,1,549475,2,22,83852,26,2,34,1,100,0,0,11,115,36,3600,52,5200,64589,92,"Harrisburg-Carlisle, PA","Physicians"
"4389097",0,36420,2022,2022,202203,5103584,4,107.2,5,499781,2,22,58100,4,2,13,3,310,0,0,2,22,0,0,0,0,9999999,0,"Oklahoma City, OK","N/A (not applicable)"
"9894286",3255,0,2022,2022,202203,3763402,9,95,0,25496,1,13,111300,7,2,53,1,100,0,0,8,81,0,0,0,0,42300,46,"Not in identifiable area","Registered nurses"
"10687462",4020,0,2022,2020,202203,3840582,13,129.7,0,64560,2,22,65722,20,2,44,1,100,0,0,6,63,0,0,0,0,65722,15,"Not in identifiable area","Cooks"
"8202564",1305,47900,2022,2020,202203,2910841,29,1056.2,5,5636232,1,13,198980,29,1,74,2,200,0,0,10,101,24,2407,21,2100,198980,90,"Washington-Arlington-Alexandria, DC-VA-MD-WV","Architects, except landscape and naval"
"13033185",5310,0,2022,2022,202203,4077553,28,55.6,0,29109,1,12,20,29,1,64,1,100,0,0,6,64,0,0,0,0,20,44,"Not in identifiable area","Interviewers, except eligibility and loan"
"342134",0,0,2022,2022,202203,3328049,5,200.6,0,107491,1,13,0,4,1,76,1,100,0,0,11,115,61,6199,0,0,0,0,"Not in identifiable area","N/A (not applicable)"
"7574750",705,31140,2022,2021,202203,2682521,13,3783.8,3,1235708,1,13,113496,14,2,41,1,100,0,0,6,65,0,0,0,0,97282,68,"Louisville/Jefferson County, KY-IN","Project management specialists"
"12681727",5000,0,2022,2020,202203,5372333,1,106.7,0,455339,1,12,93144,1,2,62,1,100,0,0,8,81,0,0,0,0,0,68,"Not in identifiable area","First-line supervisors of office and administrative support workers"
"1923981",0,11460,2022,2022,202203,3326306,15,2339.5,1,344791,1,12,83900,16,1,81,1,100,0,0,11,115,37,3700,0,0,75000,0,"Ann Arbor, MI","N/A (not applicable)"
"258567",0,0,2022,2019,202203,6493155,12,95.8,0,54567,1,13,171658,12,2,70,1,100,0,0,11,114,62,6209,0,0,59133,0,"Not in identifiable area","N/A (not applicable)"
"6115794",0,33460,2022,2018,202203,3372385,34,2961.2,5,3348859,1,12,63012,34,1,72,1,100,0,0,10,101,55,5502,0,0,25836,0,"Minneapolis-St. Paul-Bloomington, MN-WI","N/A (not applicable)"
"9995290",3300,30780,2022,2020,202203,306087,9,324.2,4,699757,1,13,39093,6,2,28,1,100,0,0,7,71,0,0,0,0,30595,48,"Little Rock-North Little Rock-Conway, AR","Clinical laboratory technologists and technicians"
"2363889",0,0,2022,2018,202203,5693059,10,196.8,0,97131,1,12,24200,31,1,56,1,100,0,0,6,64,0,0,0,0,0,0,"Not in identifiable area","N/A (not applicable)"
"12766249",5120,0,2022,2019,202203,6801083,11,49.3,0,15330,2,22,67745,12,2,48,1,100,0,0,7,71,0,0,0,0,26409,51,"Not in identifiable area","Bookkeeping, accounting, and auditing clerks"
"13315203",5730,23420,2022,2022,202203,972781,17,4845.8,1,930450,1,13,50900,13,2,56,8,826,1,100,6,63,0,0,0,0,41000,61,"Fresno, CA","Medical secretaries and administrative assistants"
"10028508",3323,32820,2022,2019,202203,5714310,63,748.2,6,1324829,1,13,127911,90,1,59,1,100,0,0,6,63,0,0,0,0,39039,48,"Memphis, TN-MS-AR","Radiologic technologists and technicians"
"13563529",5860,11700,2022,2022,202203,4711366,145,380.2,6,424858,2,22,125000,145,2,36,1,100,0,0,8,81,0,0,0,0,35000,44,"Asheville, NC","Office clerks, general"
"11975875",4720,0,2022,2021,202203,1614768,15,164.3,0,158789,2,22,1189,15,2,65,1,100,0,0,6,61,0,0,0,0,1189,44,"Not in identifiable area","Cashiers"
"1012542",0,0,2022,2018,202203,5916171,3,182,0,76999,1,12,42320,4,2,80,1,100,0,0,6,65,0,0,0,0,42320,0,"Not in identifiable area","N/A (not applicable)"
"13487972",5810,33340,2022,2021,202203,6928536,21,1330.1,1,1555908,1,13,97066,21,2,55,1,100,0,0,10,101,33,3301,0,0,0,45,"Milwaukee-Waukesha-West Allis, WI","Data entry keyers"
"3568726",0,0,2022,2022,202203,6945332,20,1005.2,0,225666,1,13,131900,17,2,15,1,100,0,0,3,30,0,0,0,0,1200,0,"Not in identifiable area","N/A (not applicable)"
"8844111",2205,14460,2022,2018,202203,2994642,11,28710.4,4,4552402,1,12,805950,11,1,75,1,100,0,0,11,116,33,3301,0,0,223290,84,"Boston-Cambridge-Newton, MA-NH","Postsecondary teachers"
"5518850",0,37980,2022,2019,202203,5325378,13,2844.6,2,5965343,1,12,229414,13,1,75,1,100,0,0,10,101,62,6206,0,0,56722,0,"Philadelphia-Camden-Wilmington, PA-NJ-DE-MD","N/A (not applicable)"
"7838833",850,16980,2022,2021,202203,2261709,13,1572.3,2,9461105,1,13,319193,13,1,60,1,100,0,0,10,101,55,5501,0,0,124629,73,"Chicago-Naperville-Elgin, IL-IN-WI","Personal financial advisors"
"12851084",5240,16980,2022,2022,202203,2292441,38,3137.6,3,9461105,1,12,188200,30,1,71,1,100,0,0,6,63,0,0,0,0,49200,44,"Chicago-Naperville-Elgin, IL-IN-WI","Customer service representatives"
"14504986",7750,0,2022,2021,202203,1598994,23,164.3,0,158789,1,12,179648,34,1,43,1,100,0,0,6,63,0,0,0,0,25401,18,"Not in identifiable area","Other assemblers and fabricators"
"4225451",0,35620,2022,2022,202203,4438272,33,6827.2,2,19567410,2,22,14000,36,1,59,8,826,4,460,6,63,0,0,0,0,0,0,"New York-Newark-Jersey City, NY-NJ-PA","N/A (not applicable)"
"13446549",5740,35300,2022,2022,202203,1284292,4,2586.8,6,862477,2,22,42000,4,1,26,1,100,0,0,10,101,60,6099,0,0,4000,61,"New Haven-Milford, CT","Secretaries and administrative assistants, except legal, medical, and executive"
"11820966",4700,15380,2022,2022,202203,4467460,12,7451.7,1,1135509,1,13,101700,12,1,47,6,664,0,0,6,64,0,0,0,0,25500,68,"Buffalo-Cheektowaga-Niagara Falls, NY","First-line supervisors of retail sales workers"
"4514255",0,45780,2022,2021,202203,4963307,9,468.5,5,212132,2,22,67557,10,2,81,1,100,0,0,10,101,33,3301,0,0,67557,0,"Toledo, OH","N/A (not applicable)"
"4748453",0,16580,2022,2018,202203,2065301,17,1278.4,6,231891,1,13,75989,15,1,12,1,100,0,0,2,23,0,0,0,0,9999999,0,"Champaign-Urbana, IL","N/A (not applicable)"
"4126650",0,19820,2022,2018,202203,3172404,30,730.4,4,4296250,1,12,362409,31,1,15,1,100,0,0,4,40,0,0,0,0,0,0,"Detroit-Warren-Dearborn, MI","N/A (not applicable)"
"1449668",0,0,2022,2019,202203,4055170,20,143.6,0,55312,1,13,190317,17,1,19,1,100,1,100,7,71,0,0,0,0,0,0,"Not in identifiable area","N/A (not applicable)"
"8978144",2310,31140,2022,2018,202203,2328298,14,812.8,3,1235708,1,13,115971,15,2,35,1,100,0,0,11,114,23,2300,0,0,49101,72,"Louisville/Jefferson County, KY-IN","Elementary and middle school teachers"
"3415224",0,40140,2022,2019,202203,584858,9,1348.2,1,4224851,1,13,78997,9,1,73,1,100,0,0,6,64,0,0,0,0,46388,0,"Riverside-San Bernardino-Ontario, CA","N/A (not applicable)"
"7125778",420,0,2022,2022,202203,4706860,5,274.8,0,279544,1,13,100000,4,2,60,1,100,0,0,7,71,0,0,0,0,67000,68,"Not in identifiable area","Social and community service managers"
"7448044",565,33100,2022,2022,202203,1736724,9,4026.4,2,5564635,1,13,298700,9,1,74,1,100,0,0,6,65,0,0,0,0,98700,63,"Miami-Fort Lauderdale-West Palm Beach, FL","Compliance officers"
"9965817",3256,33100,2022,2020,202203,1566116,230,17300.9,2,5564635,1,13,538242,230,1,42,8,826,4,423,11,114,61,6107,0,0,538242,46,"Miami-Fort Lauderdale-West Palm Beach, FL","Nurse anesthetists"
"13506861",5840,35620,2022,2019,202203,4231592,26,16269.6,2,19567410,1,13,154665,27,2,47,7,700,0,0,7,71,0,0,0,0,45929,44,"New York-Newark-Jersey City, NY-NJ-PA","Insurance claims and policy processing clerks"
"7330508",440,15540,2022,2021,202203,6431650,42,507.2,1,211261,1,13,118900,39,2,63,1,100,0,0,6,65,0,0,0,0,58369,68,"Burlington-South Burlington, VT","Other managers"
"6361565",0,46060,2022,2021,202203,219711,11,821.8,1,980263,1,13,200833,9,1,82,1,100,0,0,7,71,0,0,0,0,37075,0,"Tucson, AZ","N/A (not applicable)"
"7857758",850,0,2022,2020,202203,3423383,33,125.9,0,102019,1,13,108850,32,1,32,1,100,0,0,10,101,26,2603,0,0,51059,73,"Not in identifiable area","Personal financial advisors"
"15436250",9620,0,2022,2021,202203,327269,18,95.9,0,64389,2,22,23780,18,1,34,8,826,4,428,8,81,0,0,0,0,23780,8,"Not in identifiable area","Laborers and freight, stock, and material movers, hand"
"11057099",4110,0,2022,2019,202203,3584737,5,66.8,0,20606,0,0,9999999,5,2,18,1,100,0,0,6,65,0,0,0,0,11482,16,"Not in identifiable area","Waiters and waitresses"
"11548658",4510,0,2022,2019,202203,6866288,19,341.6,0,102228,1,13,81064,20,2,53,1,100,0,0,6,63,0,0,0,0,25261,17,"Not in identifiable area","Hairdressers, hairstylists, and cosmetologists"
"13189357",5521,47900,2022,2021,202203,2929421,39,3555,5,5636232,1,13,25942,39,2,33,2,200,0,0,10,101,55,5501,0,0,25942,40,"Washington-Arlington-Alexandria, DC-VA-MD-WV","Public safety telecommunicators"
"1431594",0,17140,2022,2020,202203,4886027,88,178.1,4,2114580,1,13,52464,87,1,73,1,100,0,0,6,63,0,0,0,0,52464,0,"Cincinnati, OH-KY-IN","N/A (not applicable)"
"7398873",510,26900,2022,2020,202203,2391127,1,347.7,1,1887877,1,13,79886,1,1,34,1,100,0,0,6,63,0,0,0,0,52691,33,"Indianapolis-Carmel-Anderson, IN","Buyers and purchasing agents, farm products"
"4569396",0,19660,2022,2020,202203,1569674,58,1094.3,1,590289,1,13,139376,49,1,11,1,100,0,0,1,17,0,0,0,0,9999999,0,"Deltona-Daytona Beach-Ormond Beach, FL","N/A (not applicable)"
"15503364",9640,0,2022,2021,202203,4930632,61,165.3,0,39753,1,13,273287,51,1,27,1,100,0,0,6,63,0,0,0,0,38589,18,"Not in identifiable area","Packers and packagers, hand"
"6988021",310,47900,2022,2021,202203,6547416,52,134.6,5,1234820,1,13,82582,52,1,56,8,818,0,0,10,101,62,6200,0,0,74583,68,"Washington-Arlington-Alexandria, DC-VA-MD-WV","Food service managers"
"10102503",3500,31340,2022,2018,202203,6469400,24,126.7,1,252634,2,22,158992,23,2,37,1,100,0,0,10,101,61,6107,0,0,158992,22,"Lynchburg, VA","Licensed practical and licensed vocational nurses"
"5395885",0,45300,2022,2022,202203,1671155,3,3660.1,1,2783243,0,0,9999999,3,2,91,1,100,0,0,6,63,0,0,0,0,1600,0,"Tampa-St. Petersburg-Clearwater, FL","N/A (not applicable)"
"12863529",5240,17900,2022,2018,202203,5555441,11,786.7,1,767598,1,13,53660,13,2,34,2,200,0,0,6,63,0,0,0,0,33786,44,"Columbia, SC","Customer service representatives"
"5359678",0,38900,2022,2020,202203,5156836,2,473.8,5,1049995,0,0,9999999,2,1,33,1,100,0,0,6,61,0,0,0,0,15717,0,"Portland-Vancouver-Hillsboro, OR-WA","N/A (not applicable)"
"2208478",0,19740,2022,2018,202203,1094470,18,653.6,4,2543482,2,22,33903,20,2,11,1,100,0,0,2,22,0,0,0,0,9999999,0,"Denver-Aurora-Lakewood, CO","N/A (not applicable)"
"2268368",0,31080,2022,2022,202203,1078943,11,8504.5,1,12828837,1,13,122000,14,2,80,8,826,1,100,6,63,0,0,0,0,16100,0,"Los Angeles-Long Beach-Anaheim, CA","N/A (not applicable)"
"6721417",120,26900,2022,2019,202203,2364163,44,965.6,1,1887877,1,13,240207,44,2,37,1,100,0,0,10,101,62,6203,0,0,177744,68,"Indianapolis-Carmel-Anderson, IN","Financial managers"
"87656",0,0,2022,2020,202203,6892181,1,64.1,0,86520,1,12,38300,1,2,77,1,100,0,0,10,101,23,2300,0,0,38300,0,"Not in identifiable area","N/A (not applicable)"
"9847494",3255,41540,2022,2022,202203,2970634,12,440.6,1,373802,1,13,107600,13,2,43,1,100,0,0,11,114,33,3301,0,0,70000,46,"Salisbury, MD-DE","Registered nurses"
"235628",0,38060,2022,2020,202203,209556,35,5230.9,2,4192887,2,22,10765,95,2,3,2,200,1,100,1,11,0,0,0,0,9999999,0,"Phoenix-Mesa-Scottsdale, AZ","N/A (not applicable)"
"12965609",5240,36420,2022,2020,202203,5077889,276,3059.1,5,1252987,2,22,9632,276,2,46,2,200,0,0,8,81,0,0,0,0,9632,44,"Oklahoma City, OK","Customer service representatives"
"5231369",0,40140,2022,2019,202203,537847,53,4715.2,1,4224851,1,13,184404,33,1,16,2,200,0,0,4,40,0,0,0,0,0,0,"Riverside-San Bernardino-Ontario, CA","N/A (not applicable)"
"4653173",0,33740,2022,2018,202203,2736923,20,584.3,6,176441,2,22,19874,23,1,45,2,200,0,0,2,25,0,0,0,0,0,0,"Monroe, LA","N/A (not applicable)"
"9822833",3255,0,2022,2019,202203,2142633,38,1168.3,0,379186,1,13,312660,35,2,33,1,100,0,0,10,101,61,6107,0,0,59707,46,"Not in identifiable area","Registered nurses"
"6012097",0,40140,2022,2019,202203,528857,13,4715.2,1,4224851,1,13,58444,16,1,1,1,100,0,0,0,1,0,0,0,0,9999999,0,"Riverside-San Bernardino-Ontario, CA","N/A (not applicable)"
"10890582",4040,26420,2022,2019,202203,5974110,11,4559.3,3,5920416,1,12,25146,12,1,61,2,200,0,0,6,65,0,0,0,0,25146,19,"Houston-The Woodlands-Sugar Land, TX","Bartenders"
"9906426",3255,36260,2022,2021,202203,6398783,9,2078.4,5,597159,1,13,63774,8,2,42,1,100,0,0,10,101,61,6107,0,0,63774,46,"Ogden-Clearfield, UT","Registered nurses"
"9288630",2435,41620,2022,2020,202203,6393379,13,3381.6,4,1087873,1,13,318413,12,2,51,1,100,0,0,10,101,19,1901,0,0,74787,60,"Salt Lake City, UT","Librarians and media collections specialists"
"6018716",0,40140,2022,2022,202203,954739,32,1645.8,1,4224851,2,22,34000,43,1,8,1,100,0,0,1,14,0,0,0,0,9999999,0,"Riverside-San Bernardino-Ontario, CA","N/A (not applicable)"
"10805215",4020,15380,2022,2020,202203,4313690,5,2852.1,1,1135509,2,22,13938,6,1,74,5,500,0,0,1,11,0,0,0,0,13938,15,"Buffalo-Cheektowaga-Niagara Falls, NY","Cooks"
"1577069",0,17660,2022,2020,202203,2024795,4,667.4,4,138494,1,13,199773,4,1,60,1,100,0,0,4,40,0,0,0,0,29802,0,"Coeur d'Alene, ID","N/A (not applicable)"
"3773646",0,41940,2022,2019,202203,574028,53,8910.9,4,1836911,1,12,178226,47,1,14,6,675,0,0,3,30,0,0,0,0,9999999,0,"San Jose-Sunnyvale-Santa Clara, CA","N/A (not applicable)"
"12809354",5150,14460,2022,2018,202203,2985131,78,12878,4,4552402,1,13,348497,79,1,50,8,801,4,417,6,63,0,0,0,0,47931,44,"Boston-Cambridge-Newton, MA-NH","Procurement clerks"
"5483244",0,38060,2022,2019,202203,180233,50,5648.5,2,4192887,2,22,1263,49,1,42,1,100,0,0,7,71,0,0,0,0,1263,0,"Phoenix-Mesa-Scottsdale, AZ","N/A (not applicable)"
"5249513",0,40900,2022,2022,202203,1024597,14,483.7,1,2149127,1,12,70910,14,2,72,1,100,0,0,7,71,0,0,0,0,69510,0,"Sacramento--Roseville--Arden-Arcade, CA","N/A (not applicable)"
"7430168",540,0,2022,2021,202203,2213292,25,133.4,0,83584,1,12,155219,33,2,60,1,100,0,0,6,65,0,0,0,0,68097,66,"Not in identifiable area","Claims adjusters, appraisers, examiners, and investigators"
"66748",0,12580,2022,2022,202203,2966168,6,4273.6,3,2710489,2,22,36500,6,2,86,1,100,0,0,7,71,0,0,0,0,36500,0,"Baltimore-Columbia-Towson, MD","N/A (not applicable)"
"6043032",0,41860,2022,2019,202203,612987,18,3449.1,1,4335391,1,13,226199,17,2,62,7,700,4,426,7,71,0,0,0,0,34447,0,"San Francisco-Oakland-Hayward, CA","N/A (not applicable)"
"11055530",4110,47900,2022,2020,202203,1315409,3,10466.5,5,5636232,2,22,28895,3,1,64,2,200,0,0,2,25,0,0,0,0,28895,16,"Washington-Arlington-Alexandria, DC-VA-MD-WV","Waiters and waitresses"
"13175542",5510,47260,2022,2019,202203,6483976,4,5270.5,5,1676822,1,13,49167,11,2,42,8,813,2,200,8,81,0,0,0,0,11023,28,"Virginia Beach-Norfolk-Newport News, VA-NC","Couriers and messengers"
"1103309",0,40140,2022,2022,202203,996933,16,1527.1,1,4224851,1,12,103000,16,2,85,1,100,0,0,8,81,0,0,0,0,47300,0,"Riverside-San Bernardino-Ontario, CA","N/A (not applicable)"
"3071498",0,35620,2022,2021,202203,4369886,12,2290.9,2,19567410,1,13,140519,13,1,59,1,100,0,0,10,101,23,2304,0,0,0,0,"New York-Newark-Jersey City, NY-NJ-PA","N/A (not applicable)"
"4013117",0,42660,2022,2022,202203,6767351,26,4350.7,1,3439809,2,22,12100,27,2,83,6,600,0,0,2,23,0,0,0,0,12100,0,"Seattle-Tacoma-Bellevue, WA","N/A (not applicable)"
"2658368",0,13980,2022,2022,202203,6607310,6,395.9,1,178243,2,22,89000,9,1,7,7,700,4,413,0,2,0,0,0,0,9999999,0,"Blacksburg-Christiansburg-Radford, VA","N/A (not applicable)"
"6665039",120,46060,2022,2021,202203,239731,14,821.8,1,980263,1,12,98709,14,2,41,1,100,0,0,10,101,55,5501,37,3702,98687,68,"Tucson, AZ","Financial managers"
"12254732",4760,41860,2022,2022,202203,984404,16,2231.8,1,4335391,1,13,133500,22,1,26,8,826,4,498,7,71,0,0,0,0,16500,47,"San Francisco-Oakland-Hayward, CA","Retail salespersons"
"7920223",1006,26980,2022,2018,202203,2485733,76,924.8,6,152586,1,13,127428,76,2,35,1,100,0,0,8,81,0,0,0,0,66636,65,"Iowa City, IA","Computer systems analysts"
"1491468",0,0,2022,2019,202203,4183659,5,426.9,0,134905,1,13,90135,5,1,59,1,100,0,0,7,71,0,0,0,0,67745,0,"Not in identifiable area","N/A (not applicable)"
"7740412",800,37980,2022,2018,202203,5254888,32,1222.4,2,5965343,1,13,175394,33,2,60,1,100,0,0,11,114,62,6201,0,0,175394,78,"Philadelphia-Camden-Wilmington, PA-NJ-DE-MD","Accountants and auditors"
"10992167",4110,39580,2022,2018,202203,4546701,14,1212.7,5,1130490,1,13,158992,16,1,18,1,100,0,0,6,63,0,0,0,0,7014,16,"Raleigh, NC","Waiters and waitresses"
"14073977",6442,49340,2022,2020,202203,1243240,49,405.2,5,916980,1,13,67195,49,1,49,1,100,0,0,6,65,0,0,0,0,27535,34,"Worcester, MA-CT","Plumbers, pipefitters, and steamfitters"
"10533939",3870,0,2022,2019,202203,6043431,11,49,0,21914,1,12,105751,11,1,38,1,100,0,0,6,65,0,0,0,0,49718,39,"Not in identifiable area","Police officers"
"11910857",4710,19740,2022,2019,202203,1124255,26,7017.7,4,2543482,1,13,629223,26,2,26,1,100,0,0,10,101,62,6210,0,0,66597,68,"Denver-Aurora-Lakewood, CO","First-line supervisors of non-retail sales workers"
"15405886",9620,38900,2022,2022,202203,5203308,13,3722,4,2226009,1,12,105600,12,2,20,7,700,1,100,6,63,0,0,0,0,15000,8,"Portland-Vancouver-Hillsboro, OR-WA","Laborers and freight, stock, and material movers, hand"
"5721446",0,38060,2022,2021,202203,210597,5,112,2,4192887,0,0,9999999,5,1,31,1,100,1,100,6,64,0,0,0,0,5405,0,"Phoenix-Mesa-Scottsdale, AZ","N/A (not applicable)"
"9562595",2850,15180,2022,2021,202203,6225652,30,466.9,1,406220,1,13,137276,51,1,38,1,100,0,0,11,114,33,3301,0,0,29185,76,"Brownsville-Harlingen, TX","Writers and authors"
"10448653",3720,0,2022,2022,202203,337258,8,70.5,0,24727,1,13,273420,8,1,61,1,100,0,0,6,63,0,0,0,0,135300,37,"Not in identifiable area","First-line supervisors of firefighting and prevention workers"
"2838137",0,0,2022,2022,202203,4443682,3,169.4,0,88259,2,22,108000,3,2,0,8,801,0,0,0,1,0,0,0,0,9999999,0,"Not in identifiable area","N/A (not applicable)"
"3175614",0,0,2022,2021,202203,5086176,21,458.8,0,937478,1,12,75123,40,1,25,1,100,0,0,7,71,0,0,0,0,3783,0,"Not in identifiable area","N/A (not applicable)"
"5255140",0,44140,2022,2018,202203,3000067,20,1787.4,5,621570,1,12,252517,64,2,27,1,100,2,200,6,63,0,0,0,0,8183,0,"Springfield, MA","N/A (not applicable)"
"7718240",800,41180,2022,2021,202203,3646472,6,6783.7,5,2787701,1,13,58369,6,2,27,1,100,0,0,11,114,62,6201,0,0,58369,78,"St. Louis, MO-IL","Accountants and auditors"
"10442609",3710,45940,2022,2021,202203,3992490,23,2345.3,1,366513,1,13,126467,23,1,42,1,100,0,0,8,81,0,0,0,0,73502,39,"Trenton, NJ","First-line supervisors of police and detectives"
"15680737",9920,0,2022,2021,202203,5610154,7,155.3,0,60843,1,12,20105,19,1,62,2,200,0,0,3,30,0,0,0,0,20105,0,"Not in identifiable area","Unemployed, with no work experience in the last 5 years or earlier or never worked"
"12310769",4760,41180,2022,2018,202203,2095268,7,706.4,5,2787701,1,13,69910,9,2,29,1,100,0,0,10,101,64,6402,0,0,0,47,"St. Louis, MO-IL","Retail salespersons"
"10914242",4055,0,2022,2022,202203,3851483,15,4876.6,0,400721,0,0,9999999,15,2,18,1,100,0,0,6,63,0,0,0,0,3900,11,"Not in identifiable area","Fast food and counter workers"
"15520219",9645,37100,2022,2018,202203,460169,9,2448.6,1,823318,2,22,61960,18,1,59,1,100,4,420,6,61,0,0,0,0,17536,44,"Oxnard-Thousand Oaks-Ventura, CA","Stockers and order fillers"
"13118473",5400,0,2022,2019,202203,3196714,7,66.4,0,44972,1,13,86116,7,2,45,1,100,0,0,7,71,0,0,0,0,4593,44,"Not in identifiable area","Receptionists and information clerks"
"4469802",0,45300,2022,2019,202203,1423512,3,3507.1,1,2783243,0,0,9999999,3,2,95,1,100,0,0,7,71,0,0,0,0,6889,0,"Tampa-St. Petersburg-Clearwater, FL","N/A (not applicable)"
"11103436",4140,40900,2022,2019,202203,594064,21,370.4,1,2149127,1,13,437356,26,1,16,1,100,0,0,4,40,0,0,0,0,2296,11,"Sacramento--Roseville--Arden-Arcade, CA","Dishwashers"
"14412906",7540,33260,2022,2018,202203,5872477,19,1195.2,4,141671,1,13,88147,20,1,17,8,826,1,100,4,40,0,0,0,0,1286,27,"Midland, TX","Locksmiths and safe repairers"
"2846031",0,24340,2022,2018,202203,3162125,17,1045.5,6,988938,1,12,15198,18,2,94,1,100,0,0,6,63,0,0,0,0,15198,0,"Grand Rapids-Wyoming, MI","N/A (not applicable)"
"7274030",440,31080,2022,2020,202203,717686,8,15709.3,1,12828837,1,13,226628,8,1,58,1,100,0,0,11,114,55,5506,0,0,226628,68,"Los Angeles-Long Beach-Anaheim, CA","Other managers"
"12624248",5000,0,2022,2018,202203,5268406,3,134.1,0,42888,1,13,84172,3,2,54,1,100,0,0,10,101,61,6109,0,0,35072,68,"Not in identifiable area","First-line supervisors of office and administrative support workers"
"9007289",2310,47900,2022,2022,202203,6599368,27,4464.4,4,5636232,1,13,220000,28,2,62,1,100,0,0,11,114,64,6402,33,3301,100000,72,"Washington-Arlington-Alexandria, DC-VA-MD-WV","Elementary and middle school teachers"
"9301702",2545,28140,2022,2020,202203,2582465,31,2277.3,5,2009342,2,22,57110,31,2,40,1,100,0,0,7,71,0,0,0,0,14391,65,"Kansas City, MO-KS","Teaching assistants"
"8127489",1105,19780,2022,2018,202203,2474473,17,171.6,6,158542,2,22,40917,18,2,28,1,100,0,0,7,71,0,0,0,0,29226,65,"Des Moines-West Des Moines, IA","Network and computer systems administrators"
"10539594",3870,38340,2022,2019,202203,3023856,7,397,1,131219,1,13,126304,6,1,38,1,100,0,0,6,63,0,0,0,0,86116,39,"Pittsfield, MA","Police officers"
"5884580",0,40900,2022,2022,202203,997628,11,2897.9,1,2149127,2,22,46000,11,2,14,8,811,0,0,2,26,0,0,0,0,9999999,0,"Sacramento--Roseville--Arden-Arcade, CA","N/A (not applicable)"
"5398367",0,31080,2022,2020,202203,647851,12,8107,1,12828837,0,0,9999999,12,2,94,1,100,0,0,6,63,0,0,0,0,18017,0,"Los Angeles-Long Beach-Anaheim, CA","N/A (not applicable)"
"6120238",0,19100,2022,2019,202203,6032720,17,209.9,3,6426214,1,12,130897,16,2,73,1,100,0,0,10,101,23,2300,0,0,73486,0,"Dallas-Fort Worth-Arlington, TX","N/A (not applicable)"
"9983126",3300,41860,2022,2021,202203,835064,12,16070.6,1,4335391,1,13,424798,14,1,56,4,400,0,0,10,101,61,6105,0,0,119981,48,"San Francisco-Oakland-Hayward, CA","Clinical laboratory technologists and technicians"
"3033572",0,0,2022,2020,202203,6902050,1,55.2,0,45820,1,12,76827,9,2,64,1,100,0,0,6,63,0,0,0,0,42946,0,"Not in identifiable area","N/A (not applicable)"
"11357828",4230,46340,2022,2020,202203,6074226,54,1532.1,1,209714,2,22,24249,54,2,55,1,100,0,0,6,65,0,0,0,0,20397,10,"Tyler, TX","Maids and housekeeping cleaners"
"4289127",0,41860,2022,2022,202203,991478,14,6930.2,1,4335312,1,13,295000,16,2,80,6,610,0,0,10,101,24,2400,0,0,0,0,"San Francisco-Oakland-Hayward, CA","N/A (not applicable)"
"12820829",5160,19460,2022,2019,202203,41644,11,304,1,153829,1,13,151679,15,2,22,1,100,0,0,6,64,0,0,0,0,22964,52,"Decatur, AL","Tellers"
"11477669",4350,26420,2022,2019,202203,6020005,23,4559.3,3,5920416,1,13,230792,20,2,28,1,100,4,498,7,71,0,0,0,0,19520,18,"Houston-The Woodlands-Sugar Land, TX","Animal caretakers"
"14703882",8300,37860,2022,2021,202203,1581710,8,1817.5,1,448991,0,0,9999999,8,1,22,1,100,0,0,10,101,41,4101,0,0,2162,15,"Pensacola-Ferry Pass-Brent, FL","Laundry and dry-cleaning workers"
"13043229",5320,19820,2022,2022,202203,3345570,23,5388.5,3,4296250,1,13,42830,24,2,53,2,200,0,0,7,71,0,0,0,0,32000,44,"Detroit-Warren-Dearborn, MI","Library assistants, clerical"
"14041769",6410,48900,2022,2021,202203,4652449,20,2004.1,1,254884,2,22,12971,19,2,40,1,100,0,0,8,81,0,0,0,0,6485,16,"Wilmington, NC","Painters and paperhangers"
"2679208",0,0,2022,2020,202203,3422423,2,50.1,0,26596,1,13,101416,3,1,70,1,100,0,0,11,114,36,3606,0,0,85325,0,"Not in identifiable area","N/A (not applicable)"
"5363165",0,35620,2022,2018,202203,4162957,13,3148,2,19567410,1,12,98961,14,1,74,1,100,0,0,10,101,62,6203,0,0,83179,0,"New York-Newark-Jersey City, NY-NJ-PA","N/A (not applicable)"
"12273643",4760,37980,2022,2019,202203,3903905,14,7239.7,2,5965343,1,12,39728,22,2,29,1,100,2,200,7,71,0,0,0,0,0,47,"Philadelphia-Camden-Wilmington, PA-NJ-DE-MD","Retail salespersons"
"448994",0,0,2022,2020,202203,1572909,50,1058.1,0,235865,2,22,20397,31,1,17,9,904,4,413,2,26,0,0,0,0,0,0,"Not in identifiable area","N/A (not applicable)"
"734880",0,0,2022,2021,202203,4654749,5,237.8,0,114678,2,22,30806,5,1,37,1,100,0,0,10,101,61,6107,0,0,9728,0,"Not in identifiable area","N/A (not applicable)"
"2171750",0,38900,2022,2018,202203,5128036,16,6774.5,5,2226009,1,12,52257,16,2,58,1,100,0,0,6,64,0,0,0,0,13795,0,"Portland-Vancouver-Hillsboro, OR-WA","N/A (not applicable)"
"3261099",0,26420,2022,2019,202203,6033715,9,2485.4,3,5920416,2,22,127452,8,2,13,2,200,2,200,2,25,0,0,0,0,9999999,0,"Houston-The Woodlands-Sugar Land, TX","N/A (not applicable)"
"1719249",0,0,2022,2020,202203,6692244,56,237.8,0,55220,1,13,39479,46,2,49,1,100,0,0,6,64,0,0,0,0,17677,0,"Not in identifiable area","N/A (not applicable)"
"4689565",0,37980,2022,2018,202203,5257122,19,3346.6,2,5965343,1,13,579854,19,2,56,1,100,0,0,10,101,52,5200,0,0,0,0,"Philadelphia-Camden-Wilmington, PA-NJ-DE-MD","N/A (not applicable)"
"7839256",850,31080,2022,2018,202203,484983,22,4806.3,1,12828837,1,13,161330,25,1,31,7,700,1,100,10,101,62,6203,0,0,87679,73,"Los Angeles-Long Beach-Anaheim, CA","Personal financial advisors"
"432673",0,33100,2022,2019,202203,1492755,28,6866.9,2,5564635,1,12,39039,42,1,89,2,200,0,0,6,63,0,0,0,0,0,0,"Miami-Fort Lauderdale-West Palm Beach, FL","N/A (not applicable)"
"11260594",4220,0,2022,2019,202203,2645654,25,180.1,0,47230,2,22,26409,16,1,41,2,200,0,0,6,64,0,0,0,0,1148,9,"Not in identifiable area","Janitors and building cleaners"
"5003299",0,40140,2022,2018,202203,374870,17,1670.8,1,4224851,1,12,16776,18,2,75,1,100,0,0,6,63,0,0,0,0,14029,0,"Riverside-San Bernardino-Ontario, CA","N/A (not applicable)"
"9726982",3160,19100,2022,2021,202203,6189270,6,2791.4,3,6426214,1,13,232396,8,2,31,6,610,0,0,10,101,37,3700,0,0,16214,58,"Dallas-Fort Worth-Arlington, TX","Physical therapists"
"3931720",0,29740,2022,2022,202203,4075252,17,2300.6,1,209233,1,13,2100,12,2,67,1,100,0,0,6,63,0,0,0,0,0,0,"Las Cruces, NM","N/A (not applicable)"
"15384227",9620,30780,2022,2022,202203,341893,17,858.8,1,699757,1,13,87000,16,1,56,2,200,0,0,6,63,0,0,0,0,45000,8,"Little Rock-North Little Rock-Conway, AR","Laborers and freight, stock, and material movers, hand"
"8412717",1650,14460,2022,2022,202203,3134029,16,1900.7,3,4552402,1,13,60300,16,2,40,8,801,0,0,11,114,50,5098,0,0,60000,80,"Boston-Cambridge-Newton, MA-NH","Other life scientists"
"3837842",0,17140,2022,2018,202203,4799835,141,3265.5,4,2114580,2,22,31565,132,1,6,2,200,0,0,1,12,0,0,0,0,9999999,0,"Cincinnati, OH-KY-IN","N/A (not applicable)"
"3008958",0,0,2022,2018,202203,5853927,5,45.2,0,12838,1,12,14029,4,2,80,7,700,1,100,1,14,0,0,0,0,6313,0,"Not in identifiable area","N/A (not applicable)"
"10401321",3645,28940,2022,2021,202203,5763616,10,1397,6,837571,1,13,193483,12,1,20,1,100,0,0,6,63,0,0,0,0,8647,38,"Knoxville, TN","Medical assistants"
"14773401",8740,19100,2022,2021,202203,6164122,19,530.1,3,6426214,1,12,185917,19,1,55,1,100,0,0,6,64,0,0,0,0,108091,18,"Dallas-Fort Worth-Arlington, TX","Inspectors, testers, sorters, samplers, and weighers"
"13866358",6260,35620,2022,2020,202203,4298595,12,25071,2,19567410,1,13,248158,8,1,26,1,100,0,0,6,63,0,0,0,0,50991,8,"New York-Newark-Jersey City, NY-NJ-PA","Construction laborers"
"13359562",5740,38300,2022,2020,202203,5383583,67,2716.7,5,2356285,1,13,129405,67,2,53,1,100,0,0,6,65,0,0,0,0,69122,61,"Pittsburgh, PA","Secretaries and administrative assistants, except legal, medical, and executive"
"13872422",6260,38860,2022,2018,202203,2820107,9,192.3,1,514098,1,13,63129,9,1,50,1,100,0,0,6,63,0,0,0,0,40917,8,"Portland-South Portland, ME","Construction laborers"
"8148588",1108,17460,2022,2020,202203,4894421,48,2364.2,1,2077240,1,12,96544,38,1,46,2,200,0,0,11,114,50,5098,0,0,56884,65,"Cleveland-Elyria, OH","Computer occupations, all other"
"13296898",5710,0,2022,2019,202203,5280565,14,72.5,0,47187,1,13,111377,14,2,41,1,100,0,0,6,63,0,0,0,0,49373,61,"Not in identifiable area","Executive secretaries and executive administrative assistants"
"999723",0,0,2022,2022,202203,2535340,11,49.9,0,9520,1,12,37400,8,1,5,1,100,0,0,1,11,0,0,0,0,9999999,0,"Not in identifiable area","N/A (not applicable)"
"12227519",4760,0,2022,2018,202203,2059837,14,1455.6,0,379690,1,12,70845,14,1,70,1,100,0,0,10,101,62,6201,0,0,70845,47,"Not in identifiable area","Retail salespersons"
"1580505",0,0,2022,2022,202203,2802982,27,231.3,0,92971,1,13,49000,27,1,9,7,700,0,0,1,16,0,0,0,0,9999999,0,"Not in identifiable area","N/A (not applicable)"
"1295768",0,28140,2022,2020,202203,2586590,1,215.1,5,607061,1,12,106402,1,1,66,1,100,0,0,7,71,0,0,0,0,62323,0,"Kansas City, MO-KS","N/A (not applicable)"
"5461277",0,41540,2022,2018,202203,1287383,22,284.9,1,373802,2,22,15315,22,2,92,1,100,0,0,6,63,0,0,0,0,15315,0,"Salisbury, MD-DE","N/A (not applicable)"
"13294656",5710,31080,2022,2021,202203,883906,6,8131.7,1,12828837,1,13,49506,6,2,67,1,100,0,0,10,101,62,6206,0,0,49506,61,"Los Angeles-Long Beach-Anaheim, CA","Executive secretaries and executive administrative assistants"
"8031823",1021,33100,2022,2021,202203,1664557,18,2947,2,5564635,1,13,349351,17,1,41,6,610,0,0,10,101,21,2102,0,0,79123,65,"Miami-Fort Lauderdale-West Palm Beach, FL","Software developers"
"1991080",0,0,2022,2021,202203,1912388,2,150,0,117284,1,13,45290,3,2,47,1,100,0,0,8,81,0,0,0,0,25618,0,"Not in identifiable area","N/A (not applicable)"
"3710493",0,35620,2022,2020,202203,3946980,22,19233.8,2,19567410,2,22,120113,35,1,10,7,700,4,460,1,17,0,0,0,0,9999999,0,"New York-Newark-Jersey City, NY-NJ-PA","N/A (not applicable)"
"5050981",0,35620,2022,2019,202203,4234801,23,15039.3,2,19567410,1,13,123893,29,1,4,1,100,0,0,1,11,0,0,0,0,9999999,0,"New York-Newark-Jersey City, NY-NJ-PA","N/A (not applicable)"
"14511972",7750,0,2022,2020,202203,6887273,5,55.2,0,45820,1,12,82833,5,2,46,1,100,0,0,6,63,0,0,0,0,36261,18,"Not in identifiable area","Other assemblers and fabricators"
"4843832",0,41700,2022,2022,202203,6335440,10,3336,4,2142508,1,13,87000,8,1,11,1,100,0,0,1,17,0,0,0,0,9999999,0,"San Antonio-New Braunfels, TX","N/A (not applicable)"
"4710487",0,19740,2022,2019,202203,1110776,26,2259.3,4,2543482,1,13,82098,21,1,73,1,100,0,0,7,71,0,0,0,0,34791,0,"Denver-Aurora-Lakewood, CO","N/A (not applicable)"
"12534389",4920,47300,2022,2018,202203,451887,4,359.9,1,442179,1,13,75989,4,1,62,1,100,0,0,6,65,0,0,0,0,40917,62,"Visalia-Porterville, CA","Real estate brokers and sales agents"
"15112387",9130,34980,2022,2021,202203,5779511,12,400.5,5,1670890,1,13,114036,15,2,21,1,100,0,0,7,71,0,0,0,0,2162,15,"Nashville-Davidson--Murfreesboro--Franklin, TN","Driver/sales workers and truck drivers"
"11097274",4140,39820,2022,2021,202203,826956,76,490.5,1,177223,1,12,33530,67,1,34,1,100,0,0,6,64,0,0,0,0,2162,11,"Redding, CA","Dishwashers"
"12169306",4760,38300,2022,2018,202203,5257973,18,8761.4,5,2356285,2,22,5845,19,1,20,1,100,0,0,7,71,0,0,0,0,5845,47,"Pittsburgh, PA","Retail salespersons"
"9922190",3255,39900,2022,2021,202203,3807946,22,1612.2,2,425417,2,22,81068,22,2,36,1,100,0,0,8,81,0,0,0,0,81068,46,"Reno, NV","Registered nurses"
"2600890",0,38060,2022,2020,202203,200146,4,2153.8,2,4192887,1,13,113314,4,2,17,6,600,0,0,4,40,0,0,0,0,0,0,"Phoenix-Mesa-Scottsdale, AZ","N/A (not applicable)"
"2803703",0,38300,2022,2021,202203,5430339,13,460.9,5,2356285,1,13,156948,13,1,73,1,100,0,0,10,101,37,3700,0,0,82365,0,"Pittsburgh, PA","N/A (not applicable)"
"10909603",4055,32580,2022,2019,202203,5946981,7,386.7,1,774769,1,13,74634,12,1,28,1,100,1,100,6,63,0,0,0,0,28705,11,"McAllen-Edinburg-Mission, TX","Fast food and counter workers"
"11150634",4210,15980,2022,2022,202203,1685472,21,1690.3,1,618754,1,12,15000,21,1,38,1,100,0,0,10,101,62,6206,0,0,15000,49,"Cape Coral-Fort Myers, FL","First-line supervisors of landscaping, lawn service, and groundskeeping workers"
"3616370",0,19100,2022,2018,202203,5843007,20,5574.4,3,6426214,2,22,64298,21,1,8,1,100,1,100,1,14,0,0,0,0,9999999,0,"Dallas-Fort Worth-Arlington, TX","N/A (not applicable)"
"7155789",440,16740,2022,2020,202203,4642697,71,1409.1,6,2217012,1,13,121246,71,2,46,2,200,0,0,10,101,62,6201,0,0,84986,68,"Charlotte-Concord-Gastonia, NC-SC","Other managers"
"1629815",0,0,2022,2018,202203,6833645,7,289.4,0,106379,1,12,123336,7,2,5,1,100,0,0,0,2,0,0,0,0,9999999,0,"Not in identifiable area","N/A (not applicable)"
"10573487",3930,36420,2022,2018,202203,5043990,19,3753.7,5,1252987,2,22,46996,20,2,54,7,700,1,100,8,81,0,0,0,0,22446,8,"Oklahoma City, OK","Security guards and gaming surveillance officers"
"4344483",0,19100,2022,2021,202203,6232698,15,1584.7,3,6426214,1,13,314653,9,2,13,1,100,0,0,2,25,0,0,0,0,9999999,0,"Dallas-Fort Worth-Arlington, TX","N/A (not applicable)"
"3839120",0,42140,2022,2018,202203,4041780,13,554.6,1,144170,1,12,16367,13,1,70,1,100,4,498,7,71,0,0,0,0,16367,0,"Santa Fe, NM","N/A (not applicable)"
"1328509",0,0,2022,2021,202203,1613524,11,164.3,0,158789,1,12,474520,11,1,68,1,100,0,0,11,114,23,2313,0,0,474520,0,"Not in identifiable area","N/A (not applicable)"
"10852506",4030,17900,2022,2019,202203,5575462,7,1109.4,1,767598,1,13,9530,7,2,57,1,100,0,0,6,65,0,0,0,0,9530,15,"Columbia, SC","Food preparation workers"
"3423481",0,26900,2022,2022,202203,2466348,23,664,1,1887877,1,12,57100,9,2,17,8,802,0,0,5,50,0,0,0,0,0,0,"Indianapolis-Carmel-Anderson, IN","N/A (not applicable)"
"6820077",205,0,2022,2022,202203,5117035,5,147.9,0,180625,1,12,12000,5,1,39,1,100,0,0,10,101,62,6207,0,0,12000,14,"Not in identifiable area","Farmers, ranchers, and other agricultural managers"
"13479382",5810,48620,2022,2022,202203,2603879,15,914.6,4,630919,1,12,103500,14,2,69,1,100,0,0,11,114,36,3600,0,0,44300,45,"Wichita, KS","Data entry keyers"
"5713201",0,35620,2022,2019,202203,4239907,19,2550.3,2,19567410,1,13,108851,19,2,84,1,100,0,0,10,101,23,2305,52,5200,108851,0,"New York-Newark-Jersey City, NY-NJ-PA","N/A (not applicable)"
"15435576",9620,0,2022,2020,202203,6520919,10,217.4,0,78149,2,22,74787,9,1,64,1,100,0,0,8,81,0,0,0,0,74787,8,"Not in identifiable area","Laborers and freight, stock, and material movers, hand"
"15334903",9610,15380,2022,2022,202203,4499365,11,2991.9,1,1135509,1,13,108800,10,2,57,1,100,0,0,6,65,0,0,0,0,1000,8,"Buffalo-Cheektowaga-Niagara Falls, NY","Cleaners of vehicles and equipment"
"7673164",735,19820,2022,2022,202203,3361932,6,2411.4,3,4296250,1,13,213000,5,2,43,1,100,0,0,10,101,23,2300,41,4101,173000,81,"Detroit-Warren-Dearborn, MI","Market research analysts and marketing specialists"
"7740279",800,35620,2022,2018,202203,4099959,16,58353.4,2,19567410,2,22,96003,16,2,58,1,100,0,0,8,81,0,0,0,0,96003,78,"New York-Newark-Jersey City, NY-NJ-PA","Accountants and auditors"
"6421708",10,0,2022,2021,202203,2523390,21,78.8,0,16801,1,12,127656,26,2,60,1,100,0,0,7,71,0,0,0,0,64855,68,"Not in identifiable area","Chief executives and legislators"
"5266637",0,41860,2022,2019,202203,621984,19,3437.8,1,4335391,2,22,86576,13,2,74,6,600,0,0,1,16,0,0,0,0,0,0,"San Francisco-Oakland-Hayward, CA","N/A (not applicable)"
"12260216",4760,26900,2022,2018,202203,2324987,7,426.8,1,1887877,1,13,491590,26,2,17,1,100,0,0,4,40,0,0,0,0,7599,47,"Indianapolis-Carmel-Anderson, IN","Retail salespersons"
"5272818",0,41500,2022,2020,202203,683295,29,1423.2,6,415057,2,22,21076,29,2,73,1,100,0,0,10,101,33,3301,60,6001,21076,0,"Salinas, CA","N/A (not applicable)"
"5354391",0,41620,2022,2018,202203,6364868,49,5696.8,4,1087873,1,13,88849,41,1,13,7,700,1,100,2,23,0,0,0,0,9999999,0,"Salt Lake City, UT","N/A (not applicable)"
"6028306",0,45300,2022,2021,202203,1585828,14,2892.2,1,2783243,1,13,132952,14,1,12,1,100,0,0,2,22,0,0,0,0,9999999,0,"Tampa-St. Petersburg-Clearwater, FL","N/A (not applicable)"
"12230297",4760,22660,2022,2021,202203,1170652,11,842,1,299630,1,12,30049,11,2,66,1,100,0,0,6,63,0,0,0,0,30049,47,"Fort Collins, CO","Retail salespersons"
"916666",0,0,2022,2019,202203,2495473,17,593.2,0,168563,1,13,146972,17,1,72,1,100,0,0,11,115,62,6200,0,0,82672,0,"Not in identifiable area","N/A (not applicable)"
"8446292",1800,47900,2022,2018,202203,6457951,13,4241.2,5,5636232,1,12,439567,13,1,75,1,100,0,0,11,116,61,6106,37,3700,439567,81,"Washington-Arlington-Alexandria, DC-VA-MD-WV","Economists"
"13283907",5610,35300,2022,2020,202203,1240074,12,8285.9,1,862477,0,0,9999999,12,1,40,2,200,0,0,6,64,0,0,0,0,2720,22,"New Haven-Milford, CT","Shipping, receiving, and inventory clerks"
"1502968",0,0,2022,2019,202203,6022614,4,192.7,0,107036,1,12,117463,3,1,71,1,100,0,0,11,114,23,2301,0,0,69582,0,"Not in identifiable area","N/A (not applicable)"
"2405840",0,19820,2022,2020,202203,3225669,1,3509,4,4296250,0,0,9999999,1,1,79,1,100,0,0,7,71,0,0,0,0,0,0,"Detroit-Warren-Dearborn, MI","N/A (not applicable)"
"11010350",4110,0,2022,2018,202203,5128672,12,3185.5,0,390738,2,22,28057,12,2,20,1,100,1,100,7,71,0,0,0,0,23381,16,"Not in identifiable area","Waiters and waitresses"
"13220339",5550,0,2022,2018,202203,3166158,11,225.8,0,50766,1,13,39164,11,2,37,1,100,0,0,7,71,0,0,0,0,32149,53,"Not in identifiable area","Postal service mail carriers"
"14032419",6410,35620,2022,2018,202203,3870118,20,9761.5,2,19567410,2,22,37410,20,1,29,1,100,4,420,8,81,0,0,0,0,37410,16,"New York-Newark-Jersey City, NY-NJ-PA","Painters and paperhangers"
"12169041",4760,42220,2022,2019,202203,597712,20,2674.5,1,483878,2,22,102421,37,2,20,1,100,0,0,6,63,0,0,0,0,5741,47,"Santa Rosa, CA","Retail salespersons"
"9535086",2825,0,2022,2020,202203,3422967,26,103,0,57098,2,21,56430,10,2,26,1,100,0,0,8,81,0,0,0,0,47592,82,"Not in identifiable area","Public relations specialists"
"15168571",9130,0,2022,2021,202203,2413742,14,118.5,0,192786,1,12,83554,16,2,19,1,100,0,0,6,65,0,0,0,0,13836,15,"Not in identifiable area","Driver/sales workers and truck drivers"
"1611233",0,0,2022,2018,202203,2816959,15,32.5,0,56221,2,21,468,15,2,73,1,100,0,0,10,101,23,2304,0,0,351,0,"Not in identifiable area","N/A (not applicable)"
"10426056",3649,31080,2022,2019,202203,520463,32,18546.7,1,12828837,2,22,102651,32,2,23,7,700,1,100,7,71,0,0,0,0,34447,38,"Los Angeles-Long Beach-Anaheim, CA","Phlebotomists"
"12407001",4830,0,2022,2021,202203,1588638,20,959.5,0,392426,2,21,22591,20,2,83,1,100,0,0,7,71,0,0,0,0,22591,60,"Not in identifiable area","Travel agents"
"10189288",3602,35620,2022,2019,202203,3922643,18,3248.5,2,19567410,1,12,132275,17,2,64,1,100,0,0,6,63,0,0,0,0,103340,13,"New York-Newark-Jersey City, NY-NJ-PA","Personal care aides"
"7894847",940,45940,2022,2019,202203,3925329,15,1572.5,1,366513,1,13,822123,15,1,56,4,400,0,0,11,114,62,6200,0,0,822123,68,"Trenton, NJ","Tax preparers"
"11359399",4230,0,2022,2019,202203,5718932,19,78.4,0,25417,1,12,58100,19,1,62,1,100,0,0,6,63,0,0,0,0,17912,10,"Not in identifiable area","Maids and housekeeping cleaners"
"14470083",7700,40140,2022,2019,202203,598159,10,2902.9,1,4224851,2,22,114822,13,2,27,1,100,1,100,6,63,0,0,0,0,22964,49,"Riverside-San Bernardino-Ontario, CA","First-line supervisors of production and operating workers"
"5911011",0,41740,2022,2019,202203,523331,31,9047.9,1,3095313,2,22,25261,39,1,33,1,100,1,100,7,71,0,0,0,0,0,0,"San Diego-Carlsbad, CA","N/A (not applicable)"
"6992105",310,31080,2022,2019,202203,593002,13,8107,1,12828837,1,13,124007,14,1,20,1,100,1,100,7,71,0,0,0,0,19520,68,"Los Angeles-Long Beach-Anaheim, CA","Food service managers"
"13276293",5610,0,2022,2018,202203,3173910,83,175.5,0,107502,2,22,31565,83,1,29,1,100,1,100,2,26,0,0,0,0,31565,22,"Not in identifiable area","Shipping, receiving, and inventory clerks"
"5086916",0,22380,2022,2021,202203,234588,11,158.8,1,134421,2,22,75664,11,1,6,1,100,0,0,0,2,0,0,0,0,9999999,0,"Flagstaff, AZ","N/A (not applicable)"
"5088789",0,31080,2022,2020,202203,673869,13,19310.3,1,12828837,1,12,229348,12,2,46,3,360,1,100,6,63,0,0,0,0,0,0,"Los Angeles-Long Beach-Anaheim, CA","N/A (not applicable)"
"3606206",0,19100,2022,2018,202203,5850635,9,5574.4,3,6426214,1,12,43255,8,1,80,1,100,0,0,2,25,0,0,0,0,27941,0,"Dallas-Fort Worth-Arlington, TX","N/A (not applicable)"
"3607269",0,16980,2022,2021,202203,2256932,8,3168.3,2,9461105,1,12,57396,7,2,79,1,100,0,0,6,61,0,0,0,0,5296,0,"Chicago-Naperville-Elgin, IL-IN-WI","N/A (not applicable)"
"14413760",7540,0,2022,2018,202203,2090176,22,609.1,0,379186,2,22,86510,22,1,25,1,100,0,0,6,65,0,0,0,0,58453,27,"Not in identifiable area","Locksmiths and safe repairers"
"14085638",6442,0,2022,2020,202203,4299121,3,86.1,0,66583,1,12,14164,2,1,53,1,100,0,0,6,63,0,0,0,0,12465,34,"Not in identifiable area","Plumbers, pipefitters, and steamfitters"
"5170982",0,38300,2022,2021,202203,5434047,29,460.9,5,2356285,1,12,51884,23,2,88,1,100,0,0,5,50,0,0,0,0,7026,0,"Pittsburgh, PA","N/A (not applicable)"
"10849275",4030,0,2022,2022,202203,6951989,21,307.3,0,86266,1,13,145000,25,1,22,1,100,0,0,10,101,52,5200,53,5301,25000,15,"Not in identifiable area","Food preparation workers"
"9008099",2310,34940,2022,2018,202203,1405052,16,2664.6,1,321520,1,13,105215,15,1,32,1,100,0,0,11,114,23,2300,0,0,52608,72,"Naples-Immokalee-Marco Island, FL","Elementary and middle school teachers"
"3917507",0,41180,2022,2021,202203,3662029,12,3809.4,5,2787701,1,13,75880,12,2,77,1,100,0,0,6,63,0,0,0,0,9836,0,"St. Louis, MO-IL","N/A (not applicable)"
"12543334",4920,35380,2022,2019,202203,2746007,21,7641.5,1,1189866,1,13,114822,22,1,34,1,100,0,0,7,71,0,0,0,0,114822,62,"New Orleans-Metairie, LA","Real estate brokers and sales agents"
"8853542",2205,35380,2022,2018,202203,2720206,6,6437.5,1,1189866,1,12,638470,7,2,59,1,100,0,0,11,116,50,5003,0,0,453595,84,"New Orleans-Metairie, LA","Postsecondary teachers"
"5550104",0,41740,2022,2021,202203,878845,9,3404.3,1,3095313,1,12,172622,9,2,67,1,100,0,0,10,101,21,2102,0,0,82149,0,"San Diego-Carlsbad, CA","N/A (not applicable)"
"15289731",9600,19820,2022,2021,202203,3298001,34,5986.2,4,4296250,1,12,29833,33,1,56,2,200,0,0,6,63,0,0,0,0,29833,18,"Detroit-Warren-Dearborn, MI","Industrial truck and tractor operators"
"11846150",4700,35620,2022,2019,202203,4247623,37,27409.3,2,19567410,1,13,103225,36,1,67,6,669,0,0,10,101,62,6200,0,0,100354,68,"New York-Newark-Jersey City, NY-NJ-PA","First-line supervisors of retail sales workers"
"9719464",3150,25540,2022,2022,202203,1284051,11,2793,5,1212381,1,13,140000,12,2,35,1,100,0,0,11,114,61,6109,0,0,90000,58,"Hartford-West Hartford-East Hartford, CT","Occupational therapists"
"10906061",4055,31080,2022,2020,202203,760278,13,7707.9,1,12828837,1,13,97563,69,2,23,1,100,1,100,7,71,0,0,0,0,20397,11,"Los Angeles-Long Beach-Anaheim, CA","Fast food and counter workers"
"14487455",7750,45300,2022,2021,202203,1641983,30,2695.8,1,2783243,2,22,24104,30,2,35,7,700,4,428,10,101,52,5200,0,0,7891,18,"Tampa-St. Petersburg-Clearwater, FL","Other assemblers and fabricators"
"4684840",0,42220,2022,2018,202203,452665,13,443.5,1,483878,1,12,23966,13,2,77,1,100,0,0,6,63,0,0,0,0,23966,0,"Santa Rosa, CA","N/A (not applicable)"
"7109343",410,47900,2022,2022,202203,6600934,11,3367.2,4,5636232,1,13,326000,15,1,56,1,100,0,0,11,114,55,5501,0,0,250000,32,"Washington-Arlington-Alexandria, DC-VA-MD-WV","Property, real estate, and community association managers"
"15615471",9645,34980,2022,2022,202203,5800888,12,1838.7,3,1670890,2,22,331000,11,1,36,7,700,0,0,0,2,0,0,0,0,0,44,"Nashville-Davidson--Murfreesboro--Franklin, TN","Stockers and order fillers"
"6546421",20,36420,2022,2018,202203,5037381,22,1407.9,5,1252987,1,13,103579,22,2,28,1,100,0,0,7,71,0,0,0,0,49802,68,"Oklahoma City, OK","General and operations managers"
"6762181",137,31080,2022,2018,202203,410383,18,10725.6,1,12828837,2,22,138300,24,1,20,8,883,4,498,6,63,0,0,0,0,935,18,"Los Angeles-Long Beach-Anaheim, CA","Training and development managers"
"1355039",0,0,2022,2018,202203,2094097,4,128.2,0,149329,1,12,30606,4,2,52,1,100,0,0,6,65,0,0,0,0,0,0,"Not in identifiable area","N/A (not applicable)"
"516853",0,0,2022,2019,202203,3405288,3,71.5,0,16907,1,13,175367,3,2,0,1,100,0,0,0,1,0,0,0,0,9999999,0,"Not in identifiable area","N/A (not applicable)"
"1899649",0,0,2022,2020,202203,1871167,38,38.1,0,65442,1,12,48725,45,1,62,2,200,0,0,6,63,0,0,0,0,13598,0,"Not in identifiable area","N/A (not applicable)"
"402549",0,0,2022,2021,202203,2262014,17,106,0,50635,1,13,113496,17,1,72,1,100,0,0,7,71,0,0,0,0,59450,0,"Not in identifiable area","N/A (not applicable)"
"10162691",3601,38300,2022,2020,202203,5368102,73,8761.4,5,2356285,1,12,88385,73,1,53,1,100,0,0,6,63,0,0,0,0,45326,13,"Pittsburgh, PA","Home health aides"
"14750500",8630,0,2022,2019,202203,6017645,24,122.2,0,29627,1,12,102191,24,1,28,1,100,1,100,6,65,0,0,0,0,102191,10,"Not in identifiable area","Miscellaneous plant and system operators"
"486780",0,38860,2022,2022,202203,2845732,89,215.1,1,514098,1,13,206870,89,1,72,1,100,0,0,11,114,24,2408,0,0,186270,0,"Portland-South Portland, ME","N/A (not applicable)"
"13309776",5720,45300,2022,2018,202203,1405578,9,3507.1,1,2783243,2,22,46762,9,2,32,1,100,0,0,8,81,0,0,0,0,46762,61,"Tampa-St. Petersburg-Clearwater, FL","Legal secretaries and administrative assistants"
"6131230",0,42660,2022,2022,202203,6764163,15,5494.7,1,3439809,1,13,80000,20,1,5,8,826,1,100,1,11,0,0,0,0,9999999,0,"Seattle-Tacoma-Bellevue, WA","N/A (not applicable)"
"15375229",9620,0,2022,2019,202203,2369697,23,118.5,0,192786,1,12,41795,22,2,70,1,100,0,0,3,30,0,0,0,0,30313,8,"Not in identifiable area","Laborers and freight, stock, and material movers, hand"
"2922657",0,35620,2022,2020,202203,3950600,16,4451.7,2,19567410,1,12,133257,16,2,71,6,610,0,0,10,101,62,6207,0,0,30708,0,"New York-Newark-Jersey City, NY-NJ-PA","N/A (not applicable)"
"13921908",6260,31080,2022,2022,202203,1074774,16,7459,1,12828837,2,22,42000,21,1,53,8,826,1,100,2,23,0,0,0,0,15000,8,"Los Angeles-Long Beach-Anaheim, CA","Construction laborers"
"10548147",3870,37100,2022,2020,202203,740206,35,572.4,1,823318,1,13,218243,35,1,37,1,100,1,100,10,101,53,5301,0,0,209631,39,"Oxnard-Thousand Oaks-Ventura, CA","Police officers"
"5950339",0,42100,2022,2022,202203,993676,4,1316.1,1,262382,1,13,27400,3,2,75,1,100,0,0,10,101,60,6000,23,2314,2400,0,"Santa Cruz-Watsonville, CA","N/A (not applicable)"
"10308477",3603,39300,2022,2021,202203,3072464,19,6313,4,1600852,2,22,23780,19,2,42,8,845,0,0,6,61,0,0,0,0,23780,13,"Providence-Warwick, RI-MA","Nursing assistants"
"9580426",2865,12060,2022,2018,202203,1787349,19,1455.2,4,5286728,1,13,278236,24,1,25,1,100,0,0,7,71,0,0,0,0,36241,31,"Atlanta-Sandy Springs-Roswell, GA","Media and communication workers, all other"
"9163693",2320,0,2022,2022,202203,2270441,4,459.8,0,83986,1,12,50000,4,2,62,1,100,0,0,10,101,23,2300,0,0,50000,72,"Not in identifiable area","Secondary school teachers"
"10507874",3870,26900,2022,2022,202203,2449791,5,683.8,1,1887877,1,12,39000,4,1,61,1,100,0,0,6,63,0,0,0,0,39000,39,"Indianapolis-Carmel-Anderson, IN","Police officers"
"8667314",2100,33140,2022,2018,202203,2328901,5,469.6,1,111467,1,13,385790,5,2,55,1,100,0,0,11,115,55,5506,0,0,233812,93,"Michigan City-La Porte, IN","Lawyers, and judges, magistrates, and other judicial workers"
"14517456",7750,25540,2022,2019,202203,1234039,8,936.1,1,1212381,2,21,224821,8,1,56,1,100,0,0,6,63,0,0,0,0,155009,18,"Hartford-West Hartford-East Hartford, CT","Other assemblers and fabricators"
"2541865",0,0,2022,2020,202203,3240386,14,439.6,0,215940,1,13,132577,14,2,9,1,100,0,0,1,16,0,0,0,0,9999999,0,"Not in identifiable area","N/A (not applicable)"
"7082468",350,19740,2022,2022,202203,1186079,14,3820.2,4,2543482,2,22,23900,14,2,32,1,100,0,0,10,101,52,5200,0,0,23900,46,"Denver-Aurora-Lakewood, CO","Medical and health services managers"
"9643079",3050,17460,2022,2022,202203,5010544,16,2509.5,4,2077240,1,13,353020,16,1,37,1,100,0,0,11,115,50,5003,0,0,126000,82,"Cleveland-Elyria, OH","Pharmacists"
"14942345",9005,0,2022,2020,202203,3707342,24,16.3,0,19102,1,13,154107,21,1,47,1,100,0,0,8,81,0,0,0,0,96317,68,"Not in identifiable area","Supervisors of transportation and material moving workers"
"1129274",0,0,2022,2021,202203,3442311,52,101.6,0,53708,1,12,37183,56,2,85,1,100,0,0,6,63,0,0,0,0,13619,0,"Not in identifiable area","N/A (not applicable)"
"15076811",9130,45820,2022,2020,202203,2585574,3,124.1,6,180070,1,12,52804,2,1,55,1,100,0,0,6,64,0,0,0,0,39660,15,"Topeka, KS","Driver/sales workers and truck drivers"
"1262103",0,0,2022,2020,202203,3746988,3,82.2,0,25496,1,13,145042,8,2,10,1,100,0,0,2,22,0,0,0,0,9999999,0,"Not in identifiable area","N/A (not applicable)"
"508070",0,0,2022,2022,202203,2309597,15,175.2,0,39848,1,12,31600,11,2,77,1,100,0,0,6,63,0,0,0,0,10200,0,"Not in identifiable area","N/A (not applicable)"
"14349137",7340,35620,2022,2021,202203,3998886,12,4038.9,2,19567410,1,13,223749,13,1,50,1,100,0,0,6,63,0,0,0,0,108091,27,"New York-Newark-Jersey City, NY-NJ-PA","Maintenance and repair workers, general"
"14143469",6825,47900,2022,2018,202203,2859033,49,4616.4,5,5636232,1,13,108723,49,1,59,7,700,4,416,3,30,0,0,0,0,58453,10,"Washington-Arlington-Alexandria, DC-VA-MD-WV","Surface mining machine operators and earth drillers"
"4781540",0,31140,2022,2021,202203,2689316,37,275,3,1235708,1,13,131331,37,1,4,1,100,0,0,0,2,0,0,0,0,9999999,0,"Louisville/Jefferson County, KY-IN","N/A (not applicable)"
"15354720",9620,0,2022,2020,202203,5379338,7,91.8,0,55967,1,13,33994,6,1,26,1,100,0,0,6,63,0,0,0,0,33994,8,"Not in identifiable area","Laborers and freight, stock, and material movers, hand"
"194464",0,0,2022,2022,202203,105393,29,62.2,0,28053,2,22,11220,23,1,16,2,200,0,0,5,50,0,0,0,0,0,0,"Not in identifiable area","N/A (not applicable)"
"846863",0,0,2022,2021,202203,6401950,14,20.3,0,27557,1,12,533970,16,2,11,1,100,0,0,2,22,0,0,0,0,9999999,0,"Not in identifiable area","N/A (not applicable)"
"13417090",5740,37980,2022,2020,202203,5363555,137,2958.1,2,5965343,1,13,88385,131,2,68,1,100,0,0,6,63,0,0,0,0,9972,61,"Philadelphia-Camden-Wilmington, PA-NJ-DE-MD","Secretaries and administrative assistants, except legal, medical, and executive"
"2153790",0,12060,2022,2018,202203,1810771,10,191.1,4,5286728,1,13,87095,12,1,60,1,100,0,0,10,101,64,6402,0,0,16951,0,"Atlanta-Sandy Springs-Roswell, GA","N/A (not applicable)"
"11399482",4251,44060,2022,2021,202203,6738172,4,22.5,5,143490,1,13,130790,7,2,44,1,100,0,0,6,63,0,0,0,0,43236,11,"Spokane-Spokane Valley, WA","Landscaping and groundskeeping workers"
"1859230",0,10900,2022,2021,202203,3998308,6,614,1,821173,1,13,296602,6,1,14,1,100,0,0,2,26,0,0,0,0,9999999,0,"Allentown-Bethlehem-Easton, PA-NJ","N/A (not applicable)"
"13908148",6260,44180,2022,2021,202203,3642989,2,154.2,6,436712,1,12,123224,1,1,41,1,100,0,0,4,40,0,0,0,0,75664,8,"Springfield, MO","Construction laborers"
"10016925",3322,36540,2022,2020,202203,3743697,65,2966,6,865350,1,13,159773,47,2,34,1,100,0,0,10,101,51,5102,61,6105,78187,48,"Omaha-Council Bluffs, NE-IA","Diagnostic medical sonographers"
"15460124",9620,0,2022,2019,202203,3396904,6,71.5,0,16907,1,13,134353,6,1,48,1,100,0,0,6,61,0,0,0,0,65460,8,"Not in identifiable area","Laborers and freight, stock, and material movers, hand"
"11684372",4621,35620,2022,2021,202203,3969780,19,1944.3,2,19567410,2,22,57829,19,1,43,1,100,0,0,6,63,0,0,0,0,57829,52,"New York-Newark-Jersey City, NY-NJ-PA","Exercise trainers and group fitness instructors"
"659409",0,25540,2022,2019,202203,1234628,17,691.8,1,1212381,1,12,42484,17,2,89,1,100,0,0,10,101,25,2501,0,0,42484,0,"Hartford-West Hartford-East Hartford, CT","N/A (not applicable)"
"9539061",2825,33100,2022,2021,202203,1638460,15,5764.3,2,5564635,1,13,86473,12,2,24,8,812,0,0,10,101,53,5301,0,0,21618,82,"Miami-Fort Lauderdale-West Palm Beach, FL","Public relations specialists"
"9794497",3255,0,2022,2019,202203,1110359,16,46.3,0,37827,1,13,143068,20,1,28,1,100,0,0,10,101,41,4101,61,6107,74979,46,"Not in identifiable area","Registered nurses"
"9387093",2545,14460,2022,2020,202203,3046279,5,18861.2,4,4552402,1,13,205778,5,2,65,1,100,0,0,8,81,0,0,0,0,28329,65,"Boston-Cambridge-Newton, MA-NH","Teaching assistants"
"7083453",360,41860,2022,2022,202203,1077671,13,12363.6,1,4335391,2,22,129000,20,1,37,8,801,0,0,10,101,60,6007,0,0,70000,68,"San Francisco-Oakland-Hayward, CA","Natural sciences managers"
"231426",0,0,2022,2022,202203,2547961,47,88.3,0,16801,2,22,88300,39,2,3,8,802,0,0,0,2,0,0,0,0,9999999,0,"Not in identifiable area","N/A (not applicable)"
"9285728",2435,15380,2022,2020,202203,4318364,5,605.9,1,1135509,1,13,92918,7,2,30,1,100,0,0,11,114,33,3301,0,0,44192,60,"Buffalo-Cheektowaga-Niagara Falls, NY","Librarians and media collections specialists"
"3837534",0,31080,2022,2022,202203,980937,17,10067.7,1,12828837,1,13,1374000,24,1,12,4,400,0,0,2,23,0,0,0,0,9999999,0,"Los Angeles-Long Beach-Anaheim, CA","N/A (not applicable)"
"11875332",4700,34820,2022,2018,202203,5555926,17,250.5,1,376722,1,13,53777,17,2,59,1,100,0,0,6,63,0,0,0,0,43957,68,"Myrtle Beach-Conway-North Myrtle Beach, SC-NC","First-line supervisors of retail sales workers"
"6398447",10,14460,2022,2021,202203,3090934,13,1091.2,4,2695869,1,13,229207,13,1,40,1,100,0,0,11,114,61,6109,52,5200,99444,68,"Boston-Cambridge-Newton, MA-NH","Chief executives and legislators"
"1445201",0,29460,2022,2018,202203,1380322,10,1203.1,1,602095,1,13,120647,14,2,10,1,100,0,0,1,17,0,0,0,0,9999999,0,"Lakeland-Winter Haven, FL","N/A (not applicable)"
"12829403",5165,18580,2022,2021,202203,6235157,25,243.4,5,176467,1,13,129709,33,1,29,1,100,0,0,6,63,0,0,0,0,91878,44,"Corpus Christi, TX","Other financial clerks"
"2901448",0,14460,2022,2022,202203,3112044,28,1691.7,3,4552402,1,13,211300,28,2,5,1,100,0,0,1,11,0,0,0,0,9999999,0,"Boston-Cambridge-Newton, MA-NH","N/A (not applicable)"
"6505051",20,39900,2022,2021,202203,3808900,27,4268.7,2,425417,2,22,86473,27,2,28,1,100,0,0,6,63,0,0,0,0,54046,68,"Reno, NV","General and operations managers"
"10459405",3740,19740,2022,2018,202203,1091495,27,653.6,4,2543482,1,13,140287,27,1,41,1,100,0,0,7,71,0,0,0,0,105215,37,"Denver-Aurora-Lakewood, CO","Firefighters"
"8017958",1021,47900,2022,2021,202203,6567655,7,4574,5,5636232,1,13,361889,7,2,52,1,100,0,0,11,114,24,2401,0,0,166244,65,"Washington-Arlington-Alexandria, DC-VA-MD-WV","Software developers"
"7489894",630,25540,2022,2018,202203,1217305,10,2903.8,1,1212381,1,13,158992,11,1,71,1,100,0,0,7,71,0,0,0,0,105683,84,"Hartford-West Hartford-East Hartford, CT","Human resources workers"
"15624139",9720,31080,2022,2022,202203,970025,7,3518.3,1,12828837,1,13,166900,8,1,36,7,700,1,100,6,63,0,0,0,0,60000,8,"Los Angeles-Long Beach-Anaheim, CA","Refuse and recyclable material collectors"
"9828973",3255,36780,2022,2022,202203,6959888,8,1374.7,1,166994,1,13,93000,8,1,56,1,100,0,0,8,81,0,0,0,0,84000,46,"Oshkosh-Neenah, WI","Registered nurses"
"8642265",2040,0,2022,2021,202203,4689359,13,133.3,0,29045,1,12,14376,13,1,70,1,100,0,0,10,101,34,3401,0,0,14376,52,"Not in identifiable area","Clergy"
"11531342",4510,0,2022,2019,202203,5969362,30,88.6,0,108229,1,12,67745,30,2,31,1,100,0,0,7,71,0,0,0,0,67745,17,"Not in identifiable area","Hairdressers, hairstylists, and cosmetologists"
"7746589",800,41860,2022,2018,202203,390009,52,9186.2,1,4335391,2,22,374099,52,1,29,4,400,0,0,10,101,55,5501,0,0,116906,78,"San Francisco-Oakland-Hayward, CA","Accountants and auditors"
"15502309",9640,41740,2022,2021,202203,806683,11,9047.9,1,3095313,2,22,101606,11,1,20,7,700,1,100,6,63,0,0,0,0,34589,18,"San Diego-Carlsbad, CA","Packers and packagers, hand"
"12923765",5240,0,2022,2019,202203,3703331,20,16.3,0,19102,1,13,51670,20,2,52,3,399,0,0,8,81,0,0,0,0,51670,44,"Not in identifiable area","Customer service representatives"
"6140518",0,44700,2022,2019,202203,638023,44,5609.5,1,685306,2,22,15042,44,2,94,1,100,0,0,6,63,0,0,0,0,15042,0,"Stockton-Lodi, CA","N/A (not applicable)"
"9074248",2310,41740,2022,2020,202203,737610,19,3205.1,1,3095313,2,22,80453,28,2,28,7,700,1,100,10,101,34,3401,0,0,0,72,"San Diego-Carlsbad, CA","Elementary and middle school teachers"
"3277944",0,0,2022,2022,202203,3853895,3,100,0,155251,1,12,43000,3,1,17,1,100,0,0,4,40,0,0,0,0,0,0,"Not in identifiable area","N/A (not applicable)"
"11783089",4700,17900,2022,2021,202203,5625520,12,319.1,1,767598,1,12,47236,9,2,57,1,100,0,0,6,63,0,0,0,0,20537,68,"Columbia, SC","First-line supervisors of retail sales workers"
"7741994",800,16980,2022,2021,202203,2244867,18,2387.6,2,9461105,1,12,86581,17,2,58,1,100,0,0,10,101,62,6201,0,0,757,78,"Chicago-Naperville-Elgin, IL-IN-WI","Accountants and auditors"
"12893368",5240,21500,2022,2018,202203,5221554,16,569.9,1,280566,1,12,114334,15,2,57,1,100,0,0,8,81,0,0,0,0,70144,44,"Erie, PA","Customer service representatives"
"8247782",1360,12060,2022,2022,202203,1941346,23,3075.2,4,5286728,1,13,111000,23,1,32,1,100,0,0,11,114,24,2406,0,0,105000,84,"Atlanta-Sandy Springs-Roswell, GA","Civil engineers"
"6535501",20,16740,2022,2020,202203,4617237,16,293.7,6,676616,1,13,75580,16,1,66,1,100,0,0,7,71,0,0,0,0,75580,68,"Charlotte-Concord-Gastonia, NC-SC","General and operations managers"
"8238392",1360,41500,2022,2020,202203,697289,62,551.1,6,773149,1,13,153881,92,2,26,8,826,1,100,10,101,24,2400,0,0,95184,84,"Salinas, CA","Civil engineers"
"3998911",0,41620,2022,2021,202203,6399612,7,5696.8,4,1087873,1,13,127115,7,2,68,6,640,0,0,6,61,0,0,0,0,6594,0,"Salt Lake City, UT","N/A (not applicable)"
"6897401",220,17460,2022,2020,202203,4915488,16,331,1,2077240,1,13,183569,14,1,58,1,100,0,0,10,101,24,2406,0,0,69122,68,"Cleveland-Elyria, OH","Construction managers"
"2566649",0,0,2022,2020,202203,3250970,13,86.3,0,39966,1,12,24612,22,1,63,1,100,0,0,6,63,0,0,0,0,12238,0,"Not in identifiable area","N/A (not applicable)"
"12512501",4850,17140,2022,2022,202203,2715272,12,423.5,4,1036221,1,13,61100,12,2,59,1,100,0,0,7,71,0,0,0,0,36000,47,"Cincinnati, OH-KY-IN","Sales representatives, wholesale and manufacturing"
"13832967",6240,0,2022,2018,202203,5652819,15,50.4,0,14203,1,13,90485,13,1,55,1,100,0,0,6,64,0,0,0,0,75989,12,"Not in identifiable area","Carpet, floor, and tile installers and finishers"
"14584969",7905,35840,2022,2018,202203,1385374,18,854.4,1,702281,2,22,112347,24,1,23,1,100,0,0,7,71,0,0,0,0,23381,53,"North Port-Sarasota-Bradenton, FL","Computer numerically controlled tool operators and programmers"
"3170554",0,41540,2022,2019,202203,2899860,21,423.3,1,373802,1,13,462157,23,2,73,1,100,0,0,6,63,0,0,0,0,0,0,"Salisbury, MD-DE","N/A (not applicable)"
"9228732",2360,37980,2022,2021,202203,3987516,23,842.3,2,5965343,1,12,112372,20,1,16,1,100,0,0,5,50,0,0,0,0,1038,52,"Philadelphia-Camden-Wilmington, PA-NJ-DE-MD","Other teachers and instructors"
"6405250",10,41740,2022,2019,202203,618961,22,2956.2,1,3095313,2,22,459287,22,1,77,1,100,0,0,11,116,55,5501,55,5504,430581,68,"San Diego-Carlsbad, CA","Chief executives and legislators"
"7163176",440,0,2022,2022,202203,5199709,21,1677.9,0,157733,2,22,64000,21,1,58,1,100,0,0,11,114,62,6207,0,0,59000,68,"Not in identifiable area","Other managers"
"14406662",7420,31080,2022,2018,202203,465083,16,11264.4,1,12828837,2,22,136780,16,1,41,1,100,4,412,10,101,24,2408,0,0,107554,49,"Los Angeles-Long Beach-Anaheim, CA","Telecommunications line installers and repairers"
"6272569",0,35620,2022,2018,202203,4116801,8,30355.4,2,19567410,1,12,1870,8,2,60,1,100,0,0,8,81,0,0,0,0,0,0,"New York-Newark-Jersey City, NY-NJ-PA","N/A (not applicable)"
"13052314",5330,12060,2022,2018,202203,1794527,48,964.2,4,5286728,1,13,58453,47,2,54,2,200,0,0,7,71,0,0,0,0,58453,44,"Atlanta-Sandy Springs-Roswell, GA","Loan interviewers and clerks"
"3232393",0,0,2022,2022,202203,4704986,15,251.1,0,91530,1,13,86000,24,1,14,1,100,4,423,3,30,0,0,0,0,9999999,0,"Not in identifiable area","N/A (not applicable)"
"14327612",7330,17460,2022,2019,202203,4862903,12,2888.3,1,2077240,1,13,142149,12,1,48,2,200,0,0,7,71,0,0,0,0,97598,27,"Cleveland-Elyria, OH","Industrial and refractory machinery mechanics"
"2754226",0,27260,2022,2022,202203,1733277,17,216.6,4,1345596,1,13,85900,17,2,75,1,100,0,0,10,101,62,6200,0,0,36900,0,"Jacksonville, FL","N/A (not applicable)"
"5668222",0,30780,2022,2022,202203,335225,22,372.8,1,699712,1,12,126000,13,1,18,1,100,0,0,7,71,0,0,0,0,0,0,"Little Rock-North Little Rock-Conway, AR","N/A (not applicable)"
"6634086",110,19100,2022,2022,202203,6307122,9,4922.3,3,6426214,1,13,153800,8,2,62,1,100,0,0,10,101,62,6212,0,0,110000,68,"Dallas-Fort Worth-Arlington, TX","Computer and information systems managers"
"9831483",3255,37980,2022,2022,202203,5490791,69,1181.4,2,5965343,1,13,155000,69,2,33,1,100,0,0,10,101,61,6107,61,6105,80000,46,"Philadelphia-Camden-Wilmington, PA-NJ-DE-MD","Registered nurses"
"15066404",9130,0,2022,2019,202203,2014467,6,34.7,0,35454,1,13,115281,6,1,47,8,826,1,100,2,23,0,0,0,0,34447,15,"Not in identifiable area","Driver/sales workers and truck drivers"
"2784624",0,16980,2022,2018,202203,2091585,15,14727.8,2,9461105,2,22,77275,16,2,10,2,200,0,0,1,17,0,0,0,0,9999999,0,"Chicago-Naperville-Elgin, IL-IN-WI","N/A (not applicable)"
"13969891",6330,47900,2022,2018,202203,6470649,34,3668.6,5,5636232,2,22,39514,33,1,57,1,100,4,450,8,81,0,0,0,0,22680,18,"Washington-Arlington-Alexandria, DC-VA-MD-WV","Drywall installers, ceiling tile installers, and tapers"
"12639171",5000,0,2022,2021,202203,1892902,6,63.7,0,26571,1,12,90126,8,2,50,1,100,0,0,10,101,23,2300,0,0,32211,68,"Not in identifiable area","First-line supervisors of office and administrative support workers"
"10827865",4030,0,2022,2018,202203,3698417,11,104.4,0,32907,1,12,128597,16,2,71,1,100,0,0,7,71,0,0,0,0,16834,15,"Not in identifiable area","Food preparation workers"
"3881810",0,29540,2022,2022,202203,5505855,55,4394.2,1,519445,1,13,142460,73,2,10,9,904,2,200,1,17,0,0,0,0,9999999,0,"Lancaster, PA","N/A (not applicable)"
"387639",0,33100,2022,2021,202203,1600840,16,5424,2,5564635,2,22,129709,16,2,25,1,100,0,0,11,114,52,5200,0,0,0,0,"Miami-Fort Lauderdale-West Palm Beach, FL","N/A (not applicable)"
"2945597",0,28940,2022,2021,202203,5782196,16,1397,6,837571,1,13,218344,19,1,1,1,100,0,0,0,1,0,0,0,0,9999999,0,"Knoxville, TN","N/A (not applicable)"
"11527129",4500,35620,2022,2019,202203,3930776,21,30296.2,2,19567410,2,22,48225,21,1,37,7,700,2,200,6,65,0,0,0,0,24113,17,"New York-Newark-Jersey City, NY-NJ-PA","Barbers"
"9796780",3255,26900,2022,2020,202203,2392217,3,699.2,1,1887877,1,13,106968,2,2,27,1,100,0,0,8,81,0,0,0,0,31728,46,"Indianapolis-Carmel-Anderson, IN","Registered nurses"
"12104241",4720,0,2022,2020,202203,3435169,68,280.6,0,47260,1,13,214390,58,2,18,1,100,0,0,5,50,0,0,0,0,1360,44,"Not in identifiable area","Cashiers"
"4459326",0,41860,2022,2018,202203,477303,80,7597.7,1,4335391,2,22,79262,78,2,10,1,100,1,100,2,22,0,0,0,0,9999999,0,"San Francisco-Oakland-Hayward, CA","N/A (not applicable)"
"11125123",4150,0,2022,2019,202203,2653244,25,235.3,0,110423,2,22,23883,24,2,24,1,100,0,0,7,71,0,0,0,0,919,15,"Not in identifiable area","Hosts and hostesses, restaurant, lounge, and coffee shop"
"13049137",5330,16980,2022,2020,202203,2200207,5,16893.1,2,9461105,1,13,226628,5,2,34,1,100,0,0,10,101,62,6203,0,0,113314,44,"Chicago-Naperville-Elgin, IL-IN-WI","Loan interviewers and clerks"
"3694551",0,40900,2022,2022,202203,981144,49,5988.6,1,2149127,2,22,115000,38,2,18,6,600,0,0,6,63,0,0,0,0,0,0,"Sacramento--Roseville--Arden-Arcade, CA","N/A (not applicable)"
"14215629",7200,0,2022,2021,202203,6929899,25,963.4,0,225666,1,12,88148,24,1,30,1,100,0,0,6,64,0,0,0,0,37832,19,"Not in identifiable area","Automotive service technicians and mechanics"
"3678053",0,36740,2022,2021,202203,1621747,42,4899.7,4,2134411,2,22,86473,33,1,15,7,700,3,300,2,26,0,0,0,0,0,0,"Orlando-Kissimmee-Sanford, FL","N/A (not applicable)"
"2671407",0,0,2022,2019,202203,6501976,12,1119.4,0,218705,1,13,166446,9,2,49,1,100,0,0,10,101,55,5507,0,0,0,0,"Not in identifiable area","N/A (not applicable)"
"2140319",0,0,2022,2022,202203,1976999,4,131.4,0,89895,1,12,70000,4,2,7,1,100,0,0,1,15,0,0,0,0,9999999,0,"Not in identifiable area","N/A (not applicable)"
"9469774",2700,16740,2022,2020,202203,4632237,76,2656.3,6,2217012,1,13,85892,96,1,18,1,100,0,0,6,65,0,0,0,0,340,60,"Charlotte-Concord-Gastonia, NC-SC","Actors"
"5335188",0,35620,2022,2020,202203,3934871,20,5270.8,2,19567410,0,0,9999999,20,1,62,1,100,0,0,7,71,0,0,0,0,0,0,"New York-Newark-Jersey City, NY-NJ-PA","N/A (not applicable)"
"3245429",0,26420,2022,2018,202203,5893553,58,468.3,3,5920416,1,13,139118,79,2,15,1,100,0,0,3,30,0,0,0,0,0,0,"Houston-The Woodlands-Sugar Land, TX","N/A (not applicable)"
"12101766",4720,0,2022,2022,202203,1931952,3,124.1,0,58192,0,0,9999999,3,2,19,1,100,0,0,7,71,0,0,0,0,4600,44,"Not in identifiable area","Cashiers"
"3604248",0,16980,2022,2022,202203,2284804,14,4656,3,9461105,1,12,59060,10,1,86,1,100,0,0,6,63,0,0,0,0,27700,0,"Chicago-Naperville-Elgin, IL-IN-WI","N/A (not applicable)"
"10850508",4030,17460,2022,2020,202203,4889483,6,6546.8,1,2077240,1,13,72748,8,2,31,2,200,0,0,0,2,0,0,0,0,16997,15,"Cleveland-Elyria, OH","Food preparation workers"
"5829608",0,40140,2022,2019,202203,550622,9,3408.8,1,4224851,1,13,124053,9,1,14,8,801,0,0,2,26,0,0,0,0,9999999,0,"Riverside-San Bernardino-Ontario, CA","N/A (not applicable)"
"7861748",850,37980,2022,2022,202203,5462249,14,3399.5,2,5965343,1,13,109100,14,2,78,1,100,0,0,7,71,0,0,0,0,109100,73,"Philadelphia-Camden-Wilmington, PA-NJ-DE-MD","Personal financial advisors"
"10988411",4110,38300,2022,2020,202203,5362755,31,1154.8,5,2356285,1,13,210141,21,2,17,1,100,0,0,5,50,0,0,0,0,9065,16,"Pittsburgh, PA","Waiters and waitresses"
"14762999",8710,26420,2022,2018,202203,5833428,66,7591.3,3,5920416,2,22,83003,67,1,55,1,100,1,100,6,63,0,0,0,0,29226,18,"Houston-The Woodlands-Sugar Land, TX","Cutting workers"
"8073136",1050,23580,2022,2019,202203,1817335,15,636.9,1,179684,1,13,281313,22,1,30,1,100,0,0,10,101,21,2102,0,0,45929,65,"Gainesville, GA","Computer support specialists"
"3386000",0,21340,2022,2019,202203,5976574,8,3325.3,2,804123,1,13,44436,8,1,49,1,100,0,0,8,81,0,0,0,0,44436,0,"El Paso, TX","N/A (not applicable)"
"4923538",0,38060,2022,2022,202203,265709,10,968,2,4192887,1,12,38700,11,2,81,1,100,0,0,11,114,23,2311,23,2313,38700,0,"Phoenix-Mesa-Scottsdale, AZ","N/A (not applicable)"
"8542324",2006,0,2022,2022,202203,1975197,18,2310.7,0,347611,2,22,25600,17,2,34,2,200,0,0,11,114,52,5200,0,0,25600,65,"Not in identifiable area","Counselors, all other"
"13723702",6200,0,2022,2018,202203,5826459,7,52.6,0,20173,0,0,9999999,7,1,28,1,100,4,413,4,40,0,0,0,0,52608,68,"Not in identifiable area","First-line supervisors of construction trades and extraction workers"
"8907470",2300,42660,2022,2019,202203,6668985,33,3558.4,1,3439809,2,22,58789,33,2,25,2,200,0,0,6,65,0,0,0,0,1378,72,"Seattle-Tacoma-Bellevue, WA","Preschool and kindergarten teachers"
"7405466",520,17820,2022,2018,202203,1082773,22,3693.3,1,645613,0,0,9999999,22,1,17,1,100,1,100,7,71,0,0,0,0,585,72,"Colorado Springs, CO","Wholesale and retail buyers, except farm products"
"6825536",205,0,2022,2020,202203,1136529,38,17.1,0,16732,1,13,140963,38,2,44,1,100,0,0,6,63,0,0,0,0,48725,14,"Not in identifiable area","Farmers, ranchers, and other agricultural managers"
"370679",0,45300,2022,2020,202203,1566416,5,4766.9,1,2783243,2,22,84306,11,2,0,8,801,2,200,0,1,0,0,0,0,9999999,0,"Tampa-St. Petersburg-Clearwater, FL","N/A (not applicable)"
"14932975",8990,0,2022,2021,202203,6579765,14,84.4,0,61764,1,12,64963,14,2,55,1,100,0,0,6,63,0,0,0,0,64963,18,"Not in identifiable area","Miscellaneous production workers, including equipment operators and tenders"
"11430764",4251,0,2022,2019,202203,157179,14,174.8,0,100242,0,0,9999999,14,1,30,3,315,0,0,7,71,0,0,0,0,14927,11,"Not in identifiable area","Landscaping and groundskeeping workers"
"10232996",3602,0,2022,2019,202203,6045340,4,204.1,0,100673,1,12,48455,8,2,36,1,100,0,0,6,65,0,0,0,0,0,13,"Not in identifiable area","Personal care aides"
"2314806",0,19740,2022,2021,202203,1159848,23,653.6,4,2543482,1,13,447714,24,1,43,1,100,0,0,11,114,62,6201,0,0,0,0,"Denver-Aurora-Lakewood, CO","N/A (not applicable)"
"8581526",2014,0,2022,2020,202203,3432005,4,101.6,0,53708,1,12,108555,5,2,69,1,100,0,0,10,101,54,5404,0,0,27762,64,"Not in identifiable area","Social workers, all other"
"10269316",3602,31080,2022,2019,202203,501340,1,6249.1,1,12828837,0,0,9999999,1,1,68,6,600,0,0,8,81,0,0,0,0,20898,13,"Los Angeles-Long Beach-Anaheim, CA","Personal care aides"
"791574",0,0,2022,2018,202203,376367,5,320.1,0,134623,1,12,107437,16,1,51,1,100,0,0,4,40,0,0,0,0,0,0,"Not in identifiable area","N/A (not applicable)"
"2878767",0,38860,2022,2019,202203,2822730,24,192.3,1,514098,1,13,31002,29,1,4,1,100,0,0,1,11,0,0,0,0,9999999,0,"Portland-South Portland, ME","N/A (not applicable)"
"9601483",2920,0,2022,2021,202203,6195870,9,82.9,0,36033,2,22,29185,8,2,25,1,100,0,0,6,65,0,0,0,0,29185,50,"Not in identifiable area","Television, video, and film camera operators and editors"
"14188732",7120,19380,2022,2021,202203,4959755,12,3656.3,1,799232,2,22,18646,12,1,59,1,100,0,0,6,65,0,0,0,0,18646,36,"Dayton, OH","Electronic home entertainment equipment installers and repairers"
"12479106",4850,38860,2022,2021,202203,2837063,8,192.3,1,514098,1,13,99444,8,1,40,1,100,0,0,10,101,60,6000,0,0,49722,47,"Portland-South Portland, ME","Sales representatives, wholesale and manufacturing"
"13023687",5300,19460,2022,2019,202203,39507,19,304,1,153829,1,13,55689,25,2,34,1,100,0,0,6,65,0,0,0,0,27557,44,"Decatur, AL","Hotel, motel, and resort desk clerks"
"7770183",800,39300,2022,2018,202203,2991723,13,6313,4,1600852,1,13,94460,13,2,50,8,801,0,0,6,65,0,0,0,0,73651,78,"Providence-Warwick, RI-MA","Accountants and auditors"
"1928436",0,11460,2022,2021,202203,3287437,8,4817.2,1,344791,1,12,243205,8,1,74,1,100,0,0,11,114,62,6200,0,0,170784,0,"Ann Arbor, MI","N/A (not applicable)"
"15182662",9130,40140,2022,2021,202203,881948,64,277.8,1,4224851,2,21,54046,64,2,27,7,700,1,100,6,63,0,0,0,0,17295,15,"Riverside-San Bernardino-Ontario, CA","Driver/sales workers and truck drivers"
"7703641",750,37980,2022,2018,202203,5254092,10,6611.3,2,5965343,1,12,101124,9,1,60,1,100,2,200,6,64,0,0,0,0,52608,66,"Philadelphia-Camden-Wilmington, PA-NJ-DE-MD","Business operations specialists, all other"
"12209375",4760,0,2022,2020,202203,3419241,3,50.1,0,26596,1,12,337676,1,2,68,1,100,0,0,7,71,0,0,0,0,21530,47,"Not in identifiable area","Retail salespersons"
"9278678",2400,16700,2022,2021,202203,5623866,26,416.1,1,664607,2,22,109172,25,1,25,1,100,0,0,10,101,21,2102,0,0,51884,68,"Charleston-North Charleston, SC","Archivists, curators, and museum technicians"
"14094413",6515,0,2022,2022,202203,1959545,4,318,0,84965,1,12,73600,4,1,68,1,100,0,0,6,63,0,0,0,0,45500,15,"Not in identifiable area","Roofers"
"9015937",2310,19820,2022,2022,202203,3357874,15,2390.2,3,4296250,1,13,195000,22,2,41,1,100,0,0,10,101,23,2300,0,0,75000,72,"Detroit-Warren-Dearborn, MI","Elementary and middle school teachers"
"9111072",2320,0,2022,2020,202203,6062665,34,52.6,0,20173,1,13,105382,28,2,74,1,100,0,0,10,101,23,2300,0,0,54391,72,"Not in identifiable area","Secondary school teachers"
"4853329",0,31900,2022,2019,202203,4846998,14,530.3,1,124475,1,12,94728,14,1,74,1,100,0,0,6,65,0,0,0,0,36284,0,"Mansfield, OH","N/A (not applicable)"
"10028150",3323,0,2022,2019,202203,3405520,3,103,0,57098,1,13,168788,3,1,39,1,100,0,0,8,81,0,0,0,0,94154,48,"Not in identifiable area","Radiologic technologists and technicians"
"5136997",0,35620,2022,2021,202203,4414012,7,27409.3,2,19567410,1,12,18484,10,1,86,7,700,4,460,4,40,0,0,0,0,13295,0,"New York-Newark-Jersey City, NY-NJ-PA","N/A (not applicable)"
"11138831",4200,33340,2022,2018,202203,6831748,20,4306.8,1,1555908,1,13,137061,20,1,61,1,100,1,100,6,63,0,0,0,0,90135,9,"Milwaukee-Waukesha-West Allis, WI","First-line supervisors of housekeeping and janitorial workers"
"9308687",2545,37980,2022,2020,202203,5390288,13,559.4,2,5965343,1,13,174504,13,2,43,1,100,0,0,8,81,0,0,0,0,15864,65,"Philadelphia-Camden-Wilmington, PA-NJ-DE-MD","Teaching assistants"
"4051763",0,19820,2022,2019,202203,3210603,25,5634.9,4,4296250,2,22,31232,32,1,38,2,200,0,0,5,50,0,0,0,0,0,0,"Detroit-Warren-Dearborn, MI","N/A (not applicable)"
"11768167",4700,41940,2022,2018,202203,400844,22,7395.7,4,1836911,1,13,149640,27,2,30,6,640,0,0,11,114,24,2412,0,0,23381,68,"San Jose-Sunnyvale-Santa Clara, CA","First-line supervisors of retail sales workers"
"14672511",8225,31080,2022,2018,202203,441661,35,10660.3,1,12828837,1,13,130818,35,1,61,7,700,1,100,2,23,0,0,0,0,63129,18,"Los Angeles-Long Beach-Anaheim, CA","Other metal workers and plastic workers"
"6538799",20,35620,2022,2021,202203,4381008,56,6305,2,19567410,1,13,183755,60,1,37,1,100,0,0,10,101,62,6201,0,0,183755,68,"New York-Newark-Jersey City, NY-NJ-PA","General and operations managers"
"1544",0,0,2022,2018,202203,1358465,12,571.6,0,367413,1,12,161330,12,2,15,1,100,0,0,3,30,0,0,0,0,0,0,"Not in identifiable area","N/A (not applicable)"
"15156751",9130,0,2022,2021,202203,5399743,14,235.9,0,372048,1,13,199969,12,1,54,1,100,0,0,6,63,0,0,0,0,99444,15,"Not in identifiable area","Driver/sales workers and truck drivers"
"3486127",0,27140,2022,2019,202203,3511241,18,233.7,5,567122,2,21,40302,19,2,61,1,100,0,0,6,64,0,0,0,0,23194,0,"Jackson, MS","N/A (not applicable)"
"14501491",7750,17300,2022,2020,202203,2673297,51,233.4,6,141615,2,22,91252,92,2,35,1,100,0,0,8,81,0,0,0,0,30595,18,"Clarksville, TN-KY","Other assemblers and fabricators"
"2752318",0,0,2022,2020,202203,6895420,8,307.3,0,86260,1,13,235127,7,1,8,1,100,0,0,1,14,0,0,0,0,9999999,0,"Not in identifiable area","N/A (not applicable)"
"11987319",4720,0,2022,2020,202203,3419204,6,50.1,0,26596,1,12,13598,5,2,72,1,100,0,0,6,63,0,0,0,0,13598,44,"Not in identifiable area","Cashiers"
"6411088",10,38900,2022,2021,202203,6749588,12,548.4,5,2226009,1,13,129709,11,1,57,1,100,0,0,10,101,14,1401,0,0,108091,68,"Portland-Vancouver-Hillsboro, OR-WA","Chief executives and legislators"
"12264383",4760,41860,2022,2022,202203,1056504,33,8111.4,1,4335391,2,22,239000,39,2,25,8,832,0,0,8,81,0,0,0,0,20000,47,"San Francisco-Oakland-Hayward, CA","Retail salespersons"
"4553214",0,12060,2022,2018,202203,1808610,69,2136.6,4,5286728,2,22,0,67,1,14,2,200,0,0,3,30,0,0,0,0,9999999,0,"Atlanta-Sandy Springs-Roswell, GA","N/A (not applicable)"
"7182990",440,19380,2022,2021,202203,4970421,28,876,1,799232,1,13,183755,26,1,43,1,100,0,0,11,114,24,2401,0,0,183755,68,"Dayton, OH","Other managers"
"15615083",9645,12060,2022,2021,202203,1907163,15,3598.4,4,5286728,1,12,190457,12,1,22,6,662,0,0,6,63,0,0,0,0,22915,44,"Atlanta-Sandy Springs-Roswell, GA","Stockers and order fillers"
"15440270",9620,36540,2022,2022,202203,3761771,27,2560.9,5,865350,1,13,95000,26,1,64,1,100,0,0,6,63,0,0,0,0,45000,8,"Omaha-Council Bluffs, NE-IA","Laborers and freight, stock, and material movers, hand"
"13340678",5740,0,2022,2020,202203,5082091,1,90.6,0,25426,1,12,42493,1,2,74,1,100,0,0,6,63,0,0,0,0,42493,61,"Not in identifiable area","Secretaries and administrative assistants, except legal, medical, and executive"
"4202196",0,47900,2022,2021,202203,2927735,7,2318.3,5,5636232,1,13,162137,6,1,2,1,100,0,0,0,1,0,0,0,0,9999999,0,"Washington-Arlington-Alexandria, DC-VA-MD-WV","N/A (not applicable)"
"5781104",0,42660,2022,2018,202203,6644163,13,2543.5,1,3439809,1,13,72482,13,1,9,1,100,0,0,1,15,0,0,0,0,9999999,0,"Seattle-Tacoma-Bellevue, WA","N/A (not applicable)"
"179534",0,0,2022,2020,202203,3617168,82,33.5,0,21287,1,12,63456,37,1,14,1,100,0,0,2,26,0,0,0,0,9999999,0,"Not in identifiable area","N/A (not applicable)"
"1014101",0,0,2022,2022,202203,5804745,38,118.4,0,33460,1,12,22100,38,2,93,1,100,0,0,6,63,0,0,0,0,8900,0,"Not in identifiable area","N/A (not applicable)"
"11583064",4521,36540,2022,2018,202203,2476923,38,217,6,214646,2,22,57284,38,2,36,1,100,0,0,6,63,0,0,0,0,23381,17,"Omaha-Council Bluffs, NE-IA","Manicurists and pedicurists"
"5355257",0,35620,2022,2020,202203,3955141,25,3248.5,2,19567410,1,13,311614,22,1,5,4,400,0,0,1,12,0,0,0,0,9999999,0,"New York-Newark-Jersey City, NY-NJ-PA","N/A (not applicable)"
"7067249",350,0,2022,2018,202203,4133218,21,386,0,52942,1,13,173021,18,2,37,1,100,0,0,11,114,62,6203,0,0,93525,46,"Not in identifiable area","Medical and health services managers"
"1682264",0,19820,2022,2021,202203,3297594,35,6331.1,4,4296250,1,12,66908,37,1,13,2,200,0,0,2,25,0,0,0,0,9999999,0,"Detroit-Warren-Dearborn, MI","N/A (not applicable)"
"7575939",705,14460,2022,2020,202203,3064091,14,19735.5,4,4552402,2,22,199433,12,2,21,1,100,0,0,7,71,0,0,0,0,39660,68,"Boston-Cambridge-Newton, MA-NH","Project management specialists"
"1156078",0,0,2022,2018,202203,3698451,2,92,0,27563,2,22,0,4,1,9,3,362,0,0,1,16,0,0,0,0,9999999,0,"Not in identifiable area","N/A (not applicable)"
"2176339",0,0,2022,2021,202203,5607701,96,121.4,0,43727,2,22,32752,37,2,6,2,200,0,0,1,12,0,0,0,0,9999999,0,"Not in identifiable area","N/A (not applicable)"
"627488",0,15180,2022,2022,202203,6260873,8,1172.7,1,406220,1,12,23700,9,2,70,7,700,1,100,6,64,0,0,0,0,5800,0,"Brownsville-Harlingen, TX","N/A (not applicable)"
"11910336",4710,45300,2022,2020,202203,1560978,10,3220.2,1,2783243,1,13,86119,10,1,56,1,100,0,0,6,65,0,0,0,0,74787,68,"Tampa-St. Petersburg-Clearwater, FL","First-line supervisors of non-retail sales workers"
"1313914",0,28140,2022,2020,202203,2584156,39,2120.1,5,2009342,1,13,135977,57,2,3,1,100,0,0,0,2,0,0,0,0,9999999,0,"Kansas City, MO-KS","N/A (not applicable)"
"12182575",4760,34980,2022,2018,202203,5700195,7,677,5,1670890,1,12,522710,6,2,53,1,100,0,0,11,114,23,2300,0,0,8230,47,"Nashville-Davidson--Murfreesboro--Franklin, TN","Retail salespersons"
"9012368",2310,0,2022,2021,202203,4682352,9,218.4,0,279610,1,12,55883,9,2,62,1,100,0,0,10,101,23,2304,0,0,432,72,"Not in identifiable area","Elementary and middle school teachers"
"14857172",8950,27140,2022,2019,202203,3506640,17,302.9,5,567122,1,12,46044,18,1,31,1,100,0,0,6,63,0,0,0,0,46044,8,"Jackson, MS","Helpers--production workers"
"11853081",4700,0,2022,2019,202203,3219619,29,123.3,0,126933,1,13,34447,29,2,29,1,100,0,0,6,63,0,0,0,0,34447,68,"Not in identifiable area","First-line supervisors of retail sales workers"
"10235212",3602,0,2022,2021,202203,6160901,11,69.6,0,39020,1,13,47128,15,2,31,1,100,0,0,6,64,0,0,0,0,5621,13,"Not in identifiable area","Personal care aides"
"5079219",0,41740,2022,2022,202203,1073719,15,3063.1,1,3095313,1,13,4600,15,2,77,1,100,0,0,10,101,61,6109,0,0,4600,0,"San Diego-Carlsbad, CA","N/A (not applicable)"
"13031701",5310,10580,2022,2022,202203,4474955,6,2484,4,870716,1,12,43530,6,1,74,1,100,0,0,6,63,0,0,0,0,16530,44,"Albany-Schenectady-Troy, NY","Interviewers, except eligibility and loan"
"2659572",0,0,2022,2019,202203,6497108,17,53.8,0,35552,1,12,86116,17,1,71,2,200,0,0,11,114,23,2314,0,0,86116,0,"Not in identifiable area","N/A (not applicable)"
"8291609",1440,47260,2022,2019,202203,6507637,20,3429.8,5,1676822,1,13,169936,19,1,48,2,200,0,0,10,101,25,2503,0,0,107932,82,"Virginia Beach-Norfolk-Newport News, VA-NC","Marine engineers and naval architects"
"14876085",8990,45780,2022,2018,202203,4777765,4,294.5,5,610001,1,13,75872,4,2,25,1,100,0,0,6,65,0,0,0,0,6430,18,"Toledo, OH","Miscellaneous production workers, including equipment operators and tenders"
"2398365",0,12580,2022,2022,202203,2962264,11,4834.8,3,2710489,2,22,59000,12,1,68,6,600,0,0,6,65,0,0,0,0,39000,0,"Baltimore-Columbia-Towson, MD","N/A (not applicable)"
"5807714",0,35620,2022,2019,202203,3897785,25,409.6,2,19567410,0,0,9999999,25,1,16,2,200,0,0,2,26,0,0,0,0,0,0,"New York-Newark-Jersey City, NY-NJ-PA","N/A (not applicable)"
"8393534",1560,0,2022,2019,202203,5289451,8,553.5,0,93015,1,13,130667,8,1,32,1,100,0,0,8,81,0,0,0,0,75553,48,"Not in identifiable area","Surveying and mapping technicians"
"3642387",0,31080,2022,2022,202203,1058768,24,3442.5,1,12828837,2,22,184000,23,2,2,1,100,0,0,0,1,0,0,0,0,9999999,0,"Los Angeles-Long Beach-Anaheim, CA","N/A (not applicable)"
"4594447",0,14860,2022,2018,202203,1209175,7,1371.2,1,916829,1,13,203300,8,2,64,1,100,0,0,11,114,23,2304,0,0,11691,0,"Bridgeport-Stamford-Norwalk, CT","N/A (not applicable)"
"3298468",0,30780,2022,2021,202203,319730,7,324.2,4,699757,1,12,64855,6,1,71,1,100,0,0,10,101,62,6203,0,0,38913,0,"Little Rock-North Little Rock-Conway, AR","N/A (not applicable)"
"4196405",0,47900,2022,2019,202203,6499651,47,1068.1,5,5636232,1,13,156272,50,1,15,6,610,0,0,4,40,0,0,0,0,0,0,"Washington-Arlington-Alexandria, DC-VA-MD-WV","N/A (not applicable)"
"1786816",0,0,2022,2021,202203,5425480,23,463.4,0,96997,1,13,1621,23,1,62,1,100,0,0,6,63,0,0,0,0,1621,0,"Not in identifiable area","N/A (not applicable)"
"7442440",540,38300,2022,2021,202203,5425221,44,1054.6,5,2356285,2,22,64855,45,1,53,1,100,0,0,11,114,24,2414,0,0,64855,66,"Pittsburgh, PA","Claims adjusters, appraisers, examiners, and investigators"
"3446004",0,10900,2022,2022,202203,4034795,13,646.8,1,821173,1,12,84200,13,1,77,1,100,0,0,2,26,0,0,0,0,24200,0,"Allentown-Bethlehem-Easton, PA-NJ","N/A (not applicable)"
"3828844",0,19740,2022,2022,202203,1201167,30,5237.1,4,2543482,1,13,315000,41,2,12,8,813,0,0,2,23,0,0,0,0,9999999,0,"Denver-Aurora-Lakewood, CO","N/A (not applicable)"
"6402157",10,0,2022,2022,202203,2308511,20,175.2,0,39848,2,22,76100,21,1,67,1,100,0,0,10,101,62,6203,0,0,76100,68,"Not in identifiable area","Chief executives and legislators"
"9733763",3160,31080,2022,2022,202203,1079847,11,3736.3,1,12828837,1,13,153000,11,1,48,6,600,0,0,11,114,24,2414,0,0,87000,58,"Los Angeles-Long Beach-Anaheim, CA","Physical therapists"
"3325053",0,0,2022,2019,202203,5659962,15,2599.4,0,228261,1,12,229643,12,1,9,2,200,0,0,1,15,0,0,0,0,9999999,0,"Not in identifiable area","N/A (not applicable)"
"105403",0,12580,2022,2019,202203,2882736,14,1255.1,3,2710489,1,13,292795,15,2,65,4,400,0,0,6,63,0,0,0,0,0,0,"Baltimore-Columbia-Towson, MD","N/A (not applicable)"
"10427401",3649,0,2022,2022,202203,3543498,24,158.3,0,32503,2,22,0,23,2,34,2,200,0,0,6,61,0,0,0,0,0,38,"Not in identifiable area","Phlebotomists"
"11649497",4600,35300,2022,2018,202203,1213319,13,4888,1,862477,2,22,23381,14,2,35,1,100,4,460,6,63,0,0,0,0,23381,26,"New Haven-Milford, CT","Childcare workers"
"3362755",0,41740,2022,2018,202203,465641,17,4393.3,1,3095313,2,22,0,17,2,8,7,700,1,100,1,14,0,0,0,0,9999999,0,"San Diego-Carlsbad, CA","N/A (not applicable)"
"5284921",0,45300,2022,2019,202203,1503523,10,814.9,1,2783243,1,12,21242,19,1,1,1,100,0,0,0,1,0,0,0,0,9999999,0,"Tampa-St. Petersburg-Clearwater, FL","N/A (not applicable)"
"2281232",0,12420,2022,2022,202203,6313917,30,643.6,3,1716289,1,12,9600,35,2,44,7,700,1,100,6,63,0,0,0,0,0,0,"Austin-Round Rock, TX","N/A (not applicable)"
"14165305",7000,24860,2022,2021,202203,5608234,31,636.2,5,824112,1,13,39345,32,1,64,1,100,0,0,6,63,0,0,0,0,17403,49,"Greenville-Anderson-Mauldin, SC","First-line supervisors of mechanics, installers, and repairers"
"838196",0,0,2022,2020,202203,2828824,10,45.1,0,43345,1,12,28555,10,1,61,1,100,0,0,7,71,0,0,0,0,20397,0,"Not in identifiable area","N/A (not applicable)"
"6112723",0,47260,2022,2018,202203,6472077,34,5270.5,5,1676822,2,22,8183,34,2,83,2,200,0,0,2,26,0,0,0,0,8183,0,"Virginia Beach-Norfolk-Newport News, VA-NC","N/A (not applicable)"
"8018613",1021,19780,2022,2018,202203,2478101,37,677.9,6,569633,2,22,96331,37,1,28,1,100,0,0,10,101,53,5301,0,0,47230,65,"Des Moines-West Des Moines, IA","Software developers"
"14749071",8620,47900,2022,2019,202203,6493833,28,134.6,5,1234820,1,12,229758,16,1,61,1,100,0,0,6,65,0,0,0,0,103340,47,"Washington-Arlington-Alexandria, DC-VA-MD-WV","Water and wastewater treatment plant and system operators"
"7658687",726,17820,2022,2018,202203,1096497,11,3693.3,1,645613,1,13,58453,11,2,59,1,100,0,0,10,101,19,1901,0,0,58453,47,"Colorado Springs, CO","Fundraisers"
"2059348",0,14460,2022,2022,202203,3853852,24,544.7,3,1474090,1,13,110000,32,2,53,1,100,0,0,8,81,0,0,0,0,28900,0,"Boston-Cambridge-Newton, MA-NH","N/A (not applicable)"
"13568424",5860,47900,2022,2020,202203,6520255,12,4241.2,5,5636232,1,12,199886,26,1,20,1,100,0,0,7,71,0,0,0,0,0,44,"Washington-Arlington-Alexandria, DC-VA-MD-WV","Office clerks, general"
"1204863",0,0,2022,2022,202203,3720866,23,2705.7,0,158934,1,12,137700,23,2,87,1,100,0,0,7,71,0,0,0,0,16000,0,"Not in identifiable area","N/A (not applicable)"
"2892422",0,0,2022,2020,202203,2671629,5,4461.3,0,472099,2,22,35467,16,1,34,2,200,0,0,6,63,0,0,0,0,0,0,"Not in identifiable area","N/A (not applicable)"
"13168773",5510,38300,2022,2022,202203,5471496,19,2728.1,5,2356285,2,22,143000,59,1,30,8,801,0,0,10,101,21,2102,0,0,22000,28,"Pittsburgh, PA","Couriers and messengers"
"15285565",9600,31140,2022,2019,202203,2652704,91,2469.2,3,1235708,1,13,77505,104,2,41,1,100,0,0,7,71,0,0,0,0,54540,18,"Louisville/Jefferson County, KY-IN","Industrial truck and tractor operators"
"15331291",9610,35380,2022,2019,202203,2749929,58,6504.4,1,1189866,2,22,83820,73,1,38,2,200,0,0,6,64,0,0,0,0,70041,8,"New Orleans-Metairie, LA","Cleaners of vehicles and equipment"
"2685502",0,14260,2022,2022,202203,2038150,19,1016.9,5,616559,2,22,98000,20,1,6,1,100,0,0,1,12,0,0,0,0,9999999,0,"Boise City, ID","N/A (not applicable)"
"1690921",0,0,2022,2022,202203,6344837,19,213.9,0,107044,1,12,44600,17,2,85,1,100,0,0,6,63,0,0,0,0,16800,0,"Not in identifiable area","N/A (not applicable)"
"2571",0,0,2022,2018,202203,3167281,11,219,0,78400,2,22,47113,10,1,94,1,100,0,0,0,2,0,0,0,0,47113,0,"Not in identifiable area","N/A (not applicable)"
"3084446",0,29540,2022,2022,202203,5485648,32,1382.4,1,519445,1,13,133000,17,1,7,1,100,0,0,1,12,0,0,0,0,9999999,0,"Lancaster, PA","N/A (not applicable)"
"5110695",0,19660,2022,2018,202203,1356415,11,761.1,1,590289,1,12,41502,12,1,11,1,100,1,100,1,17,0,0,0,0,9999999,0,"Deltona-Daytona Beach-Ormond Beach, FL","N/A (not applicable)"
"5908115",0,17900,2022,2019,202203,5567797,24,786.7,1,767598,1,13,187159,26,2,57,2,200,0,0,10,101,37,3700,0,0,0,0,"Columbia, SC","N/A (not applicable)"
"1436802",0,0,2022,2022,202203,6819336,18,499.7,0,137732,0,0,9999999,18,2,18,1,100,0,0,6,63,0,0,0,0,0,0,"Not in identifiable area","N/A (not applicable)"
"3965377",0,17660,2022,2022,202203,2039825,30,918.5,4,138493,2,22,75060,37,2,8,1,100,0,0,1,14,0,0,0,0,9999999,0,"Coeur d'Alene, ID","N/A (not applicable)"
"900027",0,16740,2022,2022,202203,4738429,14,2948.5,5,2217012,1,13,168300,13,1,9,1,100,0,0,1,16,0,0,0,0,9999999,0,"Charlotte-Concord-Gastonia, NC-SC","N/A (not applicable)"
"6488208",10,35620,2022,2021,202203,3987082,6,3250.6,2,19567410,1,13,737182,11,1,43,1,100,0,0,10,101,64,6402,0,0,737182,68,"New York-Newark-Jersey City, NY-NJ-PA","Chief executives and legislators"
"15447897",9620,48620,2022,2018,202203,2555952,5,794.4,5,630919,1,13,94811,5,1,52,1,100,0,0,8,81,0,0,0,0,42086,8,"Wichita, KS","Laborers and freight, stock, and material movers, hand"
"1992217",0,0,2022,2020,202203,4060496,4,39,0,66697,2,21,929,7,1,59,3,399,0,0,2,25,0,0,0,0,929,0,"Not in identifiable area","N/A (not applicable)"
"7923946",1006,19100,2022,2018,202203,5904871,16,4630.6,3,6426214,2,22,151978,16,1,62,1,100,0,0,7,71,0,0,0,0,151978,65,"Dallas-Fort Worth-Arlington, TX","Computer systems analysts"
"8223671",1320,38900,2022,2020,202203,6697083,13,3919.8,5,2226009,1,13,165325,13,1,44,1,100,0,0,6,65,0,0,0,0,165325,87,"Portland-Vancouver-Hillsboro, OR-WA","Aerospace engineers"
"9410063",2600,35620,2022,2020,202203,4330111,1,40676.5,2,19567410,1,12,111388,34,2,68,4,400,0,0,6,63,0,0,0,0,16997,67,"New York-Newark-Jersey City, NY-NJ-PA","Artists and related workers"
"5731820",0,40380,2022,2021,202203,4413433,15,1928.5,6,1079671,1,13,109842,25,1,16,1,100,0,0,4,40,0,0,0,0,0,0,"Rochester, NY","N/A (not applicable)"
"13871055",6260,35620,2022,2021,202203,4403271,11,30355.4,2,19567410,1,12,77177,11,1,51,1,100,0,0,0,2,0,0,0,0,24429,8,"New York-Newark-Jersey City, NY-NJ-PA","Construction laborers"
"1215784",0,16980,2022,2020,202203,2192183,18,17491.2,2,9461105,2,22,1530,18,2,58,2,200,0,0,8,81,0,0,0,0,1530,0,"Chicago-Naperville-Elgin, IL-IN-WI","N/A (not applicable)"
"2146721",0,41940,2022,2019,202203,564749,12,5748.9,4,1836911,1,13,665966,13,2,40,4,400,0,0,11,114,24,2400,0,0,2296,0,"San Jose-Sunnyvale-Santa Clara, CA","N/A (not applicable)"
"8369882",1555,0,2022,2022,202203,3321869,5,187.2,0,53882,1,12,93600,4,2,58,1,100,0,0,6,63,0,0,0,0,41600,62,"Not in identifiable area","Other engineering technologists and technicians, except drafters"
"4992910",0,37980,2022,2020,202203,3936392,14,842.3,2,5965343,1,12,109915,14,2,11,1,100,0,0,2,22,0,0,0,0,9999999,0,"Philadelphia-Camden-Wilmington, PA-NJ-DE-MD","N/A (not applicable)"
"9214743",2350,0,2022,2019,202203,3388954,23,431.9,0,74026,0,0,9999999,23,2,21,4,400,0,0,7,71,0,0,0,0,38350,52,"Not in identifiable area","Tutors"
"1887458",0,0,2022,2020,202203,1866137,64,38.1,0,65442,1,12,13598,20,2,64,1,100,0,0,4,40,0,0,0,0,0,0,"Not in identifiable area","N/A (not applicable)"
"8740624",2145,26420,2022,2022,202203,6258525,52,3249.1,3,5920416,1,13,81130,52,1,39,7,700,4,416,7,71,0,0,0,0,32300,44,"Houston-The Woodlands-Sugar Land, TX","Paralegals and legal assistants"
"12408986",4830,31080,2022,2020,202203,745216,32,8778.5,1,12828837,1,12,65835,33,2,64,2,200,0,0,11,114,55,5599,36,3600,65835,60,"Los Angeles-Long Beach-Anaheim, CA","Travel agents"
"6628583",110,35620,2022,2018,202203,3866228,17,45585.5,2,19567410,1,13,367085,16,1,40,6,610,0,0,11,114,21,2102,0,0,226798,68,"New York-Newark-Jersey City, NY-NJ-PA","Computer and information systems managers"
"1754048",0,0,2022,2019,202203,5657367,6,50.4,0,14203,1,12,62004,5,2,90,1,100,0,0,6,63,0,0,0,0,62004,0,"Not in identifiable area","N/A (not applicable)"
"10789552",4020,10580,2022,2021,202203,4413655,13,825.3,4,870716,1,13,125710,16,1,30,1,100,0,0,6,64,0,0,0,0,37940,15,"Albany-Schenectady-Troy, NY","Cooks"
"9460268",2640,0,2022,2022,202203,2460956,22,121.2,0,192786,1,13,200000,19,2,39,1,100,0,0,10,101,60,6004,0,0,95000,73,"Not in identifiable area","Other designers"
"3150381",0,0,2022,2020,202203,5074572,5,458.8,0,937478,1,12,99150,5,1,76,1,100,0,0,10,101,11,1105,0,0,99150,0,"Not in identifiable area","N/A (not applicable)"
"7300868",440,47900,2022,2021,202203,6560679,44,3601.1,5,5636232,1,13,162137,44,2,42,2,200,0,0,11,114,62,6200,0,0,162137,68,"Washington-Arlington-Alexandria, DC-VA-MD-WV","Other managers"
"2994748",0,33460,2022,2020,202203,3412913,13,2274.2,5,3348859,0,0,9999999,13,1,45,1,100,0,0,6,63,0,0,0,0,0,0,"Minneapolis-St. Paul-Bloomington, MN-WI","N/A (not applicable)"
"6250574",0,47260,2022,2018,202203,6451788,31,3642.1,5,1676822,1,12,18705,17,2,0,2,200,0,0,0,1,0,0,0,0,9999999,0,"Virginia Beach-Norfolk-Newport News, VA-NC","N/A (not applicable)"
"6110325",0,49660,2022,2018,202203,5261559,25,419,1,565773,2,22,81367,22,1,2,1,100,0,0,0,1,0,0,0,0,9999999,0,"Youngstown-Warren-Boardman, OH-PA","N/A (not applicable)"
"6828081",205,22220,2022,2018,202203,287805,30,708.5,5,463204,1,12,142041,29,1,76,1,100,0,0,6,64,0,0,0,0,75989,14,"Fayetteville-Springdale-Rogers, AR-MO","Farmers, ranchers, and other agricultural managers"
"14259670",7210,0,2022,2019,202203,4181439,12,386,0,52942,1,13,49947,13,1,54,1,100,0,0,6,63,0,0,0,0,48225,19,"Not in identifiable area","Bus and truck mechanics and diesel engine specialists"
"8493878",1980,0,2022,2021,202203,6925806,6,64.1,0,86520,1,13,126467,7,2,56,1,100,0,0,6,64,0,0,0,0,60531,48,"Not in identifiable area","Occupational health and safety specialists and technicians"
"6693246",120,12580,2022,2019,202203,2882195,17,4166.5,3,2710489,1,12,86805,17,2,72,1,100,0,0,10,101,62,6201,21,2100,31576,68,"Baltimore-Columbia-Towson, MD","Financial managers"
"6572919",51,38900,2022,2021,202203,5180723,16,4516.2,5,2226009,1,13,389128,16,2,48,1,100,0,0,10,101,52,5200,0,0,183755,72,"Portland-Vancouver-Hillsboro, OR-WA","Marketing managers"
"5288074",0,31140,2022,2022,202203,2702860,23,2511.9,3,1235708,1,12,90000,30,1,0,2,200,0,0,0,1,0,0,0,0,9999999,0,"Louisville/Jefferson County, KY-IN","N/A (not applicable)"
"5008784",0,21340,2022,2019,202203,5962445,13,5199.2,2,804123,1,13,34791,16,2,76,1,100,1,100,7,71,0,0,0,0,7234,0,"El Paso, TX","N/A (not applicable)"
"7424225",530,41180,2022,2021,202203,3663663,19,3809.4,5,2787701,2,22,22699,19,2,66,1,100,0,0,6,65,0,0,0,0,22699,77,"St. Louis, MO-IL","Purchasing agents, except wholesale, retail, and farm products"
"1827275",0,0,2022,2019,202203,1838084,11,2226.4,0,347611,1,12,85887,11,1,92,1,100,0,0,2,26,0,0,0,0,18371,0,"Not in identifiable area","N/A (not applicable)"
"7004892",310,45300,2022,2021,202203,1656680,7,4023.9,1,2783243,1,13,211643,7,1,52,1,100,0,0,6,63,0,0,0,0,22483,68,"Tampa-St. Petersburg-Clearwater, FL","Food service managers"
"961951",0,0,2022,2020,202203,2516522,22,49.7,0,13278,1,12,73314,61,2,61,1,100,0,0,5,50,0,0,0,0,10085,0,"Not in identifiable area","N/A (not applicable)"
"4125184",0,38060,2022,2020,202203,192966,25,1218,2,4192887,1,13,109915,23,2,45,1,100,0,0,6,63,0,0,0,0,8612,0,"Phoenix-Mesa-Scottsdale, AZ","N/A (not applicable)"
"11459717",4252,0,2022,2022,202203,90382,2,62.2,0,28053,2,22,140000,3,1,41,1,100,0,0,6,63,0,0,0,0,140000,11,"Not in identifiable area","Tree trimmers and pruners"
"8664880",2100,37460,2022,2022,202203,1758811,10,881.5,5,184715,1,12,522300,10,2,62,1,100,0,0,11,115,55,5506,0,0,120300,93,"Panama City, FL","Lawyers, and judges, magistrates, and other judicial workers"
"9073882",2310,35620,2022,2022,202203,4039372,81,4859.9,2,19567410,1,13,186800,68,2,33,1,100,0,0,11,114,23,2304,0,0,80000,72,"New York-Newark-Jersey City, NY-NJ-PA","Elementary and middle school teachers"
"11012133",4110,35380,2022,2018,202203,2722640,10,6504.4,1,1189866,1,13,215107,9,2,23,9,901,1,100,7,71,0,0,0,0,10522,16,"New Orleans-Metairie, LA","Waiters and waitresses"
"10735029",4020,41620,2022,2021,202203,6403628,11,4668.6,4,1087873,2,22,79458,11,1,26,1,100,0,0,10,101,24,2410,0,0,36221,15,"Salt Lake City, UT","Cooks"
"2778647",0,14460,2022,2018,202203,2995491,12,9943.9,4,4552402,1,13,236735,11,2,80,1,100,0,0,8,81,0,0,0,0,43840,0,"Boston-Cambridge-Newton, MA-NH","N/A (not applicable)"
"9329798",2545,40140,2022,2022,202203,932225,1,3371,1,4224854,0,0,9999999,1,1,33,9,911,0,0,6,63,0,0,0,0,0,65,"Riverside-San Bernardino-Ontario, CA","Teaching assistants"
"9614769",3010,26420,2022,2018,202203,5920121,11,5538,3,5920416,2,22,251348,10,1,38,6,620,0,0,11,115,36,3601,0,0,233812,96,"Houston-The Woodlands-Sugar Land, TX","Dentists"
"13386903",5740,47260,2022,2018,202203,6441972,14,3285.9,5,1676822,1,13,70144,17,2,61,2,200,0,0,8,81,0,0,0,0,23381,61,"Virginia Beach-Norfolk-Newport News, VA-NC","Secretaries and administrative assistants, except legal, medical, and executive"
"6706145",120,33340,2022,2018,202203,6841148,21,4306.8,1,1555908,2,22,57284,21,1,36,1,100,0,0,10,101,19,1904,0,0,51439,68,"Milwaukee-Waukesha-West Allis, WI","Financial managers"
"6249565",0,39380,2022,2020,202203,1145216,3,1427.1,5,159063,1,13,60963,2,1,79,1,100,0,0,6,63,0,0,0,0,21530,0,"Pueblo, CO","N/A (not applicable)"
"13182541",5510,0,2022,2022,202203,3542253,4,78.8,0,23619,1,12,42000,5,1,26,1,100,0,0,7,71,0,0,0,0,30000,28,"Not in identifiable area","Couriers and messengers"
"10155695",3550,42660,2022,2022,202203,6774060,13,881.5,1,3439809,1,13,196000,13,2,30,1,100,0,0,11,114,36,3600,0,0,93000,48,"Seattle-Tacoma-Bellevue, WA","Other healthcare practitioners and technical occupations"
"11050005",4110,39300,2022,2022,202203,3106717,30,4120,1,1600852,1,13,89800,31,2,24,1,100,0,0,6,63,0,0,0,0,40000,16,"Providence-Warwick, RI-MA","Waiters and waitresses"
"12552940",4920,33100,2022,2020,202203,1557273,2,3404.3,2,5564635,1,12,72521,1,2,36,7,700,4,423,10,101,62,6203,0,0,4533,62,"Miami-Fort Lauderdale-West Palm Beach, FL","Real estate brokers and sales agents"
"9921803",3255,0,2022,2018,202203,3167249,4,66.4,0,44972,1,13,119595,4,2,58,1,100,0,0,8,81,0,0,0,0,66987,46,"Not in identifiable area","Registered nurses"
"12325650",4760,38060,2022,2022,202203,258433,23,3139.8,2,4192887,1,13,135300,29,2,17,1,100,0,0,4,40,0,0,0,0,4000,47,"Phoenix-Mesa-Scottsdale, AZ","Retail salespersons"
"1180392",0,16980,2022,2018,202203,2338114,10,818.3,2,9461105,1,12,62428,10,1,78,1,100,0,0,6,63,0,0,0,0,56115,0,"Chicago-Naperville-Elgin, IL-IN-WI","N/A (not applicable)"
"14273232",7210,0,2022,2019,202203,5055935,13,130.8,0,213247,1,12,48225,13,1,57,3,307,0,0,6,63,0,0,0,0,48225,19,"Not in identifiable area","Bus and truck mechanics and diesel engine specialists"
"5039064",0,38900,2022,2018,202203,5127169,24,3394.2,5,2226009,1,12,54361,20,2,69,1,100,0,0,6,63,0,0,0,0,13210,0,"Portland-Vancouver-Hillsboro, OR-WA","N/A (not applicable)"
"1390525",0,0,2022,2022,202203,2713639,9,337.9,0,85185,1,12,137100,9,2,59,1,100,0,0,10,101,36,3600,0,0,0,0,"Not in identifiable area","N/A (not applicable)"
"12408515",4830,38300,2022,2022,202203,5461081,9,505.1,5,2354860,1,13,64400,9,2,65,1,100,0,0,6,63,0,0,0,0,12400,60,"Pittsburgh, PA","Travel agents"
"10848976",4030,35620,2022,2020,202203,4308670,2,5386,2,19567410,1,13,58923,3,2,31,7,700,4,416,6,65,0,0,0,0,13598,15,"New York-Newark-Jersey City, NY-NJ-PA","Food preparation workers"
"3874690",0,17460,2022,2018,202203,4817132,12,5592.2,1,2077240,2,22,94694,17,1,0,1,100,2,200,0,1,0,0,0,0,9999999,0,"Cleveland-Elyria, OH","N/A (not applicable)"
"92655",0,0,2022,2018,202203,3172118,13,54.9,0,18864,1,12,47359,11,2,61,1,100,0,0,7,71,0,0,0,0,0,0,"Not in identifiable area","N/A (not applicable)"
"9780047",3255,0,2022,2021,202203,4929895,15,135.8,0,39848,1,13,191970,24,2,42,1,100,0,0,11,114,61,6107,0,0,92958,46,"Not in identifiable area","Registered nurses"
"6463848",10,32820,2022,2018,202203,5681771,12,3625.6,6,1324829,1,13,453011,12,2,59,1,100,0,0,11,116,62,6201,0,0,339027,68,"Memphis, TN-MS-AR","Chief executives and legislators"
"768864",0,0,2022,2018,202203,1355182,18,348.1,0,136740,1,12,33318,18,1,64,2,200,0,0,6,63,0,0,0,0,19874,0,"Not in identifiable area","N/A (not applicable)"
"7093758",410,38900,2022,2019,202203,6660143,15,548.4,5,2226009,1,12,432648,15,1,63,1,100,0,0,6,63,0,0,0,0,348828,32,"Portland-Vancouver-Hillsboro, OR-WA","Property, real estate, and community association managers"
"7705115",750,0,2022,2019,202203,2358586,17,118.5,0,192786,1,13,84394,17,1,43,1,100,0,0,10,101,36,3600,0,0,68549,66,"Not in identifiable area","Business operations specialists, all other"
"6929578",230,24860,2022,2021,202203,5611137,4,2004.3,5,824112,2,22,51559,4,1,73,1,100,0,0,10,101,37,3700,0,0,25726,72,"Greenville-Anderson-Mauldin, SC","Education and childcare administrators"
"1956044",0,0,2022,2021,202203,1897887,10,574.1,0,139588,2,22,30806,8,1,0,8,801,0,0,0,1,0,0,0,0,9999999,0,"Not in identifiable area","N/A (not applicable)"
"9641817",3050,19740,2022,2022,202203,1199138,12,3443.4,4,2543482,1,13,226000,11,1,32,1,100,0,0,11,116,36,3600,0,0,180000,82,"Denver-Aurora-Lakewood, CO","Pharmacists"
"8993782",2310,41180,2022,2021,202203,3656316,27,3809.4,5,2787701,1,13,131871,26,2,27,1,100,0,0,11,114,23,2304,0,0,45398,72,"St. Louis, MO-IL","Elementary and middle school teachers"
"3612345",0,0,2022,2018,202203,4548571,18,105,0,54954,1,13,45827,50,1,57,2,200,0,0,4,40,0,0,0,0,18939,0,"Not in identifiable area","N/A (not applicable)"
"8430323",1760,35620,2022,2022,202203,4036117,10,4193.9,2,19567410,1,13,335000,10,2,45,6,643,0,0,11,116,61,6108,0,0,170000,80,"New York-Newark-Jersey City, NY-NJ-PA","Physical scientists, all other"
"11903120",4710,45940,2022,2022,202203,4025407,11,2624,1,366517,1,12,64600,10,1,69,1,100,0,0,10,101,55,5506,55,5501,35100,68,"Trenton, NJ","First-line supervisors of non-retail sales workers"
"4973430",0,38060,2022,2018,202203,139032,23,1033.7,2,4192887,2,22,123920,21,2,16,1,100,0,0,4,40,0,0,0,0,0,0,"Phoenix-Mesa-Scottsdale, AZ","N/A (not applicable)"
"1914937",0,0,2022,2020,202203,1877428,86,150,0,117284,1,12,137223,141,2,17,1,100,0,0,4,40,0,0,0,0,0,0,"Not in identifiable area","N/A (not applicable)"
"3936926",0,42660,2022,2022,202203,6756256,26,2655,1,3439809,2,22,47000,36,2,65,6,642,0,0,6,61,0,0,0,0,5000,0,"Seattle-Tacoma-Bellevue, WA","N/A (not applicable)"
"13169616",5510,0,2022,2022,202203,5016100,13,274.3,0,132191,1,12,23800,13,1,58,1,100,0,0,6,63,0,0,0,0,23800,28,"Not in identifiable area","Couriers and messengers"
"3776609",0,0,2022,2019,202203,5281373,10,235.9,0,372048,1,13,56492,8,2,7,1,100,0,0,1,14,0,0,0,0,9999999,0,"Not in identifiable area","N/A (not applicable)"
"5828787",0,41940,2022,2022,202203,930614,17,5389.4,4,1836911,0,0,9999999,17,1,18,4,400,0,0,6,63,0,0,0,0,600,0,"San Jose-Sunnyvale-Santa Clara, CA","N/A (not applicable)"
"10818965",4030,0,2022,2018,202203,3161990,28,86.3,0,39966,1,12,65467,28,2,34,1,100,0,0,6,63,0,0,0,0,24550,15,"Not in identifiable area","Food preparation workers"
"13580164",5860,0,2022,2021,202203,4690893,8,237.8,0,114678,1,13,32427,8,2,75,2,200,0,0,7,71,0,0,0,0,32427,44,"Not in identifiable area","Office clerks, general"
"12037465",4720,31080,2022,2018,202203,367629,8,8404.8,1,12828837,2,22,53777,10,2,21,7,700,1,100,7,71,0,0,0,0,14029,44,"Los Angeles-Long Beach-Anaheim, CA","Cashiers"
"8365949",1551,47900,2022,2022,202203,2976145,9,3710,4,5636232,1,13,95100,14,1,36,1,100,0,0,7,71,0,0,0,0,90000,62,"Washington-Arlington-Alexandria, DC-VA-MD-WV","Electrical and electronic engineering technologists and technicians"
"8425077",1750,0,2022,2018,202203,5234095,18,428.4,0,215615,1,13,146834,18,2,54,1,100,0,0,10,101,50,5004,0,0,65467,80,"Not in identifiable area","Geoscientists and hydrologists, except geographers"
"14245934",7200,19820,2022,2020,202203,3269148,8,547.1,4,4296250,1,13,130311,10,1,40,1,100,0,0,6,63,0,0,0,0,54391,19,"Detroit-Warren-Dearborn, MI","Automotive service technicians and mechanics"
"7788827",800,19100,2022,2019,202203,6021145,15,4679.6,3,6426214,2,22,25307,15,2,24,1,100,0,0,11,114,62,6201,0,0,25307,78,"Dallas-Fort Worth-Arlington, TX","Accountants and auditors"
"11523534",4500,31080,2022,2022,202203,1024501,12,24154.9,1,12828837,2,22,2500,12,2,53,7,700,1,100,8,81,0,0,0,0,2500,17,"Los Angeles-Long Beach-Anaheim, CA","Barbers"
"8030202",1021,41860,2022,2018,202203,426343,12,3247.3,1,4335391,2,22,320322,12,1,43,1,100,4,450,11,116,50,5003,0,0,257193,65,"San Francisco-Oakland-Hayward, CA","Software developers"
"107534",0,0,2022,2019,202203,24063,4,200.1,0,110848,0,0,9999999,4,1,84,1,100,0,0,6,63,0,0,0,0,15616,0,"Not in identifiable area","N/A (not applicable)"
"2263215",0,12420,2022,2018,202203,5837105,31,410.8,4,1716289,2,22,18705,28,2,5,1,100,0,0,1,11,0,0,0,0,9999999,0,"Austin-Round Rock, TX","N/A (not applicable)"
"3279379",0,35300,2022,2020,202203,1240941,18,2126.3,1,862477,2,22,1926,18,2,74,1,100,0,0,6,65,0,0,0,0,1926,0,"New Haven-Milford, CT","N/A (not applicable)"
"13368726",5740,0,2022,2018,202203,6851402,6,70.9,0,69829,1,13,107554,8,2,47,1,100,0,0,8,81,0,0,0,0,60791,61,"Not in identifiable area","Secretaries and administrative assistants, except legal, medical, and executive"
"364679",0,14460,2022,2022,202203,3113018,19,5667.2,3,4552402,2,22,70200,19,1,90,1,100,0,0,7,71,0,0,0,0,70200,0,"Boston-Cambridge-Newton, MA-NH","N/A (not applicable)"
"3262780",0,35300,2022,2022,202203,1276080,9,1085.8,6,862477,1,13,137000,8,2,2,1,100,0,0,0,1,0,0,0,0,9999999,0,"New Haven-Milford, CT","N/A (not applicable)"
"448205",0,0,2022,2018,202203,3375203,11,71.5,0,16907,2,22,11691,10,2,94,1,100,0,0,6,63,0,0,0,0,11691,0,"Not in identifiable area","N/A (not applicable)"
"9088980",2310,35620,2022,2020,202203,4328801,98,3148,2,19567410,1,12,93144,76,1,63,1,100,0,0,8,81,0,0,0,0,78187,72,"New York-Newark-Jersey City, NY-NJ-PA","Elementary and middle school teachers"
"11372398",4230,26620,2022,2018,202203,21256,19,1918.1,5,417593,2,22,0,19,1,51,1,100,0,0,6,65,0,0,0,0,0,10,"Huntsville, AL","Maids and housekeeping cleaners"
"9931350",3255,37980,2022,2020,202203,5361794,5,1406.7,2,5965343,1,12,256543,7,2,64,1,100,0,0,10,101,21,2102,55,5501,88385,46,"Philadelphia-Camden-Wilmington, PA-NJ-DE-MD","Registered nurses"
"1317399",0,0,2022,2021,202203,2681129,58,246,0,233555,2,22,0,38,1,6,1,100,0,0,1,12,0,0,0,0,9999999,0,"Not in identifiable area","N/A (not applicable)"
"217173",0,33100,2022,2018,202203,1374229,62,3295.3,2,5564635,2,22,29226,62,1,65,1,100,0,0,6,63,0,0,0,0,29226,0,"Miami-Fort Lauderdale-West Palm Beach, FL","N/A (not applicable)"
"9632708",3050,12060,2022,2020,202203,1885387,34,1363.3,4,5286728,1,13,150708,35,2,33,1,100,0,0,11,115,61,6108,0,0,130311,82,"Atlanta-Sandy Springs-Roswell, GA","Pharmacists"
"10318939",3603,38300,2022,2019,202203,5280107,6,2084.8,5,2356285,2,22,88413,6,2,59,1,100,0,0,6,63,0,0,0,0,37891,13,"Pittsburgh, PA","Nursing assistants"
"4937856",0,16860,2022,2018,202203,5692853,9,501,6,528143,1,12,79496,10,1,9,1,100,0,0,1,15,0,0,0,0,9999999,0,"Chattanooga, TN-GA","N/A (not applicable)"
"2728195",0,0,2022,2022,202203,5492347,3,487.3,0,97000,2,21,15000,2,2,87,1,100,0,0,3,30,0,0,0,0,0,0,"Not in identifiable area","N/A (not applicable)"
"4449061",0,12060,2022,2019,202203,1838678,19,2021,4,5286728,1,12,46044,19,1,75,1,100,0,0,11,114,36,3600,0,0,46044,0,"Atlanta-Sandy Springs-Roswell, GA","N/A (not applicable)"
"3464325",0,35620,2022,2018,202203,4167230,12,5988.4,2,19567410,1,13,24316,12,2,68,1,100,0,0,5,50,0,0,0,0,24316,0,"New York-Newark-Jersey City, NY-NJ-PA","N/A (not applicable)"
"10305367",3603,41940,2022,2022,202203,1071090,14,9370.7,4,1836911,2,22,131000,15,2,67,6,600,0,0,8,81,0,0,0,0,23000,13,"San Jose-Sunnyvale-Santa Clara, CA","Nursing assistants"
"8656157",2060,12060,2022,2020,202203,1867717,10,2845.6,4,5286728,1,13,276033,10,1,70,1,100,0,0,10,101,25,2501,0,0,234107,56,"Atlanta-Sandy Springs-Roswell, GA","Religious workers, all other"
"13363847",5740,38300,2022,2018,202203,5226137,16,1413.5,5,2356285,1,12,170683,15,2,55,1,100,0,0,6,63,0,0,0,0,29226,61,"Pittsburgh, PA","Secretaries and administrative assistants, except legal, medical, and executive"
"13071135",5400,37340,2022,2022,202203,1718689,27,1936.7,1,543376,1,12,113000,27,2,45,2,200,0,0,6,65,0,0,0,0,18000,44,"Palm Bay-Melbourne-Titusville, FL","Receptionists and information clerks"
"14004593",6355,35620,2022,2018,202203,4129132,15,97063.9,2,19567410,2,22,90719,19,1,59,2,200,0,0,6,63,0,0,0,0,78327,44,"New York-Newark-Jersey City, NY-NJ-PA","Electricians"
"5511054",0,26900,2022,2020,202203,2386932,1,179.8,1,1887877,1,13,50651,1,2,65,1,100,0,0,6,64,0,0,0,0,12238,0,"Indianapolis-Carmel-Anderson, IN","N/A (not applicable)"
"7245826",440,0,2022,2021,202203,6925028,6,76,0,35221,1,12,83122,5,2,80,1,100,0,0,7,71,0,0,0,0,40102,68,"Not in identifiable area","Other managers"
"14349207",7340,49660,2022,2019,202203,4870598,32,1808,1,565773,2,21,20209,32,1,72,1,100,0,0,8,81,0,0,0,0,20209,27,"Youngstown-Warren-Boardman, OH-PA","Maintenance and repair workers, general"
"11708269",4640,36540,2022,2022,202203,3757332,14,4218.5,5,865350,0,0,9999999,14,2,20,8,802,1,100,7,71,0,0,0,0,500,26,"Omaha-Council Bluffs, NE-IA","Residential advisors"
"634376",0,46220,2022,2019,202203,26636,45,1889.1,5,230162,1,13,65448,32,2,14,2,200,0,0,3,30,0,0,0,0,9999999,0,"Tuscaloosa, AL","N/A (not applicable)"
"14699854",8300,33100,2022,2021,202203,1618024,26,2610.1,2,5564635,1,13,90797,25,1,57,1,100,0,0,7,71,0,0,0,0,77826,15,"Miami-Fort Lauderdale-West Palm Beach, FL","Laundry and dry-cleaning workers"
"5129751",0,40140,2022,2021,202203,835137,30,1566.5,1,4224851,2,22,50803,31,2,4,8,826,4,412,0,2,0,0,0,0,9999999,0,"Riverside-San Bernardino-Ontario, CA","N/A (not applicable)"
"1076320",0,0,2022,2019,202203,3782184,8,362.7,0,54362,1,13,136523,10,1,1,1,100,0,0,0,1,0,0,0,0,9999999,0,"Not in identifiable area","N/A (not applicable)"
"2850012",0,14460,2022,2018,202203,2996518,25,2772.6,4,4552402,1,12,191258,25,2,74,1,100,0,0,11,114,23,2304,0,0,57284,0,"Boston-Cambridge-Newton, MA-NH","N/A (not applicable)"
"9108694",2320,38900,2022,2018,202203,5132645,26,4516.2,5,2226009,1,13,478379,25,2,42,1,100,0,0,11,114,19,1901,0,0,1403,72,"Portland-Vancouver-Hillsboro, OR-WA","Secondary school teachers"
"14079",0,0,2022,2020,202203,5344896,16,553.5,0,93015,1,13,163739,15,2,8,1,100,0,0,1,15,0,0,0,0,9999999,0,"Not in identifiable area","N/A (not applicable)"
"1761476",0,18580,2022,2022,202203,6337967,24,277.2,5,176467,1,12,82600,15,2,74,7,700,1,100,6,64,0,0,0,0,17400,0,"Corpus Christi, TX","N/A (not applicable)"
"14241835",7200,33340,2022,2020,202203,6886308,17,2140.7,1,1555908,1,13,124645,17,1,25,1,100,0,0,6,63,0,0,0,0,28329,19,"Milwaukee-Waukesha-West Allis, WI","Automotive service technicians and mechanics"
"13075838",5400,38060,2022,2021,202203,236744,28,4402.7,2,4192887,1,12,195645,28,2,45,8,826,1,100,8,81,0,0,0,0,43236,44,"Phoenix-Mesa-Scottsdale, AZ","Receptionists and information clerks"
"5831576",0,35620,2022,2021,202203,4400234,37,30355.4,2,19567410,2,21,48641,36,1,5,2,200,0,0,1,11,0,0,0,0,9999999,0,"New York-Newark-Jersey City, NY-NJ-PA","N/A (not applicable)"
"14174661",7020,10740,2022,2022,202203,4080081,16,157.1,3,768032,1,13,24400,15,1,66,1,100,0,0,6,65,0,0,0,0,24400,49,"Albuquerque, NM","Radio and telecommunications equipment installers and repairers"
"14144099",6835,41660,2022,2021,202203,6125497,17,873.1,3,111823,0,0,9999999,17,1,37,2,200,0,0,7,71,0,0,0,0,15133,18,"San Angelo, TX","Explosives workers, ordnance handling experts, and blasters"
"5113839",0,35620,2022,2019,202203,4212264,28,55854.5,2,19567410,2,22,22964,30,2,6,1,100,0,0,1,14,0,0,0,0,9999999,0,"New York-Newark-Jersey City, NY-NJ-PA","N/A (not applicable)"
"11496188",4400,41740,2022,2022,202203,1044435,15,1237.1,1,3095313,2,22,85200,14,1,50,1,100,0,0,6,65,0,0,0,0,84000,19,"San Diego-Carlsbad, CA","Gambling services workers"
"4658789",0,35620,2022,2020,202203,4299862,104,4596.4,2,19567410,1,13,232520,130,2,9,1,100,0,0,1,16,0,0,0,0,9999999,0,"New York-Newark-Jersey City, NY-NJ-PA","N/A (not applicable)"
"15327299",9610,33100,2022,2020,202203,1552150,44,12699.8,2,5564635,2,22,50991,44,1,21,8,826,2,200,6,63,0,0,0,0,16997,8,"Miami-Fort Lauderdale-West Palm Beach, FL","Cleaners of vehicles and equipment"
"85324",0,0,2022,2020,202203,54579,10,86.7,0,34166,1,13,85495,15,2,11,1,100,0,0,1,16,0,0,0,0,9999999,0,"Not in identifiable area","N/A (not applicable)"
"11305765",4230,31080,2022,2018,202203,452333,11,8604.3,1,12828837,1,13,24550,11,2,60,1,100,4,416,6,63,0,0,0,0,11691,10,"Los Angeles-Long Beach-Anaheim, CA","Maids and housekeeping cleaners"
"14014902",6355,38060,2022,2018,202203,127314,8,4402.7,2,4192887,0,0,9999999,8,1,36,3,361,4,498,4,40,0,0,0,0,5845,44,"Phoenix-Mesa-Scottsdale, AZ","Electricians"
"8909078",2300,47260,2022,2020,202203,6522919,10,5270.5,5,1676822,2,22,50765,9,2,26,2,200,0,0,6,63,0,0,0,0,0,72,"Virginia Beach-Norfolk-Newport News, VA-NC","Preschool and kindergarten teachers"
"11624403",4600,47900,2022,2020,202203,2908244,14,4616.4,5,5636232,1,13,177903,12,2,55,6,666,0,0,2,23,0,0,0,0,67988,26,"Washington-Arlington-Alexandria, DC-VA-MD-WV","Childcare workers"
"12253335",4760,15980,2022,2022,202203,1763406,52,3239.9,1,618754,1,12,73100,92,1,63,1,100,0,0,6,63,0,0,0,0,60000,47,"Cape Coral-Fort Myers, FL","Retail salespersons"
"1656448",0,12580,2022,2019,202203,2883674,16,451.5,3,2710489,1,13,296355,15,1,21,1,100,0,0,7,71,0,0,0,0,0,0,"Baltimore-Columbia-Towson, MD","N/A (not applicable)"
"3456897",0,40140,2022,2018,202203,475506,10,1683.7,1,4224851,1,13,54361,9,1,73,1,100,0,0,6,63,0,0,0,0,17887,0,"Riverside-San Bernardino-Ontario, CA","N/A (not applicable)"
"13158622",5500,47900,2022,2021,202203,6556997,15,3668.6,5,5636232,2,22,97282,15,2,30,1,100,0,0,10,101,33,3301,0,0,54046,22,"Washington-Arlington-Alexandria, DC-VA-MD-WV","Cargo and freight agents"
"11800413",4700,25540,2022,2022,202203,1272029,33,659.1,5,1113902,2,21,2000,33,2,54,1,100,0,0,8,81,0,0,0,0,2000,68,"Hartford-West Hartford-East Hartford, CT","First-line supervisors of retail sales workers"
"14489055",7750,38300,2022,2018,202203,5268329,33,1054.6,5,2356285,1,12,128129,35,1,63,1,100,0,0,6,63,0,0,0,0,31565,18,"Pittsburgh, PA","Other assemblers and fabricators"
"7035122",340,31080,2022,2020,202203,736106,20,16251.7,1,12828837,2,22,22946,21,1,18,7,700,4,412,7,71,0,0,0,0,13598,68,"Los Angeles-Long Beach-Anaheim, CA","Lodging managers"
"6133627",0,37980,2022,2020,202203,5351111,14,559.4,2,5965343,1,13,533143,13,2,11,1,100,0,0,2,22,0,0,0,0,9999999,0,"Philadelphia-Camden-Wilmington, PA-NJ-DE-MD","N/A (not applicable)"
"359165",0,0,2022,2021,202203,2243834,5,133.4,0,83584,1,12,79987,2,1,79,1,100,0,0,5,50,0,0,0,0,25942,0,"Not in identifiable area","N/A (not applicable)"
"151172",0,32820,2022,2021,202203,3531068,17,706.4,6,1324829,2,22,132952,18,1,14,2,200,0,0,2,26,0,0,0,0,9999999,0,"Memphis, TN-MS-AR","N/A (not applicable)"
"561870",0,0,2022,2022,202203,5105763,31,147.9,0,180625,1,12,136400,32,1,11,1,100,0,0,1,17,0,0,0,0,9999999,0,"Not in identifiable area","N/A (not applicable)"
"8276987",1430,38060,2022,2022,202203,246999,14,3139.8,2,4192887,1,13,119400,12,2,69,1,100,0,0,7,71,0,0,0,0,36000,86,"Phoenix-Mesa-Scottsdale, AZ","Industrial engineers, including health and safety"
"2271174",0,12420,2022,2020,202203,6075796,35,4544.2,4,1716289,1,13,237960,33,2,2,8,826,1,100,0,1,0,0,0,0,9999999,0,"Austin-Round Rock, TX","N/A (not applicable)"
"15598393",9645,39340,2022,2019,202203,6373421,26,1600.4,3,526810,1,12,79342,24,2,49,1,100,0,0,7,71,0,0,0,0,15042,44,"Provo-Orem, UT","Stockers and order fillers"
"7612329",710,31080,2022,2019,202203,523300,10,2104.2,1,12828837,1,13,574109,11,1,56,1,100,0,0,11,114,21,2102,0,0,373171,86,"Los Angeles-Long Beach-Anaheim, CA","Management analysts"
"9114824",2320,0,2022,2020,202203,6386356,2,422.3,0,98209,1,13,104022,2,1,64,1,100,0,0,11,116,36,3609,0,0,79320,72,"Not in identifiable area","Secondary school teachers"
"14060655",6442,0,2022,2022,202203,6284879,12,174.6,0,26803,2,22,181100,1,1,28,8,826,1,100,7,71,0,0,0,0,30000,34,"Not in identifiable area","Plumbers, pipefitters, and steamfitters"
"9839531",3255,19100,2022,2019,202203,5973749,12,1173.1,3,6426214,2,22,57411,11,2,58,2,200,0,0,6,64,0,0,0,0,57411,46,"Dallas-Fort Worth-Arlington, TX","Registered nurses"
"1750593",0,0,2022,2018,202203,5042235,6,87.1,0,54277,1,12,39982,6,2,71,1,100,0,0,6,63,0,0,0,0,7950,0,"Not in identifiable area","N/A (not applicable)"
"14005883",6355,0,2022,2019,202203,2497917,15,49.7,0,13278,1,12,163047,13,1,20,1,100,0,0,7,71,0,0,0,0,13779,44,"Not in identifiable area","Electricians"
"14744520",8620,0,2022,2022,202203,6240333,10,567.6,0,405431,0,0,9999999,10,2,34,1,100,0,0,6,63,0,0,0,0,22300,18,"Not in identifiable area","Water and wastewater treatment plant and system operators"
"13558062",5860,31080,2022,2022,202203,990928,23,5740.6,1,12828837,1,13,163500,22,2,39,6,600,0,0,10,101,64,6402,0,0,45000,44,"Los Angeles-Long Beach-Anaheim, CA","Office clerks, general"
"8288132",1430,35620,2022,2020,202203,4313577,11,47180.2,2,19567410,1,13,135977,11,2,31,8,813,0,0,10,101,34,3401,0,0,135977,86,"New York-Newark-Jersey City, NY-NJ-PA","Industrial engineers, including health and safety"
"788969",0,39540,2022,2021,202203,6910793,4,1500.4,1,195408,0,0,9999999,4,1,48,2,200,0,0,6,64,0,0,0,0,0,0,"Racine, WI","N/A (not applicable)"
"14613552",8030,0,2022,2018,202203,3156204,6,219,0,78400,1,13,123920,7,1,57,1,100,0,0,6,63,0,0,0,0,72482,33,"Not in identifiable area","Machinists"
"12635317",5000,0,2022,2018,202203,2480032,58,35.5,0,12947,1,13,107554,50,2,39,1,100,0,0,7,71,0,0,0,0,49101,68,"Not in identifiable area","First-line supervisors of office and administrative support workers"
"2926733",0,33460,2022,2020,202203,3419422,21,2274.2,5,3348859,1,13,148441,20,1,9,1,100,0,0,1,17,0,0,0,0,9999999,0,"Minneapolis-St. Paul-Bloomington, MN-WI","N/A (not applicable)"
"1906000",0,0,2022,2022,202203,5481540,4,68.9,0,46078,1,13,106000,4,1,11,1,100,0,0,1,17,0,0,0,0,9999999,0,"Not in identifiable area","N/A (not applicable)"
"4793407",0,31140,2022,2020,202203,2661198,2,337.9,3,1235708,1,12,23003,3,1,71,1,100,0,0,3,30,0,0,0,0,3626,0,"Louisville/Jefferson County, KY-IN","N/A (not applicable)"
"15190353",9130,35380,2022,2018,202203,2724241,7,6437.5,1,1189866,2,21,104982,7,1,45,1,100,0,0,6,65,0,0,0,0,51439,15,"New Orleans-Metairie, LA","Driver/sales workers and truck drivers"
"15640177",9825,0,2022,2019,202203,5950363,11,2973.8,0,405300,2,22,151565,13,1,32,2,200,1,100,6,63,0,0,0,0,71189,18,"Not in identifiable area","Military enlisted tactical operations and air/weapons specialists and crew members"
"6742588",136,32580,2022,2019,202203,6025653,68,1016.8,1,774769,1,13,269831,68,2,34,1,100,1,100,10,101,62,6203,36,3600,126304,68,"McAllen-Edinburg-Mission, TX","Human resources managers"
"2869803",0,0,2022,2022,202203,4456814,5,144.1,0,56590,1,13,174000,3,1,11,1,100,0,0,2,22,0,0,0,0,9999999,0,"Not in identifiable area","N/A (not applicable)"
"10700936",4020,0,2022,2020,202203,4909473,4,208.3,0,56476,1,13,86345,12,1,25,1,100,0,0,6,65,0,0,0,0,5666,15,"Not in identifiable area","Cooks"
"6502312",20,12420,2022,2018,202203,5862732,23,1354.2,4,1716289,1,12,185682,22,1,68,1,100,0,0,10,101,55,5501,23,2300,175359,68,"Austin-Round Rock, TX","General and operations managers"
"15570564",9645,19100,2022,2018,202203,5829521,3,209.9,3,6426214,0,0,9999999,3,2,26,1,100,0,0,6,64,0,0,0,0,21511,44,"Dallas-Fort Worth-Arlington, TX","Stockers and order fillers"
"6328829",0,45060,2022,2022,202203,4447962,17,1294,6,662577,1,13,85400,20,2,3,1,100,0,0,1,11,0,0,0,0,9999999,0,"Syracuse, NY","N/A (not applicable)"
"13847759",6260,0,2022,2021,202203,3312460,5,123.3,0,126933,1,13,47560,5,1,24,1,100,0,0,5,50,0,0,0,0,39994,8,"Not in identifiable area","Construction laborers"
"2627396",0,38060,2022,2021,202203,236098,5,4984.6,2,4192887,1,13,46803,6,1,66,1,100,0,0,6,65,0,0,0,0,0,0,"Phoenix-Mesa-Scottsdale, AZ","N/A (not applicable)"
"4544929",0,40900,2022,2022,202203,929020,27,6830.2,1,2149127,0,0,9999999,27,2,60,1,100,0,0,6,63,0,0,0,0,1100,0,"Sacramento--Roseville--Arden-Arcade, CA","N/A (not applicable)"
"11139507",4200,17900,2022,2021,202203,5607466,11,319.1,1,767598,1,13,286766,11,2,67,1,100,0,0,7,71,0,0,0,0,103011,9,"Columbia, SC","First-line supervisors of housekeeping and janitorial workers"
"10971277",4110,0,2022,2020,202203,6523189,22,53.8,0,35552,1,12,84872,81,1,23,2,200,0,0,6,63,0,0,0,0,10538,16,"Not in identifiable area","Waiters and waitresses"
"12357680",4800,49660,2022,2018,202203,5222300,27,419,1,565773,1,13,265961,27,1,71,1,100,0,0,7,71,0,0,0,0,249711,66,"Youngstown-Warren-Boardman, OH-PA","Advertising sales agents"
"8117120",1105,15180,2022,2022,202203,6298208,10,1172.7,1,406220,1,12,91900,10,1,53,1,100,0,0,11,114,62,6203,0,0,76000,65,"Brownsville-Harlingen, TX","Network and computer systems administrators"
"5986237",0,45300,2022,2021,202203,1627372,66,1055.5,1,2783243,2,22,77826,60,1,69,1,100,0,0,6,65,0,0,0,0,45398,0,"Tampa-St. Petersburg-Clearwater, FL","N/A (not applicable)"
"11687482",4622,31080,2022,2020,202203,661260,15,3855.1,1,12828837,0,0,9999999,15,2,19,4,400,0,0,6,63,0,0,0,0,0,52,"Los Angeles-Long Beach-Anaheim, CA","Recreation workers"
"5364934",0,37100,2022,2018,202203,413165,37,3747.1,1,823318,2,22,44658,37,1,14,1,100,0,0,2,26,0,0,0,0,9999999,0,"Oxnard-Thousand Oaks-Ventura, CA","N/A (not applicable)"
"5549813",0,49420,2022,2021,202203,6743680,13,230.4,1,243231,1,13,51884,11,1,4,8,826,1,100,0,2,0,0,0,0,9999999,0,"Yakima, WA","N/A (not applicable)"
"168472",0,0,2022,2020,202203,6805848,22,274,0,77740,1,12,51558,17,2,72,1,100,0,0,4,40,0,0,0,0,24363,0,"Not in identifiable area","N/A (not applicable)"
"7645439",710,15540,2022,2018,202203,6422438,39,507.2,1,211261,1,12,88264,39,1,66,1,100,0,0,11,114,24,2406,0,0,78912,86,"Burlington-South Burlington, VT","Management analysts"
"11593026",4530,47900,2022,2022,202203,6611505,8,4582.4,4,5636232,1,13,40000,8,1,63,6,640,0,0,6,64,0,0,0,0,40000,4,"Washington-Arlington-Alexandria, DC-VA-MD-WV","Baggage porters, bellhops, and concierges"
"5763989",0,31080,2022,2019,202203,561048,5,5605.6,1,12828837,1,12,310019,6,2,0,6,620,0,0,0,1,0,0,0,0,9999999,0,"Los Angeles-Long Beach-Anaheim, CA","N/A (not applicable)"
"13232699",5560,38060,2022,2019,202203,185461,17,4984.6,2,4192887,1,13,151266,16,2,64,1,100,0,0,7,71,0,0,0,0,1998,44,"Phoenix-Mesa-Scottsdale, AZ","Postal service mail sorters, processors, and processing machine operators"
"12336471",4760,35620,2022,2020,202203,4275774,4,97063.9,2,19567410,2,21,5666,5,2,27,7,700,2,200,6,63,0,0,0,0,5666,47,"New York-Newark-Jersey City, NY-NJ-PA","Retail salespersons"
"2789687",0,0,2022,2020,202203,4060637,1,39,0,66697,1,12,45552,2,2,70,3,315,0,0,6,63,0,0,0,0,3399,0,"Not in identifiable area","N/A (not applicable)"
"3605146",0,33100,2022,2018,202203,1378193,25,6246.3,2,5564635,1,12,43255,39,1,37,2,200,0,0,6,64,0,0,0,0,16834,0,"Miami-Fort Lauderdale-West Palm Beach, FL","N/A (not applicable)"
"2585687",0,0,2022,2021,202203,6138591,23,82.9,0,36033,1,13,117279,24,1,14,1,100,0,0,2,26,0,0,0,0,9999999,0,"Not in identifiable area","N/A (not applicable)"
"13398586",5740,12580,2022,2020,202203,2919458,15,2218.4,3,2710489,1,13,130878,15,2,54,1,100,0,0,7,71,0,0,0,0,67988,61,"Baltimore-Columbia-Towson, MD","Secretaries and administrative assistants, except legal, medical, and executive"
"8815896",2205,41940,2022,2020,202203,691758,24,5748.9,4,1836911,1,13,839317,24,1,62,1,100,0,0,10,101,62,6203,0,0,674219,84,"San Jose-Sunnyvale-Santa Clara, CA","Postsecondary teachers"
"10200592",3602,39580,2022,2022,202203,4735253,18,3760.5,5,1130490,2,22,18900,27,2,66,2,200,0,0,6,65,0,0,0,0,17100,13,"Raleigh, NC","Personal care aides"
"497962",0,0,2022,2022,202203,6957965,2,220.9,0,61914,2,21,81000,4,1,8,1,100,0,0,1,15,0,0,0,0,9999999,0,"Not in identifiable area","N/A (not applicable)"
"12911856",5240,35620,2022,2018,202203,3868450,44,24361.1,2,19567410,2,22,30863,44,2,67,1,100,2,200,6,63,0,0,0,0,16601,44,"New York-Newark-Jersey City, NY-NJ-PA","Customer service representatives"
"6771108",140,0,2022,2022,202203,2454026,8,76.9,0,323150,1,13,156000,10,2,38,1,100,0,0,7,71,0,0,0,0,65000,68,"Not in identifiable area","Industrial production managers"
"11893214",4710,34820,2022,2019,202203,5571263,18,1053.1,1,376722,1,13,126304,18,2,42,1,100,0,0,7,71,0,0,0,0,80375,68,"Myrtle Beach-Conway-North Myrtle Beach, SC-NC","First-line supervisors of non-retail sales workers"
"12980563",5240,19100,2022,2018,202203,5866868,19,5165.1,3,6426214,1,13,41221,19,1,92,1,100,4,498,11,115,36,3600,0,0,1005,44,"Dallas-Fort Worth-Arlington, TX","Customer service representatives"
"13663459",6050,0,2022,2021,202203,5184715,41,345,0,390738,2,22,149274,38,1,42,7,700,4,498,3,30,0,0,0,0,19456,6,"Not in identifiable area","Other agricultural workers"
"5574193",0,39580,2022,2019,202203,4562406,1,1212.7,5,1130490,0,0,9999999,1,2,37,7,700,4,412,6,63,0,0,0,0,4937,0,"Raleigh, NC","N/A (not applicable)"
"1108991",0,27140,2022,2021,202203,3529532,8,2674.3,5,567122,1,12,94364,8,1,81,1,100,0,0,10,101,14,1401,0,0,94364,0,"Jackson, MS","N/A (not applicable)"
"9276533",2400,0,2022,2022,202203,6299775,13,62.6,0,12389,2,22,100880,10,2,55,1,100,0,0,10,101,23,2308,0,0,10880,68,"Not in identifiable area","Archivists, curators, and museum technicians"
"13911137",6260,41860,2022,2020,202203,753498,82,4625.7,1,4335391,1,13,114447,23,1,27,7,700,1,100,8,81,0,0,0,0,67988,8,"San Francisco-Oakland-Hayward, CA","Construction laborers"
"3674120",0,29820,2022,2019,202203,3782121,33,7523.7,1,1951269,2,22,68893,32,2,6,1,100,1,100,1,12,0,0,0,0,9999999,0,"Las Vegas-Henderson-Paradise, NV","N/A (not applicable)"
"1248672",0,0,2022,2022,202203,1938423,12,747.2,0,347611,1,13,107200,28,2,15,6,640,0,0,2,26,0,0,0,0,0,0,"Not in identifiable area","N/A (not applicable)"
"3831817",0,37340,2022,2019,202203,1487683,11,2091.3,1,543376,2,22,103684,11,2,68,1,100,0,0,11,114,23,2309,0,0,14008,0,"Palm Bay-Melbourne-Titusville, FL","N/A (not applicable)"
"3642571",0,35620,2022,2018,202203,4147633,14,51164.3,2,19567410,1,12,17068,14,2,64,4,400,0,0,6,63,0,0,0,0,10522,0,"New York-Newark-Jersey City, NY-NJ-PA","N/A (not applicable)"
"12706533",5110,35620,2022,2018,202203,4164080,15,5057.5,2,19567410,1,13,358901,14,2,58,1,100,0,0,11,114,62,6203,21,2102,81834,44,"New York-Newark-Jersey City, NY-NJ-PA","Billing and posting clerks"
"11014481",4110,26140,2022,2019,202203,1471688,21,349.4,1,141236,2,22,47421,21,2,42,1,100,0,0,6,64,0,0,0,0,25720,16,"Homosassa Springs, FL","Waiters and waitresses"
"3844874",0,37860,2022,2022,202203,1754014,8,2463.8,1,448991,2,22,19200,19,1,28,2,200,0,0,6,63,0,0,0,0,10100,0,"Pensacola-Ferry Pass-Brent, FL","N/A (not applicable)"
"13961038",6305,41740,2022,2022,202203,1059984,13,4687,1,3095313,2,22,197000,14,1,45,7,700,1,100,6,63,0,0,0,0,150000,24,"San Diego-Carlsbad, CA","Construction equipment operators"
"5985040",0,38860,2022,2018,202203,2821034,36,611.9,1,514098,1,12,28876,42,2,14,1,100,0,0,2,26,0,0,0,0,9999999,0,"Portland-South Portland, ME","N/A (not applicable)"
"10356333",3620,47260,2022,2022,202203,6609639,26,3283.2,5,1676822,1,13,91200,26,2,44,1,100,0,0,8,81,0,0,0,0,72000,38,"Virginia Beach-Norfolk-Newport News, VA-NC","Physical therapist assistants and aides"
"5856931",0,44700,2022,2021,202203,790858,34,5428.8,1,685306,1,13,108091,37,1,5,6,600,0,0,0,2,0,0,0,0,9999999,0,"Stockton-Lodi, CA","N/A (not applicable)"
"4019955",0,26420,2022,2022,202203,6310665,9,132.8,3,5920416,1,13,139000,25,2,12,8,802,0,0,2,25,0,0,0,0,9999999,0,"Houston-The Woodlands-Sugar Land, TX","N/A (not applicable)"
"9068809",2310,33140,2022,2021,202203,2434912,4,469.6,1,111467,1,12,142248,4,2,38,1,100,0,0,11,114,23,2304,0,0,59450,72,"Michigan City-La Porte, IN","Elementary and middle school teachers"
"7980891",1021,35300,2022,2020,202203,1248024,5,8285.9,1,862477,2,22,31728,12,1,20,7,700,4,428,7,71,0,0,0,0,28329,65,"New Haven-Milford, CT","Software developers"
"15113753",9130,35620,2022,2022,202203,4020107,22,20431.8,2,19567410,2,22,40000,23,1,50,8,826,4,450,2,26,0,0,0,0,40000,15,"New York-Newark-Jersey City, NY-NJ-PA","Driver/sales workers and truck drivers"
"14826087",8800,41180,2022,2020,202203,3616221,14,2845.4,5,2787701,2,22,108782,5,2,25,1,100,0,0,2,26,0,0,0,0,0,18,"St. Louis, MO-IL","Packaging and filling machine operators and tenders"
"13275787",5610,0,2022,2018,202203,3494568,40,95.7,0,41329,1,13,78327,41,1,41,1,100,0,0,6,63,0,0,0,0,60791,22,"Not in identifiable area","Shipping, receiving, and inventory clerks"
"5047248",0,16980,2022,2021,202203,2216894,62,3071.4,2,9461105,1,13,202239,68,1,13,7,700,1,100,2,26,0,0,0,0,9999999,0,"Chicago-Naperville-Elgin, IL-IN-WI","N/A (not applicable)"
"8656441",2060,27260,2022,2022,202203,1727341,12,2175.3,4,1345596,1,13,229700,13,2,55,1,100,0,0,10,101,52,5200,0,0,0,56,"Jacksonville, FL","Religious workers, all other"
"2647604",0,21660,2022,2018,202203,5136600,12,2806.1,1,351715,1,12,11106,12,2,68,1,100,0,0,6,64,0,0,0,0,11106,0,"Eugene, OR","N/A (not applicable)"
"13135501",5400,36260,2022,2018,202203,6367509,14,1742.2,5,597159,1,13,78444,15,2,52,1,100,0,0,6,65,0,0,0,0,52608,44,"Ogden-Clearfield, UT","Receptionists and information clerks"
"1280103",0,0,2022,2021,202203,5188737,47,64.7,0,47265,1,13,84311,58,1,11,1,100,0,0,2,22,0,0,0,0,9999999,0,"Not in identifiable area","N/A (not applicable)"
"7560041",705,47900,2022,2022,202203,2951951,15,2226.1,4,5636232,1,13,319000,20,1,61,1,100,0,0,11,116,50,5007,0,0,177000,68,"Washington-Arlington-Alexandria, DC-VA-MD-WV","Project management specialists"
"2659926",0,47900,2022,2019,202203,1312002,11,8792.6,5,5636232,1,13,413358,16,1,0,6,675,0,0,0,1,0,0,0,0,9999999,0,"Washington-Arlington-Alexandria, DC-VA-MD-WV","N/A (not applicable)"
"11338396",4230,19100,2022,2022,202203,6335274,11,2444.9,3,6426214,1,13,32000,11,2,67,7,700,1,100,5,50,0,0,0,0,22400,10,"Dallas-Fort Worth-Arlington, TX","Maids and housekeeping cleaners"
"6174232",0,19100,2022,2022,202203,6329299,15,2142.5,3,6426214,1,13,70010,12,1,4,8,802,0,0,0,2,0,0,0,0,9999999,0,"Dallas-Fort Worth-Arlington, TX","N/A (not applicable)"
"7441480",540,38900,2022,2018,202203,5126375,28,6154.9,5,2226009,1,13,313659,27,1,41,1,100,0,0,7,71,0,0,0,0,175359,66,"Portland-Vancouver-Hillsboro, OR-WA","Claims adjusters, appraisers, examiners, and investigators"
"3590838",0,27620,2022,2021,202203,3665389,5,186.6,1,149807,2,22,73718,5,2,18,1,100,0,0,5,50,0,0,0,0,0,0,"Jefferson City, MO","N/A (not applicable)"
"14215381",7200,19460,2022,2021,202203,69625,21,304,1,153829,1,13,87013,21,1,54,1,100,0,0,6,63,0,0,0,0,27023,19,"Decatur, AL","Automotive service technicians and mechanics"
"2191350",0,31080,2022,2021,202203,857206,10,8107,1,12828837,2,22,70259,11,1,1,8,826,1,100,0,1,0,0,0,0,9999999,0,"Los Angeles-Long Beach-Anaheim, CA","N/A (not applicable)"
"12337236",4760,28140,2022,2018,202203,3568524,14,91.1,5,509500,1,12,83237,38,1,57,1,100,0,0,6,63,0,0,0,0,74820,47,"Kansas City, MO-KS","Retail salespersons"
"29106",0,12580,2022,2019,202203,2884933,13,1255.1,3,2710489,1,13,360942,13,1,7,6,674,0,0,1,14,0,0,0,0,9999999,0,"Baltimore-Columbia-Towson, MD","N/A (not applicable)"
"12115701",4720,35620,2022,2021,202203,3986061,7,1016,2,19567410,2,22,9728,7,1,43,1,100,0,0,6,63,0,0,0,0,9728,44,"New York-Newark-Jersey City, NY-NJ-PA","Cashiers"
"14887011",8990,0,2022,2020,202203,3422011,8,103,0,57098,1,12,164759,16,1,19,1,100,0,0,6,63,0,0,0,0,0,18,"Not in identifiable area","Miscellaneous production workers, including equipment operators and tenders"
"5498351",0,26140,2022,2020,202203,1566120,28,349.4,1,141236,1,13,11558,28,1,64,1,100,0,0,6,65,0,0,0,0,6119,0,"Homosassa Springs, FL","N/A (not applicable)"
"367670",0,0,2022,2021,202203,3457198,8,375.2,0,189093,1,13,586395,7,2,5,1,100,0,0,1,11,0,0,0,0,9999999,0,"Not in identifiable area","N/A (not applicable)"
"2333182",0,0,2022,2020,202203,2177507,3,155.2,0,62402,1,12,28329,7,2,36,7,700,1,100,6,63,0,0,0,0,0,0,"Not in identifiable area","N/A (not applicable)"
"8896606",2300,34980,2022,2022,202203,5792669,11,1201.5,3,1670890,1,13,67500,15,2,69,1,100,0,0,10,101,23,2312,0,0,42000,72,"Nashville-Davidson--Murfreesboro--Franklin, TN","Preschool and kindergarten teachers"
"4387232",0,12060,2022,2018,202203,1797525,42,3689.4,4,5286728,2,22,35072,42,1,73,2,200,0,0,5,50,0,0,0,0,35072,0,"Atlanta-Sandy Springs-Roswell, GA","N/A (not applicable)"
"10805594",4020,19660,2022,2022,202203,1674933,8,1746.7,1,590289,0,0,9999999,8,2,35,1,100,0,0,6,63,0,0,0,0,21400,15,"Deltona-Daytona Beach-Ormond Beach, FL","Cooks"
"14244469",7200,19820,2022,2021,202203,3296062,10,484.2,4,4296250,1,13,250123,12,1,26,1,100,0,0,8,81,0,0,0,0,58369,19,"Detroit-Warren-Dearborn, MI","Automotive service technicians and mechanics"
"7002548",310,0,2022,2019,202203,2640809,15,2627.4,0,472099,1,13,509349,11,1,51,1,100,0,0,10,101,62,6206,0,0,473065,68,"Not in identifiable area","Food service managers"
"11927612",4710,12060,2022,2021,202203,1909135,26,4047.6,4,5286728,1,13,59450,26,2,47,4,400,0,0,7,71,0,0,0,0,26482,68,"Atlanta-Sandy Springs-Roswell, GA","First-line supervisors of non-retail sales workers"
"7020226",310,16980,2022,2019,202203,2123260,8,32996.5,2,9461105,1,13,691227,8,1,69,1,100,0,0,7,71,0,0,0,0,636112,68,"Chicago-Naperville-Elgin, IL-IN-WI","Food service managers"
"3677570",0,40900,2022,2020,202203,763967,8,370.4,1,2149127,1,12,118640,4,2,13,8,802,0,0,2,25,0,0,0,0,9999999,0,"Sacramento--Roseville--Arden-Arcade, CA","N/A (not applicable)"
"4630726",0,25540,2022,2018,202203,1213874,15,691.8,1,1212381,1,13,85341,16,2,51,1,100,2,200,11,114,23,2304,0,0,2338,0,"Hartford-West Hartford-East Hartford, CT","N/A (not applicable)"
"8350804",1541,13820,2022,2022,202203,110396,17,1919.1,3,1128047,1,12,75500,14,1,65,1,100,0,0,6,63,0,0,0,0,38300,67,"Birmingham-Hoover, AL","Architectural and civil drafters"
"15149253",9130,21140,2022,2018,202203,2336863,16,796.2,1,197559,2,22,52608,15,1,60,1,100,0,0,6,63,0,0,0,0,21043,15,"Elkhart-Goshen, IN","Driver/sales workers and truck drivers"
"7577805",705,31080,2022,2018,202203,458963,14,7721.8,1,12828837,1,13,169549,19,1,44,4,400,0,0,10,101,24,2400,0,0,81834,68,"Los Angeles-Long Beach-Anaheim, CA","Project management specialists"
"12888992",5240,34980,2022,2022,202203,5811033,33,1531.1,3,1670890,1,12,39400,32,2,19,1,100,0,0,6,65,0,0,0,0,400,44,"Nashville-Davidson--Murfreesboro--Franklin, TN","Customer service representatives"
"7226322",440,35620,2022,2022,202203,4468077,28,68636.5,2,19567410,1,13,96800,27,2,69,2,200,0,0,10,101,34,3402,0,0,44800,68,"New York-Newark-Jersey City, NY-NJ-PA","Other managers"
"1316975",0,0,2022,2021,202203,3527138,16,187.9,0,31665,0,0,9999999,16,1,31,1,100,0,0,6,64,0,0,0,0,0,0,"Not in identifiable area","N/A (not applicable)"
"12196026",4760,37860,2022,2019,202203,1427040,22,705.7,1,448991,2,21,58559,19,2,55,1,100,0,0,6,61,0,0,0,0,24113,47,"Pensacola-Ferry Pass-Brent, FL","Retail salespersons"
"8165564",1108,44140,2022,2020,202203,3047100,10,1787.4,5,621570,1,13,111161,21,1,52,8,826,2,200,6,65,0,0,0,0,69688,65,"Springfield, MA","Computer occupations, all other"
"720750",0,0,2022,2022,202203,339056,20,111.1,0,24159,1,13,85000,20,2,54,1,100,0,0,6,63,0,0,0,0,0,0,"Not in identifiable area","N/A (not applicable)"
"4651677",0,37860,2022,2021,202203,1577359,18,466.2,1,448991,0,0,9999999,18,2,88,1,100,0,0,6,63,0,0,0,0,14700,0,"Pensacola-Ferry Pass-Brent, FL","N/A (not applicable)"
"1230499",0,35620,2022,2020,202203,4298484,13,55854.5,2,19567410,2,22,237280,17,1,5,1,100,0,0,0,2,0,0,0,0,9999999,0,"New York-Newark-Jersey City, NY-NJ-PA","N/A (not applicable)"
"12916931",5240,12540,2022,2022,202203,1057308,13,4658.9,1,839631,2,22,29900,11,2,31,2,200,0,0,7,71,0,0,0,0,0,44,"Bakersfield, CA","Customer service representatives"
"12178924",4760,0,2022,2020,202203,718980,41,320.1,0,134623,1,12,48725,41,2,47,1,100,0,0,10,101,23,2304,0,0,22663,47,"Not in identifiable area","Retail salespersons"
"4139209",0,31080,2022,2019,202203,543682,20,11663.2,1,12828837,2,22,28820,19,2,56,1,100,1,100,6,61,0,0,0,0,13893,0,"Los Angeles-Long Beach-Anaheim, CA","N/A (not applicable)"
"10655125",4000,0,2022,2020,202203,3262066,4,219,0,78400,1,13,28011,4,2,57,1,100,0,0,6,63,0,0,0,0,22663,15,"Not in identifiable area","Chefs and head cooks"
"11875260",4700,36540,2022,2021,202203,2531039,4,217,6,214646,1,12,61180,4,2,63,1,100,0,0,5,50,0,0,0,0,28752,68,"Omaha-Council Bluffs, NE-IA","First-line supervisors of retail sales workers"
"4747657",0,37980,2022,2020,202203,5347650,12,2844.6,2,5965343,1,13,230028,33,1,14,6,610,0,0,2,26,0,0,0,0,9999999,0,"Philadelphia-Camden-Wilmington, PA-NJ-DE-MD","N/A (not applicable)"
"13665091",6050,25260,2022,2019,202203,610258,28,1231.8,1,152982,2,22,37891,34,1,29,1,100,1,100,0,2,0,0,0,0,34447,6,"Hanford-Corcoran, CA","Other agricultural workers"
"13203238",5540,31080,2022,2022,202203,1021299,16,4976,1,12828837,1,13,26400,16,1,61,1,100,0,0,6,64,0,0,0,0,26400,44,"Los Angeles-Long Beach-Anaheim, CA","Postal service clerks"
"11058582",4110,35620,2022,2022,202203,4443003,18,575.2,2,19567410,1,12,489500,16,2,17,1,100,0,0,5,50,0,0,0,0,5500,16,"New York-Newark-Jersey City, NY-NJ-PA","Waiters and waitresses"
"10491260",3802,41180,2022,2020,202203,3629345,78,6783.7,5,2787701,2,22,51331,78,2,52,2,200,0,0,6,63,0,0,0,0,51331,34,"St. Louis, MO-IL","Correctional officers and jailers"
"10314682",3603,0,2022,2018,202203,2332186,7,88.8,0,64944,1,12,58862,7,2,70,1,100,0,0,6,63,0,0,0,0,5319,13,"Not in identifiable area","Nursing assistants"
"9898991",3255,27260,2022,2021,202203,1588711,20,2869.1,3,1345596,1,13,64855,21,2,38,1,100,0,0,10,101,54,5404,0,0,64855,46,"Jacksonville, FL","Registered nurses"
"13323141",5740,49660,2022,2021,202203,4967284,22,1808,1,565773,1,13,84419,22,2,49,1,100,0,0,10,101,55,5501,0,0,75664,61,"Youngstown-Warren-Boardman, OH-PA","Secretaries and administrative assistants, except legal, medical, and executive"
"7676133",735,37980,2022,2019,202203,5291443,20,2844.6,2,5965343,1,13,823272,30,2,22,1,100,0,0,10,101,62,6206,0,0,11482,81,"Philadelphia-Camden-Wilmington, PA-NJ-DE-MD","Market research analysts and marketing specialists"
"14612993",8030,19100,2022,2019,202203,6013985,72,4013.9,3,6426214,2,22,37776,72,1,49,1,100,0,0,6,64,0,0,0,0,37776,33,"Dallas-Fort Worth-Arlington, TX","Machinists"
"13702627",6050,16740,2022,2018,202203,5544028,52,368,6,2217012,2,21,22212,52,2,33,1,100,0,0,4,40,0,0,0,0,22212,6,"Charlotte-Concord-Gastonia, NC-SC","Other agricultural workers"
"7360338",440,0,2022,2022,202203,5795975,20,116.8,0,32584,1,13,215000,17,1,57,8,826,2,200,6,63,0,0,0,0,160000,68,"Not in identifiable area","Other managers"
"3226552",0,26420,2022,2020,202203,6062546,52,6264.7,3,5920416,2,22,83852,48,1,25,1,100,0,0,1,15,0,0,0,0,0,0,"Houston-The Woodlands-Sugar Land, TX","N/A (not applicable)"
"632993",0,38940,2022,2021,202203,1616195,39,1973.5,1,424107,1,12,0,39,2,62,1,100,0,0,10,101,23,2300,0,0,0,0,"Port St. Lucie, FL","N/A (not applicable)"
"15393295",9620,35620,2022,2019,202203,4233944,33,14807.2,2,19567410,1,13,158569,26,2,46,4,400,0,0,11,114,60,6002,0,0,9301,8,"New York-Newark-Jersey City, NY-NJ-PA","Laborers and freight, stock, and material movers, hand"
"10723716",4020,34820,2022,2022,202203,4703264,21,324,6,376722,1,12,40000,21,1,33,8,826,1,100,6,63,0,0,0,0,40000,15,"Myrtle Beach-Conway-North Myrtle Beach, SC-NC","Cooks"
"545488",0,0,2022,2021,202203,3538577,11,126.7,0,75546,1,12,15133,11,1,86,1,100,0,0,1,17,0,0,0,0,15133,0,"Not in identifiable area","N/A (not applicable)"
"14221730",7200,17460,2022,2020,202203,4918068,5,4251.9,1,2077240,1,13,251557,5,1,55,6,600,0,0,8,81,0,0,0,0,52124,19,"Cleveland-Elyria, OH","Automotive service technicians and mechanics"
"10237257",3602,41740,2022,2018,202203,416690,34,4051.6,1,3095313,1,13,75989,34,2,61,1,100,0,0,11,114,61,6100,0,0,64298,13,"San Diego-Carlsbad, CA","Personal care aides"
"8342943",1530,33100,2022,2020,202203,1543435,11,2080.7,2,5564635,1,12,66062,11,1,63,1,100,0,0,11,114,24,2406,0,0,57790,87,"Miami-Fort Lauderdale-West Palm Beach, FL","Other engineers"
"6485522",10,41180,2022,2021,202203,3650866,23,2989,5,2787701,1,13,355080,26,1,59,1,100,0,0,10,101,62,6207,0,0,248610,68,"St. Louis, MO-IL","Chief executives and legislators"
"14757133",8650,0,2022,2021,202203,6725513,23,362.4,0,71271,1,13,320923,20,1,16,1,100,0,0,4,40,0,0,0,0,1946,18,"Not in identifiable area","Crushing, grinding, polishing, mixing, and blending workers"
"11223133",4220,33100,2022,2018,202203,1326044,21,5311.8,2,5564635,0,0,9999999,21,1,34,2,200,0,0,6,64,0,0,0,0,5845,9,"Miami-Fort Lauderdale-West Palm Beach, FL","Janitors and building cleaners"
"8524402",2002,19820,2022,2018,202203,3159081,35,2899,4,4296250,2,22,71780,36,2,54,2,200,0,0,11,114,29,2901,0,0,71780,65,"Detroit-Warren-Dearborn, MI","Educational, guidance, and career counselors and advisors"
"6645201",110,14460,2022,2018,202203,3004593,13,1086.3,4,4552402,1,13,309801,13,2,48,1,100,0,0,11,114,62,6203,0,0,134442,68,"Boston-Cambridge-Newton, MA-NH","Computer and information systems managers"
"8493260",1980,31080,2022,2018,202203,408335,30,13429.7,1,12828837,2,22,64298,30,1,38,7,700,1,100,7,71,0,0,0,0,29226,48,"Los Angeles-Long Beach-Anaheim, CA","Occupational health and safety specialists and technicians"
"7878220",910,42660,2022,2019,202203,6666130,15,5962.1,1,3439809,1,13,277639,12,2,25,2,200,0,0,6,65,0,0,0,0,43632,68,"Seattle-Tacoma-Bellevue, WA","Credit counselors and loan officers"
"12588404",4950,19820,2022,2022,202203,3359538,20,5666.1,3,4296250,2,22,9400,20,2,57,2,200,0,0,6,64,0,0,0,0,0,27,"Detroit-Warren-Dearborn, MI","Door-to-door sales workers, news and street vendors, and related workers"
"4065768",0,30700,2022,2022,202203,3757033,21,1880.4,5,302157,0,0,9999999,21,2,94,1,100,0,0,10,101,62,6203,0,0,28300,0,"Lincoln, NE","N/A (not applicable)"
"4480496",0,31080,2022,2021,202203,793512,26,16385.1,1,12828837,2,22,46155,27,2,59,2,200,0,0,7,71,0,0,0,0,12430,0,"Los Angeles-Long Beach-Anaheim, CA","N/A (not applicable)"
"10591854",3930,12060,2022,2020,202203,1885557,35,2136.6,4,5286728,2,22,7025,34,2,38,2,200,0,0,6,63,0,0,0,0,4079,8,"Atlanta-Sandy Springs-Roswell, GA","Security guards and gaming surveillance officers"
"10615876",3960,44140,2022,2021,202203,3093393,19,479,5,621570,1,13,184295,9,1,18,1,100,0,0,5,50,0,0,0,0,4324,19,"Springfield, MA","Other protective service workers"
"8145942",1108,41740,2022,2022,202203,933241,6,13340.9,1,3095313,0,0,9999999,6,2,21,2,200,0,0,7,71,0,0,0,0,23000,18,"San Diego-Carlsbad, CA","Computer occupations, all other"
"6059230",0,34900,2022,2021,202203,898946,16,1727.1,1,136484,1,12,4324,15,1,84,1,100,0,0,6,63,0,0,0,0,0,0,"Napa, CA","N/A (not applicable)"
"12291635",4760,0,2022,2020,202203,6808856,22,473.3,0,137732,2,22,25949,22,2,59,1,100,0,0,8,81,0,0,0,0,25949,47,"Not in identifiable area","Retail salespersons"
"1234151",0,0,2022,2020,202203,4887309,16,208.3,0,56476,1,13,52124,11,2,4,1,100,0,0,1,11,0,0,0,0,9999999,0,"Not in identifiable area","N/A (not applicable)"
"14047253",6410,35620,2022,2018,202203,4167068,13,7221.3,2,19567410,1,13,257193,15,1,59,1,100,0,0,7,71,0,0,0,0,116906,16,"New York-Newark-Jersey City, NY-NJ-PA","Painters and paperhangers"
"2569908",0,0,2022,2018,202203,1082885,10,64.5,0,54845,0,0,9999999,10,1,53,1,100,0,0,6,63,0,0,0,0,0,0,"Not in identifiable area","N/A (not applicable)"
"5823300",0,35620,2022,2018,202203,4155293,15,67979.4,2,19567410,2,22,43255,15,1,77,1,100,4,423,7,71,0,0,0,0,12977,0,"New York-Newark-Jersey City, NY-NJ-PA","N/A (not applicable)"
"3956445",0,41540,2022,2021,202203,2942583,10,423.3,1,373802,2,22,10269,10,2,68,1,100,0,0,6,63,0,0,0,0,10269,0,"Salisbury, MD-DE","N/A (not applicable)"
"8599472",2016,49620,2022,2022,202203,5509478,26,2878.7,1,434972,1,13,38000,26,2,44,1,100,0,0,10,101,52,5200,0,0,38000,64,"York-Hanover, PA","Social and human service assistants"
"4655781",0,12420,2022,2022,202203,6236764,14,4079.5,3,1716289,0,0,9999999,14,1,88,1,100,0,0,6,63,0,0,0,0,8600,0,"Austin-Round Rock, TX","N/A (not applicable)"
"9801261",3255,0,2022,2022,202203,1958981,49,1785.2,0,192541,1,13,166600,52,1,49,1,100,0,0,8,81,0,0,0,0,80000,46,"Not in identifiable area","Registered nurses"
"1263256",0,16980,2022,2019,202203,2125289,51,3168.3,2,9461105,1,13,248015,36,2,12,2,200,0,0,2,23,0,0,0,0,9999999,0,"Chicago-Naperville-Elgin, IL-IN-WI","N/A (not applicable)"
"8643462",2040,18140,2022,2021,202203,4971611,13,4987.1,5,1901974,1,12,75664,13,1,74,2,200,0,0,11,116,64,6402,48,4801,49722,52,"Columbus, OH","Clergy"
"13834297",6240,0,2022,2018,202203,4554634,63,218.4,0,279610,1,13,85341,63,1,44,1,100,0,0,6,63,0,0,0,0,60791,12,"Not in identifiable area","Carpet, floor, and tile installers and finishers"
"3920896",0,31080,2022,2019,202203,527418,6,13434.8,1,12828837,1,12,54425,6,2,77,1,100,0,0,6,63,0,0,0,0,54425,0,"Los Angeles-Long Beach-Anaheim, CA","N/A (not applicable)"
"13712408",6130,0,2022,2021,202203,5410102,7,106.7,0,455339,1,13,118036,9,1,51,1,100,0,0,6,63,0,0,0,0,32427,4,"Not in identifiable area","Logging workers"
"8408066",1650,25540,2022,2022,202203,1282640,25,1372.3,5,1212378,2,22,9000,18,1,24,6,610,0,0,10,101,36,3600,0,0,1000,80,"Hartford-West Hartford-East Hartford, CT","Other life scientists"
"3374642",0,26620,2022,2020,202203,50391,86,224.6,5,417593,1,12,79546,86,1,71,1,100,0,0,10,101,62,6203,0,0,66629,0,"Huntsville, AL","N/A (not applicable)"
"6847655",205,0,2022,2021,202203,6933061,3,70.9,0,69829,1,12,141599,3,1,58,1,100,0,0,10,101,24,2402,0,0,64855,14,"Not in identifiable area","Farmers, ranchers, and other agricultural managers"
"9603916",2920,41940,2022,2018,202203,476775,11,5748.9,4,1836911,2,22,203650,12,1,38,1,100,0,0,10,101,19,1903,0,0,86744,50,"San Jose-Sunnyvale-Santa Clara, CA","Television, video, and film camera operators and editors"
"12925794",5240,12060,2022,2022,202203,1955592,7,2469.8,4,5286728,1,13,146000,7,1,61,1,100,0,0,7,71,0,0,0,0,146000,44,"Atlanta-Sandy Springs-Roswell, GA","Customer service representatives"
"6989949",310,39300,2022,2021,202203,5528403,33,5140.7,4,1600852,1,13,31563,34,1,50,1,100,0,0,7,71,0,0,0,0,19456,68,"Providence-Warwick, RI-MA","Food service managers"
"7758346",800,49620,2022,2019,202203,5313386,24,491.7,1,434972,1,13,103340,26,2,57,1,100,0,0,10,101,62,6201,0,0,68893,78,"York-Hanover, PA","Accountants and auditors"
"9060090",2310,0,2022,2019,202203,3509133,15,48.8,0,33451,1,12,79227,7,2,24,1,100,0,0,10,101,23,2304,0,0,40188,72,"Not in identifiable area","Elementary and middle school teachers"
"15053266",9130,0,2022,2018,202203,5654588,43,2599.4,0,228261,1,12,157589,56,1,56,1,100,0,0,6,64,0,0,0,0,35072,15,"Not in identifiable area","Driver/sales workers and truck drivers"
"1319945",0,0,2022,2019,202203,6968936,12,708.5,0,70533,1,12,30657,12,1,81,1,100,0,0,6,64,0,0,0,0,18257,0,"Not in identifiable area","N/A (not applicable)"
"4271815",0,35840,2022,2018,202203,1333304,11,2958.4,1,702281,2,22,146132,11,1,0,1,100,0,0,0,1,0,0,0,0,9999999,0,"North Port-Sarasota-Bradenton, FL","N/A (not applicable)"
"12253143",4760,29460,2022,2022,202203,1748154,11,1346.1,1,602095,1,13,131200,11,1,21,1,100,0,0,8,81,0,0,0,0,18000,47,"Lakeland-Winter Haven, FL","Retail salespersons"
"8086703",1050,18140,2022,2018,202203,4771772,19,4987.1,5,1901974,2,22,61609,19,1,64,1,100,0,0,10,101,62,6203,0,0,17185,65,"Columbus, OH","Computer support specialists"
"5639303",0,47900,2022,2020,202203,6523652,37,134.6,5,1234820,1,13,64476,38,1,60,1,100,0,0,3,30,0,0,0,0,0,0,"Washington-Arlington-Alexandria, DC-VA-MD-WV","N/A (not applicable)"
"6045684",0,45300,2022,2019,202203,1461800,16,3114.1,1,2783243,1,13,83820,19,1,18,1,100,0,0,6,63,0,0,0,0,0,0,"Tampa-St. Petersburg-Clearwater, FL","N/A (not applicable)"
"4771754",0,37980,2022,2019,202203,5305784,18,3385.8,2,5965343,1,12,101043,19,2,68,1,100,0,0,10,101,62,6203,0,0,60856,0,"Philadelphia-Camden-Wilmington, PA-NJ-DE-MD","N/A (not applicable)"
"5560989",0,34980,2022,2019,202203,5708031,23,677,5,1670890,1,13,203234,22,1,16,1,100,0,0,4,40,0,0,0,0,0,0,"Nashville-Davidson--Murfreesboro--Franklin, TN","N/A (not applicable)"
"11010161",4110,33100,2022,2022,202203,1754975,43,12296.2,2,5564635,2,22,3000,44,2,29,1,100,4,450,7,71,0,0,0,0,3000,16,"Miami-Fort Lauderdale-West Palm Beach, FL","Waiters and waitresses"
"7531582",650,19740,2022,2021,202203,1167283,17,3731.2,4,2543482,1,13,158894,17,2,27,1,100,0,0,11,114,61,6103,0,0,77826,84,"Denver-Aurora-Lakewood, CO","Training and development specialists"
"7326222",440,0,2022,2022,202203,5798207,11,103.1,0,137908,1,12,72100,10,1,73,1,100,0,0,10,101,25,2503,0,0,60000,68,"Not in identifiable area","Other managers"
"14309911",7315,33460,2022,2018,202203,3373500,13,309.5,5,1402270,1,13,210431,12,1,40,1,100,0,0,6,63,0,0,0,0,126258,27,"Minneapolis-St. Paul-Bloomington, MN-WI","Heating, air conditioning, and refrigeration mechanics and installers"
"4680049",0,39300,2022,2018,202203,5515589,8,589.5,4,1600852,1,13,206573,9,2,69,1,100,0,0,11,114,50,5007,0,0,90836,0,"Providence-Warwick, RI-MA","N/A (not applicable)"
"15594853",9645,21340,2022,2022,202203,6353230,14,3095.2,2,804123,2,22,40000,14,2,27,7,700,1,100,6,63,0,0,0,0,0,44,"El Paso, TX","Stockers and order fillers"
"4428780",0,45300,2022,2020,202203,1553249,12,4369.4,1,2783243,1,12,22776,16,1,82,1,100,0,0,5,50,0,0,0,0,22776,0,"Tampa-St. Petersburg-Clearwater, FL","N/A (not applicable)"
"281813",0,14020,2022,2019,202203,2367090,31,1326.6,6,159549,1,13,156158,25,2,2,1,100,0,0,0,1,0,0,0,0,9999999,0,"Bloomington, IN","N/A (not applicable)"
"1148662",0,0,2022,2022,202203,3695058,1,39.9,0,10837,1,13,68000,1,1,5,1,100,0,0,1,11,0,0,0,0,9999999,0,"Not in identifiable area","N/A (not applicable)"
"907983",0,0,2022,2021,202203,6547795,14,226.5,0,76908,1,13,16970,14,2,71,1,100,0,0,2,26,0,0,0,0,16970,0,"Not in identifiable area","N/A (not applicable)"
"10390673",3645,25540,2022,2021,202203,1261437,17,1422.9,1,1212381,1,12,123224,18,2,31,1,100,0,0,8,81,0,0,0,0,37832,38,"Hartford-West Hartford-East Hartford, CT","Medical assistants"
"9957076",3255,49340,2022,2019,202203,3022324,10,6238.6,5,916980,1,12,239174,12,2,61,1,100,0,0,10,101,61,6107,0,0,167640,46,"Worcester, MA-CT","Registered nurses"
"1254800",0,0,2022,2019,202203,2651446,9,238.4,0,87716,2,22,49029,9,1,70,1,100,0,0,6,61,0,0,0,0,24572,0,"Not in identifiable area","N/A (not applicable)"
"550282",0,14460,2022,2022,202203,3120003,8,3749.3,3,4552402,1,13,206000,8,2,3,1,100,0,0,0,2,0,0,0,0,9999999,0,"Boston-Cambridge-Newton, MA-NH","N/A (not applicable)"
"7904426",960,47900,2022,2021,202203,2931206,12,736.8,5,5636232,1,13,105389,40,2,32,2,200,0,0,8,81,0,0,0,0,56207,68,"Washington-Arlington-Alexandria, DC-VA-MD-WV","Other financial specialists"
"9195025",2330,0,2022,2019,202203,5328781,28,316.2,0,149618,1,13,130897,23,2,47,1,100,0,0,11,114,23,2309,23,2310,59707,52,"Not in identifiable area","Special education teachers"
"3758911",0,12060,2022,2020,202203,1860116,12,3670.4,4,5286728,0,0,9999999,12,2,19,6,610,0,0,7,71,0,0,0,0,0,0,"Atlanta-Sandy Springs-Roswell, GA","N/A (not applicable)"
"10285585",3603,26900,2022,2021,202203,2414890,23,347.7,1,1887877,2,22,72637,28,2,26,1,100,0,0,7,71,0,0,0,0,10809,13,"Indianapolis-Carmel-Anderson, IN","Nursing assistants"
"7762793",800,35620,2022,2020,202203,4315689,11,49573.1,2,19567410,2,22,103116,11,2,36,2,200,0,0,10,101,62,6203,0,0,49858,78,"New York-Newark-Jersey City, NY-NJ-PA","Accountants and auditors"
"6759516",137,0,2022,2019,202203,6372785,4,20.3,0,27557,0,0,9999999,4,2,24,4,400,0,0,10,101,21,2107,0,0,0,68,"Not in identifiable area","Training and development managers"
"12778865",5120,39580,2022,2021,202203,4690767,17,1300.8,5,1130490,1,13,110902,19,2,16,6,610,0,0,5,50,0,0,0,0,5621,51,"Raleigh, NC","Bookkeeping, accounting, and auditing clerks"
"15021794",9130,0,2022,2021,202203,6725654,4,66.2,0,83477,1,12,122359,10,1,53,1,100,0,0,10,101,60,6002,0,0,26050,15,"Not in identifiable area","Driver/sales workers and truck drivers"
"10437739",3655,41620,2022,2022,202203,6411150,9,4399.8,4,1087839,1,13,95000,9,2,50,8,826,1,100,6,63,0,0,0,0,13000,38,"Salt Lake City, UT","Other healthcare support workers"
"10778585",4020,0,2022,2018,202203,4794115,18,218.2,0,59703,2,22,45453,18,2,37,1,100,0,0,5,50,0,0,0,0,1029,15,"Not in identifiable area","Cooks"
"7914311",1006,19100,2022,2021,202203,6160320,5,299.4,3,6426214,1,12,105929,5,1,65,1,100,0,0,10,101,62,6203,0,0,84203,65,"Dallas-Fort Worth-Arlington, TX","Computer systems analysts"
"13425481",5740,41180,2022,2018,202203,3571409,39,1601.6,5,2787701,2,22,50386,40,2,48,1,100,0,0,10,101,62,6203,0,0,50386,61,"St. Louis, MO-IL","Secretaries and administrative assistants, except legal, medical, and executive"
"13368190",5740,16980,2022,2020,202203,2205481,15,5402,2,9461105,1,12,94957,15,2,56,6,640,0,0,10,101,33,3301,0,0,4533,61,"Chicago-Naperville-Elgin, IL-IN-WI","Secretaries and administrative assistants, except legal, medical, and executive"
"14650878",8140,0,2022,2019,202203,6873820,7,438.8,0,131729,1,13,143527,6,1,57,1,100,0,0,7,71,0,0,0,0,68893,24,"Not in identifiable area","Welding, soldering, and brazing workers"
"6882359",220,0,2022,2019,202203,2497455,24,593.2,0,168563,1,13,75208,25,1,51,1,100,0,0,6,65,0,0,0,0,33872,68,"Not in identifiable area","Construction managers"
"11899625",4710,0,2022,2022,202203,6824316,11,157.2,0,45766,2,22,25500,11,1,37,1,100,0,0,6,63,0,0,0,0,6500,68,"Not in identifiable area","First-line supervisors of non-retail sales workers"
"351372",0,0,2022,2021,202203,1159107,10,3393.2,0,294567,2,22,170946,9,2,62,8,826,1,100,7,71,0,0,0,0,1081,0,"Not in identifiable area","N/A (not applicable)"
"13317138",5740,28140,2022,2018,202203,2557940,5,215.1,5,607061,1,13,99370,5,2,49,1,100,0,0,6,65,0,0,0,0,52608,61,"Kansas City, MO-KS","Secretaries and administrative assistants, except legal, medical, and executive"
"8926434",2310,12420,2022,2022,202203,6322154,15,1850.6,3,1716289,1,12,123000,15,1,40,1,100,1,100,10,101,33,3301,0,0,63000,72,"Austin-Round Rock, TX","Elementary and middle school teachers"
"481374",0,24660,2022,2019,202203,4598881,19,195.7,5,694697,1,12,11023,19,2,90,1,100,0,0,6,63,0,0,0,0,11023,0,"Greensboro-High Point, NC","N/A (not applicable)"
"9545864",2830,0,2022,2021,202203,3458024,17,50.1,0,26596,1,13,62585,17,2,67,1,100,0,0,6,63,0,0,0,0,44101,82,"Not in identifiable area","Editors"
"13469723",5740,0,2022,2019,202203,4603472,19,133.3,0,29045,1,13,43977,18,2,62,1,100,0,0,7,71,0,0,0,0,22964,61,"Not in identifiable area","Secretaries and administrative assistants, except legal, medical, and executive"
"9289768",2435,39300,2022,2021,202203,3081982,11,5690.1,4,1600852,2,22,140735,10,2,37,8,826,0,0,8,81,0,0,0,0,28320,60,"Providence-Warwick, RI-MA","Librarians and media collections specialists"
"12620550",5000,19100,2022,2021,202203,6151448,9,2254.7,3,6426214,1,13,174243,9,2,69,1,100,0,0,6,65,0,0,0,0,61180,68,"Dallas-Fort Worth-Arlington, TX","First-line supervisors of office and administrative support workers"
"6972717",300,31140,2022,2019,202203,2652610,13,275,3,1235708,1,12,132045,13,2,24,8,815,0,0,10,101,19,1901,0,0,45929,68,"Louisville/Jefferson County, KY-IN","Architectural and engineering managers"
"3921668",0,17460,2022,2018,202203,4776933,13,2427.7,1,2077240,1,13,99370,12,1,15,1,100,0,0,2,26,0,0,0,0,0,0,"Cleveland-Elyria, OH","N/A (not applicable)"
"14043379",6410,0,2022,2021,202203,3526982,12,126.7,0,75546,0,0,9999999,12,1,50,2,200,0,0,4,40,0,0,0,0,0,16,"Not in identifiable area","Painters and paperhangers"
"10696470",4020,31080,2022,2019,202203,608012,21,19310.3,1,12828837,1,13,86346,22,2,32,7,700,1,100,6,63,0,0,0,0,32150,15,"Los Angeles-Long Beach-Anaheim, CA","Cooks"
"4447459",0,31080,2022,2021,202203,872619,22,12946.4,1,12828837,2,22,40858,23,1,68,1,100,0,0,11,114,60,6002,0,0,10269,0,"Los Angeles-Long Beach-Anaheim, CA","N/A (not applicable)"
"15098057",9130,47900,2022,2018,202203,2863382,42,3222.5,5,5636232,2,22,126258,46,1,42,2,200,0,0,10,101,36,3600,0,0,100539,15,"Washington-Arlington-Alexandria, DC-VA-MD-WV","Driver/sales workers and truck drivers"
"97741",0,12580,2022,2019,202203,2895507,22,4166.5,3,2710489,1,13,128600,32,1,2,2,200,0,0,0,1,0,0,0,0,9999999,0,"Baltimore-Columbia-Towson, MD","N/A (not applicable)"
"1162050",0,0,2022,2018,202203,4045412,48,294.2,0,59529,1,13,151978,65,2,9,1,100,0,0,1,16,0,0,0,0,9999999,0,"Not in identifiable area","N/A (not applicable)"
"2616722",0,13820,2022,2022,202203,102373,9,574.4,3,1128047,1,12,36500,8,2,75,1,100,0,0,7,71,0,0,0,0,9000,0,"Birmingham-Hoover, AL","N/A (not applicable)"
"985293",0,0,2022,2020,202203,2169592,15,1168.3,0,379186,1,12,20623,22,2,64,1,100,0,0,10,101,23,2304,0,0,15637,0,"Not in identifiable area","N/A (not applicable)"
"11541436",4510,47260,2022,2019,202203,6494766,26,2065.9,5,1676822,1,13,192900,25,2,47,1,100,0,0,10,101,19,1901,0,0,9186,17,"Virginia Beach-Norfolk-Newport News, VA-NC","Hairdressers, hairstylists, and cosmetologists"
"11670546",4600,49340,2022,2019,202203,3025134,22,1097.4,5,916980,1,13,115970,25,2,19,7,700,0,0,5,50,0,0,0,0,6889,26,"Worcester, MA-CT","Childcare workers"
"5765595",0,18580,2022,2018,202203,5933010,15,5065.5,5,428185,1,13,188803,12,2,19,1,100,4,498,6,63,0,0,0,0,8768,0,"Corpus Christi, TX","N/A (not applicable)"
"14050852",6410,33340,2022,2020,202203,6885226,11,10223.5,1,1555908,0,0,9999999,11,1,19,2,200,0,0,3,30,0,0,0,0,13598,16,"Milwaukee-Waukesha-West Allis, WI","Painters and paperhangers"
"8570062",2014,46520,2022,2019,202203,1987685,10,5832.1,1,953207,2,22,3445,10,2,43,1,100,0,0,11,114,54,5404,0,0,3445,64,"Urban Honolulu, HI","Social workers, all other"
"4315740",0,22660,2022,2022,202203,1187198,15,615.8,1,299630,1,12,90100,14,2,79,1,100,0,0,6,65,0,0,0,0,45050,0,"Fort Collins, CO","N/A (not applicable)"
"2543405",0,12940,2022,2019,202203,2753994,23,1751.9,1,802484,2,22,39384,23,2,75,1,100,0,0,6,63,0,0,0,0,39384,0,"Baton Rouge, LA","N/A (not applicable)"
"1205187",0,27740,2022,2022,202203,5818164,12,211.5,5,132508,1,12,83000,9,2,44,1,100,0,0,6,63,0,0,0,0,11000,0,"Johnson City, TN","N/A (not applicable)"
"3031197",0,25540,2022,2022,202203,1275421,20,659.1,5,1113902,1,13,214000,19,2,7,1,100,0,0,1,14,0,0,0,0,9999999,0,"Hartford-West Hartford-East Hartford, CT","N/A (not applicable)"
"12936921",5240,49700,2022,2021,202203,865300,3,850.8,1,166892,1,13,255528,3,2,64,1,100,0,0,8,81,0,0,0,0,13403,44,"Yuba City, CA","Customer service representatives"
"14416687",7640,16980,2022,2019,202203,2119228,31,32996.5,2,9461105,2,22,70501,38,1,29,1,100,0,0,6,63,0,0,0,0,30543,27,"Chicago-Naperville-Elgin, IL-IN-WI","Other installation, maintenance, and repair workers"
"11592007",4530,17300,2022,2021,202203,2693704,21,233.4,6,141615,2,22,127440,21,2,75,1,100,0,0,6,65,0,0,0,0,69827,4,"Clarksville, TN-KY","Baggage porters, bellhops, and concierges"
"5482736",0,32900,2022,2021,202203,837349,97,1817,1,255793,1,13,140519,128,2,54,6,661,0,0,1,15,0,0,0,0,0,0,"Merced, CA","N/A (not applicable)"
"6958634",230,27140,2022,2022,202203,3545603,69,394.8,5,567122,1,13,161000,68,2,44,2,200,0,0,11,116,23,2313,0,0,85000,72,"Jackson, MS","Education and childcare administrators"
"9282252",2435,0,2022,2019,202203,2652787,24,112.3,0,65849,2,22,31002,24,2,31,1,100,0,0,11,114,33,3301,0,0,31002,60,"Not in identifiable area","Librarians and media collections specialists"
"5551342",0,34980,2022,2020,202203,5755485,81,578.9,5,1670890,2,22,29462,14,1,3,8,826,1,100,0,2,0,0,0,0,9999999,0,"Nashville-Davidson--Murfreesboro--Franklin, TN","N/A (not applicable)"
"15352725",9620,19100,2022,2022,202203,6288916,15,6283.5,3,6426214,2,22,63800,18,1,27,1,100,0,0,6,63,0,0,0,0,35000,8,"Dallas-Fort Worth-Arlington, TX","Laborers and freight, stock, and material movers, hand"
"692679",0,0,2022,2021,202203,325828,33,506.2,0,280467,1,13,53505,46,1,5,8,801,0,0,0,2,0,0,0,0,9999999,0,"Not in identifiable area","N/A (not applicable)"
"14535965",7750,35300,2022,2021,202203,1263975,20,2126.3,1,862477,1,13,44696,19,2,61,1,100,0,0,6,65,0,0,0,0,19132,18,"New Haven-Milford, CT","Other assemblers and fabricators"
"14968533",9050,12060,2022,2020,202203,1885451,51,3689.4,4,5286728,1,13,150708,32,1,56,1,100,0,0,7,71,0,0,0,0,56657,31,"Atlanta-Sandy Springs-Roswell, GA","Flight attendants"
"14234030",7200,14460,2022,2018,202203,3000349,10,1534.8,4,4552402,1,12,502696,10,1,68,1,100,0,0,6,63,0,0,0,0,140287,19,"Boston-Cambridge-Newton, MA-NH","Automotive service technicians and mechanics"
"9919421",3255,35380,2022,2021,202203,2793090,11,501.6,1,1189866,1,13,30698,11,2,69,1,100,0,0,8,81,0,0,0,0,30698,46,"New Orleans-Metairie, LA","Registered nurses"
"1492523",0,35620,2022,2018,202203,3870945,17,2145.9,2,19567410,1,13,73417,17,2,13,1,100,0,0,2,26,0,0,0,0,9999999,0,"New York-Newark-Jersey City, NY-NJ-PA","N/A (not applicable)"
"1175005",0,0,2022,2020,202203,3707286,3,104.4,0,32907,1,12,203399,38,1,14,1,100,0,0,2,26,0,0,0,0,9999999,0,"Not in identifiable area","N/A (not applicable)"
"10814718",4030,0,2022,2021,202203,3850114,14,129.7,0,64560,1,12,109713,29,1,29,1,100,0,0,6,65,0,0,0,0,41615,15,"Not in identifiable area","Food preparation workers"
"7606762",710,39740,2022,2018,202203,5241406,36,825.7,1,411442,1,13,128597,28,1,33,1,100,0,0,10,101,41,4101,0,0,64298,86,"Reading, PA","Management analysts"
"1053862",0,0,2022,2018,202203,2559446,5,66.3,0,15516,2,21,46412,3,2,46,1,100,0,0,7,71,0,0,0,0,0,0,"Not in identifiable area","N/A (not applicable)"
"13255858",5610,0,2022,2018,202203,5131467,4,43.9,0,21395,2,22,52678,4,1,40,1,100,0,0,6,64,0,0,0,0,46762,22,"Not in identifiable area","Shipping, receiving, and inventory clerks"
"4126132",0,18140,2022,2018,202203,4770582,53,4987.1,5,1901974,2,21,0,65,2,3,2,200,0,0,0,2,0,0,0,0,9999999,0,"Columbus, OH","N/A (not applicable)"
"12204829",4760,33100,2022,2019,202203,1424987,21,5057.4,2,5564635,1,12,118955,33,1,22,2,200,0,0,6,65,0,0,0,0,18486,47,"Miami-Fort Lauderdale-West Palm Beach, FL","Retail salespersons"
"14386455",7340,16980,2022,2021,202203,2223177,10,5723.8,2,9461105,1,13,122143,17,1,56,8,826,1,100,6,63,0,0,0,0,41075,27,"Chicago-Naperville-Elgin, IL-IN-WI","Maintenance and repair workers, general"
"14878220",8990,15500,2022,2019,202203,4603764,8,681.2,1,151131,1,13,70386,8,1,24,1,100,0,0,7,71,0,0,0,0,36743,18,"Burlington, NC","Miscellaneous production workers, including equipment operators and tenders"
"13979821",6355,15180,2022,2018,202203,5869512,50,466.9,1,406220,1,13,61960,46,1,49,1,100,1,100,3,30,0,0,0,0,46762,44,"Brownsville-Harlingen, TX","Electricians"
"9029736",2310,0,2022,2022,202203,6350297,6,342.5,0,34568,1,12,205000,13,2,29,8,826,1,100,10,101,23,2300,0,0,49000,72,"Not in identifiable area","Elementary and middle school teachers"
"6033107",0,28100,2022,2018,202203,2079800,12,543.8,1,113449,2,22,97500,10,2,10,1,100,0,0,1,17,0,0,0,0,9999999,0,"Kankakee, IL","N/A (not applicable)"
"9236106",2360,19740,2022,2019,202203,1128256,14,4498.9,4,2543482,1,13,155009,13,1,38,8,856,4,450,11,114,37,3700,0,0,57411,52,"Denver-Aurora-Lakewood, CO","Other teachers and instructors"
"3222763",0,16740,2022,2021,202203,4665794,16,1682.1,6,2217012,1,13,137276,9,1,17,6,610,0,0,5,50,0,0,0,0,0,0,"Charlotte-Concord-Gastonia, NC-SC","N/A (not applicable)"
"9011038",2310,38900,2022,2021,202203,6739077,13,2288.1,5,2226009,1,13,274552,13,2,40,1,100,1,100,11,115,23,2304,0,0,85392,72,"Portland-Vancouver-Hillsboro, OR-WA","Elementary and middle school teachers"
"4358224",0,29420,2022,2019,202203,184305,20,221,5,162003,2,22,9989,20,2,86,1,100,0,0,6,63,0,0,0,0,9989,0,"Lake Havasu City-Kingman, AZ","N/A (not applicable)"
"14389690",7360,16980,2022,2022,202203,2443718,97,869,3,9461105,1,13,238000,98,1,41,2,200,0,0,8,81,0,0,0,0,150000,31,"Chicago-Naperville-Elgin, IL-IN-WI","Millwrights"
"8921257",2310,18140,2022,2020,202203,4902271,84,1954.8,5,1901974,2,22,210764,85,2,25,1,100,0,0,10,101,62,6207,0,0,45326,72,"Columbus, OH","Elementary and middle school teachers"
"1443628",0,17140,2022,2020,202203,2662228,1,2010.3,4,2114580,1,12,22776,1,2,82,8,802,0,0,0,2,0,0,0,0,22776,0,"Cincinnati, OH-KY-IN","N/A (not applicable)"
"2601212",0,13820,2022,2019,202203,37097,40,135,6,1128047,1,12,28131,85,1,20,1,100,0,0,5,50,0,0,0,0,0,0,"Birmingham-Hoover, AL","N/A (not applicable)"
"6638233",110,35620,2022,2020,202203,4311630,6,1500.3,2,19567410,1,13,213144,6,1,66,1,100,0,0,10,101,62,6203,0,0,173484,68,"New York-Newark-Jersey City, NY-NJ-PA","Computer and information systems managers"
"2532337",0,32820,2022,2021,202203,5772576,20,1888.3,6,1324829,1,13,298332,15,2,7,1,100,0,0,1,14,0,0,0,0,9999999,0,"Memphis, TN-MS-AR","N/A (not applicable)"
"6637993",110,16980,2022,2022,202203,2317446,16,4656,3,9461105,1,12,125000,11,1,34,1,100,4,412,8,81,0,0,0,0,85000,68,"Chicago-Naperville-Elgin, IL-IN-WI","Computer and information systems managers"
"4412738",0,31080,2022,2020,202203,696814,6,8131.7,1,12828837,1,12,108895,6,2,77,1,100,0,0,7,71,0,0,0,0,35127,0,"Los Angeles-Long Beach-Anaheim, CA","N/A (not applicable)"
"11849019",4700,0,2022,2020,202203,1873890,7,2226.4,0,347611,1,13,38300,6,2,56,1,100,0,0,10,101,23,2309,0,0,38300,68,"Not in identifiable area","First-line supervisors of retail sales workers"
"10500114",3820,38300,2022,2021,202203,5408842,17,5006.1,5,2356285,1,13,77826,17,1,40,1,100,0,0,8,81,0,0,0,0,77826,18,"Pittsburgh, PA","Detectives and criminal investigators"
"321438",0,0,2022,2021,202203,6189008,5,96.9,0,80419,1,12,27131,2,1,67,1,100,0,0,5,50,0,0,0,0,26482,0,"Not in identifiable area","N/A (not applicable)"
"12036873",4720,0,2022,2021,202203,3648042,1,53.2,0,19080,1,12,42264,3,2,30,8,802,0,0,6,65,0,0,0,0,11782,44,"Not in identifiable area","Cashiers"
"13005407",5250,0,2022,2022,202203,1202153,4,62.3,0,58676,1,13,144000,3,2,57,1,100,0,0,6,64,0,0,0,0,114000,44,"Not in identifiable area","Eligibility interviewers, government programs"
"11273523",4220,26900,2022,2021,202203,2425075,13,699.2,1,1887877,1,12,40426,13,2,62,1,100,0,0,6,63,0,0,0,0,40426,9,"Indianapolis-Carmel-Anderson, IN","Janitors and building cleaners"
"4270423",0,10900,2022,2018,202203,5237131,35,8950.6,1,821173,2,22,31448,33,1,74,1,100,2,200,6,63,0,0,0,0,15081,0,"Allentown-Bethlehem-Easton, PA-NJ","N/A (not applicable)"
"4261551",0,44700,2022,2020,202203,678661,3,2491.9,1,685306,1,13,169631,5,2,14,6,600,1,100,3,30,0,0,0,0,9999999,0,"Stockton-Lodi, CA","N/A (not applicable)"
"10336371",3603,0,2022,2020,202203,4644059,5,133.3,0,29045,1,12,13258,5,2,64,1,100,0,0,6,64,0,0,0,0,13258,13,"Not in identifiable area","Nursing assistants"
"400766",0,45300,2022,2019,202203,1475042,17,814.9,1,2783243,1,13,44666,17,2,68,1,100,0,0,10,101,23,2304,0,0,44666,0,"Tampa-St. Petersburg-Clearwater, FL","N/A (not applicable)"
"14242062",7200,20740,2022,2019,202203,6861711,8,475.8,5,161151,1,12,120563,7,1,50,1,100,0,0,8,81,0,0,0,0,5741,19,"Eau Claire, WI","Automotive service technicians and mechanics"
"5116495",0,38060,2022,2018,202203,143859,19,112,2,4192887,1,13,177697,25,2,7,1,100,0,0,1,14,0,0,0,0,9999999,0,"Phoenix-Mesa-Scottsdale, AZ","N/A (not applicable)"
"5081880",0,40140,2022,2019,202203,619276,17,5083,1,4224851,1,13,179122,23,2,1,8,845,0,0,0,1,0,0,0,0,9999999,0,"Riverside-San Bernardino-Ontario, CA","N/A (not applicable)"
"15002882",9122,42100,2022,2021,202203,919669,14,1238.6,1,262382,1,13,203536,14,1,37,8,826,1,100,6,65,0,0,0,0,167541,24,"Santa Cruz-Watsonville, CA","Bus drivers, transit and intercity"
"9708141",3110,12060,2022,2020,202203,1866330,10,4047.6,4,5286728,2,22,147308,10,2,27,1,100,0,0,11,114,40,4002,0,0,101983,46,"Atlanta-Sandy Springs-Roswell, GA","Physician assistants"
"5398527",0,35620,2022,2020,202203,4288609,25,16269.6,2,19567410,1,12,64136,25,2,87,2,200,0,0,8,81,0,0,0,0,30028,0,"New York-Newark-Jersey City, NY-NJ-PA","N/A (not applicable)"
"9051445",2310,40900,2022,2018,202203,404689,18,4260.1,1,2149127,2,22,103813,17,2,46,1,100,0,0,7,71,0,0,0,0,41852,72,"Sacramento--Roseville--Arden-Arcade, CA","Elementary and middle school teachers"
"11765644",4700,26420,2022,2020,202203,6098748,7,6522.8,3,5920416,2,22,62889,11,2,68,1,100,0,0,8,81,0,0,0,0,15864,68,"Houston-The Woodlands-Sugar Land, TX","First-line supervisors of retail sales workers"
"3255531",0,0,2022,2019,202203,6799446,22,37.2,0,20514,1,13,36054,31,2,14,1,100,0,0,2,25,0,0,0,0,9999999,0,"Not in identifiable area","N/A (not applicable)"
"311909",0,14260,2022,2020,202203,2024910,6,1359.4,5,616561,1,13,54844,10,1,10,1,100,0,0,1,16,0,0,0,0,9999999,0,"Boise City, ID","N/A (not applicable)"
"12597119",4965,27260,2022,2019,202203,1464393,9,2420.8,3,1345596,1,13,325634,9,1,63,1,100,0,0,11,114,61,6110,0,0,256052,47,"Jacksonville, FL","Sales and related workers, all other"
"570306",0,38900,2022,2018,202203,5127782,26,6080.3,5,2226009,2,22,45593,28,1,3,1,100,4,450,1,11,0,0,0,0,9999999,0,"Portland-Vancouver-Hillsboro, OR-WA","N/A (not applicable)"
"15586867",9645,0,2022,2022,202203,107923,24,93.5,0,62817,2,21,29000,24,2,21,1,100,0,0,5,50,0,0,0,0,13000,44,"Not in identifiable area","Stockers and order fillers"
"5809675",0,41540,2022,2020,202203,1294882,1,284.9,1,373802,1,13,103796,4,1,82,1,100,0,0,7,71,0,0,0,0,61869,0,"Salisbury, MD-DE","N/A (not applicable)"
"11132282",4150,0,2022,2018,202203,6791434,22,49.3,0,15330,1,13,164954,6,2,18,1,100,0,0,6,65,0,0,0,0,8183,15,"Not in identifiable area","Hosts and hostesses, restaurant, lounge, and coffee shop"
"12439215",4840,16740,2022,2018,202203,5548101,18,368,6,2217012,1,13,318686,21,1,63,1,100,0,0,10,101,19,1902,0,0,287939,47,"Charlotte-Concord-Gastonia, NC-SC","Sales representatives of services, except advertising, insurance, financial services, and travel"
"8026767",1021,16860,2022,2019,202203,5707454,35,1265.9,6,528143,1,13,197493,24,1,31,1,100,0,0,10,101,24,2400,0,0,197493,65,"Chattanooga, TN-GA","Software developers"
"11196985",4220,0,2022,2018,202203,3699295,21,92,0,27563,1,13,72599,32,1,55,1,100,0,0,8,81,0,0,0,0,46879,9,"Not in identifiable area","Janitors and building cleaners"
"9561235",2850,18140,2022,2022,202203,4989978,12,2045.4,4,1901974,1,13,277000,26,1,35,8,826,4,428,6,63,0,0,0,0,24000,76,"Columbus, OH","Writers and authors"
"6981286",300,26420,2022,2021,202203,6148089,30,476.3,3,5920416,2,22,233477,32,1,38,6,610,0,0,11,114,21,2102,0,0,129709,68,"Houston-The Woodlands-Sugar Land, TX","Architectural and engineering managers"
"10045038",3402,41180,2022,2022,202203,3672643,14,1803.3,5,2787701,1,13,365000,14,1,46,1,100,0,0,7,71,0,0,0,0,150000,48,"St. Louis, MO-IL","Paramedics"
"14768336",8730,16740,2022,2020,202203,5597538,15,368,6,2217012,1,13,104589,31,2,69,1,100,0,0,6,64,0,0,0,0,79320,17,"Charlotte-Concord-Gastonia, NC-SC","Furnace, kiln, oven, drier, and kettle operators and tenders"
"464814",0,14460,2022,2018,202203,2995032,31,2447.1,4,4552402,2,22,17185,32,2,36,1,100,2,200,2,23,0,0,0,0,13678,0,"Boston-Cambridge-Newton, MA-NH","N/A (not applicable)"
"2399988",0,12580,2022,2020,202203,2912003,21,13057.8,3,2710489,1,13,138243,14,1,68,1,100,0,0,3,30,0,0,0,0,29462,0,"Baltimore-Columbia-Towson, MD","N/A (not applicable)"
"12633663",5000,28140,2022,2019,202203,3597667,12,909.8,5,2009342,1,12,54196,14,1,65,1,100,0,0,8,81,0,0,0,0,23653,68,"Kansas City, MO-KS","First-line supervisors of office and administrative support workers"
"1478941",0,0,2022,2019,202203,2754505,15,171.1,0,90753,1,12,143527,16,2,8,1,100,0,0,1,15,0,0,0,0,9999999,0,"Not in identifiable area","N/A (not applicable)"
"9103768",2310,31080,2022,2020,202203,734595,9,10887.6,1,12828837,1,13,231161,7,2,51,1,100,0,0,10,101,34,3401,0,0,90651,72,"Los Angeles-Long Beach-Anaheim, CA","Elementary and middle school teachers"
"12620334",5000,35620,2022,2018,202203,4156920,13,5057.5,2,19567410,1,13,316815,12,2,52,1,100,0,0,7,71,0,0,0,0,129766,68,"New York-Newark-Jersey City, NY-NJ-PA","First-line supervisors of office and administrative support workers"
"15497889",9640,0,2022,2019,202203,4869194,1,267.9,0,58577,2,22,34676,2,1,48,1,100,0,0,6,63,0,0,0,0,34676,18,"Not in identifiable area","Packers and packagers, hand"
"12941948",5240,35620,2022,2021,202203,4383292,21,776.5,2,19567410,1,13,635792,19,2,45,1,100,0,0,10,101,60,6004,0,0,43236,44,"New York-Newark-Jersey City, NY-NJ-PA","Customer service representatives"
"13015355",5260,12420,2022,2021,202203,6125731,10,6135.2,4,1716289,0,0,9999999,10,2,18,1,100,0,0,6,65,0,0,0,0,23240,44,"Austin-Round Rock, TX","File clerks"
"3151857",0,0,2022,2019,202203,5317529,4,206.9,0,40055,2,22,30313,4,1,60,1,100,0,0,6,63,0,0,0,0,16534,0,"Not in identifiable area","N/A (not applicable)"
"15075902",9130,0,2022,2020,202203,3744288,4,47.5,0,16229,1,13,64022,3,1,61,1,100,0,0,6,63,0,0,0,0,64022,15,"Not in identifiable area","Driver/sales workers and truck drivers"
"9287032",2435,16980,2022,2022,202203,2313595,27,3520.1,3,9461105,2,22,32400,27,2,62,1,100,0,0,8,81,0,0,0,0,32400,60,"Chicago-Naperville-Elgin, IL-IN-WI","Librarians and media collections specialists"
"7620699",710,31080,2022,2021,202203,813297,34,7436.1,1,12828837,1,12,183755,35,2,34,8,826,1,100,10,101,62,6200,0,0,75664,86,"Los Angeles-Long Beach-Anaheim, CA","Management analysts"
"708805",0,0,2022,2022,202203,333896,28,70.5,0,24727,1,12,61700,115,1,35,2,200,0,0,6,63,0,0,0,0,4700,0,"Not in identifiable area","N/A (not applicable)"
"2063953",0,0,2022,2022,202203,1945748,13,275.5,0,156005,1,12,21100,11,2,21,1,100,0,0,0,2,0,0,0,0,0,0,"Not in identifiable area","N/A (not applicable)"
"13865374",6260,36100,2022,2021,202203,1598474,15,1037.9,1,331298,2,22,21618,28,1,46,1,100,4,412,1,17,0,0,0,0,21618,8,"Ocala, FL","Construction laborers"
"9934616",3255,0,2022,2018,202203,3140573,54,439.6,0,215940,1,13,70144,54,1,34,1,100,0,0,8,81,0,0,0,0,70144,46,"Not in identifiable area","Registered nurses"
"10595955",3930,31080,2022,2022,202203,948281,34,16982.3,1,12828837,2,22,22000,34,2,37,2,200,0,0,6,64,0,0,0,0,19400,8,"Los Angeles-Long Beach-Anaheim, CA","Security guards and gaming surveillance officers"
"2209931",0,0,2022,2018,202203,5251079,13,553.5,0,93015,2,22,156654,10,1,4,1,100,0,0,0,2,0,0,0,0,9999999,0,"Not in identifiable area","N/A (not applicable)"
"8090347",1050,12060,2022,2019,202203,1818272,22,2580.5,4,5286728,1,12,194278,22,2,54,1,100,0,0,10,101,19,1901,0,0,196460,65,"Atlanta-Sandy Springs-Roswell, GA","Computer support specialists"
"2041691",0,0,2022,2022,202203,1936734,95,283.7,0,118355,1,13,90000,125,1,4,1,100,0,0,1,11,0,0,0,0,9999999,0,"Not in identifiable area","N/A (not applicable)"
"4366899",0,23420,2022,2020,202203,675106,5,4425.2,1,930450,1,13,101983,3,2,7,7,700,1,100,1,14,0,0,0,0,9999999,0,"Fresno, CA","N/A (not applicable)"
"3334083",0,35380,2022,2022,202203,2796960,10,4960.1,1,1189866,1,13,115000,10,1,9,8,801,0,0,1,16,0,0,0,0,9999999,0,"New Orleans-Metairie, LA","N/A (not applicable)"
"12027760",4720,36540,2022,2019,202203,3731926,6,129.4,6,280525,2,22,33528,7,1,59,1,100,0,0,6,65,0,0,0,0,33528,44,"Omaha-Council Bluffs, NE-IA","Cashiers"
"7269995",440,16740,2022,2019,202203,4570770,9,2844.4,6,2217012,1,13,498671,9,1,53,1,100,0,0,11,114,50,5003,0,0,188652,68,"Charlotte-Concord-Gastonia, NC-SC","Other managers"
"10980438",4110,24860,2022,2018,202203,5544949,18,392.9,5,824112,2,22,80665,18,2,54,1,100,0,0,6,63,0,0,0,0,0,16,"Greenville-Anderson-Mauldin, SC","Waiters and waitresses"
"4459257",0,31080,2022,2021,202203,789297,31,8896.6,1,12828837,2,22,11133,43,2,2,1,100,1,100,0,1,0,0,0,0,9999999,0,"Los Angeles-Long Beach-Anaheim, CA","N/A (not applicable)"
"13213233",5550,0,2022,2022,202203,6279523,7,110.1,0,83095,1,13,127000,10,1,59,1,100,0,0,7,71,0,0,0,0,70000,53,"Not in identifiable area","Postal service mail carriers"
"1206355",0,27780,2022,2019,202203,5283492,3,482.1,1,143679,1,12,5511,4,2,77,1,100,0,0,5,50,0,0,0,0,5511,0,"Johnstown, PA","N/A (not applicable)"
"1198267",0,0,2022,2019,202203,6030501,2,245.1,0,76473,1,12,109884,3,2,77,1,100,0,0,6,61,0,0,0,0,12745,0,"Not in identifiable area","N/A (not applicable)"
"4214819",0,35620,2022,2020,202203,4272844,9,904.7,2,19567410,1,13,70708,1,2,15,8,813,0,0,2,26,0,0,0,0,10085,0,"New York-Newark-Jersey City, NY-NJ-PA","N/A (not applicable)"
"8837853",2205,0,2022,2021,202203,859966,4,57.4,0,35035,1,12,218344,5,1,65,1,100,0,0,11,116,50,5007,0,0,145923,84,"Not in identifiable area","Postsecondary teachers"
"1450637",0,0,2022,2021,202203,1666805,9,84.8,0,46809,1,13,58477,5,2,29,1,100,0,0,7,71,0,0,0,0,0,0,"Not in identifiable area","N/A (not applicable)"
"12690616",5100,0,2022,2021,202203,2417622,32,703.3,0,172425,1,13,59126,32,2,47,1,100,0,0,6,65,0,0,0,0,27671,39,"Not in identifiable area","Bill and account collectors"
"6050256",0,35620,2022,2019,202203,4220908,76,19069,2,19567410,2,22,13893,85,1,13,1,100,0,0,2,26,0,0,0,0,9999999,0,"New York-Newark-Jersey City, NY-NJ-PA","N/A (not applicable)"
"5196266",0,35620,2022,2022,202203,4013177,4,3275.5,2,19567410,1,12,847500,3,1,14,1,100,0,0,3,30,0,0,0,0,9999999,0,"New York-Newark-Jersey City, NY-NJ-PA","N/A (not applicable)"
"6005906",0,42660,2022,2021,202203,6746767,12,4560.6,1,3439809,1,13,291846,9,1,1,8,816,0,0,0,1,0,0,0,0,9999999,0,"Seattle-Tacoma-Bellevue, WA","N/A (not applicable)"
"8193585",1240,41740,2022,2020,202203,648121,16,2542.1,1,3095313,0,0,9999999,16,1,25,8,826,2,200,10,101,52,5200,0,0,22663,18,"San Diego-Carlsbad, CA","Other mathematical science occupations"
"2578908",0,0,2022,2021,202203,6936612,22,1108.2,0,605435,1,13,222127,22,1,15,1,100,0,0,3,30,0,0,0,0,0,0,"Not in identifiable area","N/A (not applicable)"
"4023018",0,47300,2022,2021,202203,910647,13,359.9,1,442179,1,13,42156,14,1,15,7,700,1,100,3,30,0,0,0,0,0,0,"Visalia-Porterville, CA","N/A (not applicable)"
"4772880",0,31140,2022,2018,202203,2621815,29,275,3,1235708,1,12,74995,29,2,81,1,100,0,0,6,63,0,0,0,0,20400,0,"Louisville/Jefferson County, KY-IN","N/A (not applicable)"
"11193876",4220,0,2022,2022,202203,5821399,3,215,0,75910,1,13,66300,3,1,66,1,100,0,0,6,64,0,0,0,0,19400,9,"Not in identifiable area","Janitors and building cleaners"
"13694153",6050,42100,2022,2022,202203,939712,3,1316.1,1,262382,0,0,9999999,3,1,38,8,826,1,100,6,64,0,0,0,0,35000,6,"Santa Cruz-Watsonville, CA","Other agricultural workers"
"5243687",0,36540,2022,2020,202203,3741189,18,2319.7,6,865350,1,13,138243,23,2,13,1,100,0,0,2,23,0,0,0,0,9999999,0,"Omaha-Council Bluffs, NE-IA","N/A (not applicable)"
"6463302",10,49620,2022,2018,202203,5244675,23,2729.4,1,434972,2,22,281159,24,1,52,1,100,0,0,10,101,64,6402,0,0,271806,68,"York-Hanover, PA","Chief executives and legislators"
"15488600",9630,28140,2022,2020,202203,3620355,21,91.1,5,509500,2,22,55524,6,1,38,1,100,0,0,6,63,0,0,0,0,45326,8,"Kansas City, MO-KS","Machine feeders and offbearers"
"5528975",0,39340,2022,2021,202203,6400810,17,4033.8,3,526810,1,13,85932,18,1,9,1,100,0,0,1,16,0,0,0,0,9999999,0,"Provo-Orem, UT","N/A (not applicable)"
"10527202",3870,0,2022,2018,202203,420497,3,38.2,0,30652,1,13,217211,4,1,49,1,100,0,0,8,81,0,0,0,0,168345,39,"Not in identifiable area","Police officers"
"13744312",6200,17140,2022,2021,202203,2694367,12,1074.3,4,2114580,1,12,29833,10,1,68,1,100,0,0,6,61,0,0,0,0,15133,68,"Cincinnati, OH-KY-IN","First-line supervisors of construction trades and extraction workers"
"13761815",6220,0,2022,2019,202203,5704169,8,163.8,0,78433,0,0,9999999,8,1,33,1,100,0,0,5,50,0,0,0,0,32150,27,"Not in identifiable area","Brickmasons, blockmasons, stonemasons, and reinforcing iron and rebar workers"
"9156062",2320,35620,2022,2022,202203,4459425,12,28685,2,19567410,1,12,228000,11,2,26,1,100,0,0,10,101,62,6201,0,0,65000,72,"New York-Newark-Jersey City, NY-NJ-PA","Secondary school teachers"
"14001863",6355,29820,2022,2020,202203,3794586,6,7990.5,1,1951269,1,13,72974,6,1,59,7,700,1,100,6,61,0,0,0,0,33994,44,"Las Vegas-Henderson-Paradise, NV","Electricians"
"4450514",0,31080,2022,2022,202203,985677,33,6738.2,1,12828837,1,12,56500,35,1,68,6,640,0,0,10,101,24,2408,0,0,16300,0,"Los Angeles-Long Beach-Anaheim, CA","N/A (not applicable)"
"10828415",4030,16980,2022,2019,202203,2111141,18,6446.5,2,9461105,1,13,65448,16,2,55,8,826,1,100,6,64,0,0,0,0,15156,15,"Chicago-Naperville-Elgin, IL-IN-WI","Food preparation workers"
"1388799",0,0,2022,2019,202203,6878176,9,341.6,0,102228,1,12,31806,8,2,73,1,100,0,0,7,71,0,0,0,0,31806,0,"Not in identifiable area","N/A (not applicable)"
"14113304",6530,31080,2022,2022,202203,1051703,7,17000.4,1,12828837,1,13,173400,9,1,70,7,700,1,100,0,2,0,0,0,0,53000,34,"Los Angeles-Long Beach-Anaheim, CA","Structural iron and steel workers"
"6700284",120,12540,2022,2019,202203,592690,10,3877.4,1,839631,1,13,120563,10,2,27,1,100,1,100,6,63,0,0,0,0,51670,68,"Bakersfield, CA","Financial managers"
"14174632",7020,0,2022,2022,202203,6317824,11,60.6,0,20174,1,12,76000,11,1,50,8,826,1,100,8,81,0,0,0,0,76000,49,"Not in identifiable area","Radio and telecommunications equipment installers and repairers"
"2601366",0,16980,2022,2021,202203,2245035,16,13991.3,2,9461105,2,22,70584,14,2,57,1,100,1,100,1,14,0,0,0,0,0,0,"Chicago-Naperville-Elgin, IL-IN-WI","N/A (not applicable)"
"13015773",5260,40900,2022,2018,202203,389921,11,429.3,1,2149127,1,13,250179,23,2,24,1,100,0,0,10,101,15,1501,0,0,30396,44,"Sacramento--Roseville--Arden-Arcade, CA","File clerks"
"10654777",4000,40900,2022,2021,202203,836261,10,5851.4,1,2149127,2,22,44101,10,1,35,6,671,0,0,6,63,0,0,0,0,3135,15,"Sacramento--Roseville--Arden-Arcade, CA","Chefs and head cooks"
"4115213",0,31080,2022,2021,202203,916780,13,3339.4,1,12828837,1,12,104848,13,2,51,4,400,0,0,6,63,0,0,0,0,0,0,"Los Angeles-Long Beach-Anaheim, CA","N/A (not applicable)"
"3203927",0,0,2022,2021,202203,3539131,6,78.9,0,23619,1,12,49398,16,1,14,1,100,0,0,3,30,0,0,0,0,9999999,0,"Not in identifiable area","N/A (not applicable)"
"10254636",3602,38900,2022,2019,202203,5155782,15,3394.2,5,2226009,2,22,40647,35,1,32,6,662,0,0,7,71,0,0,0,0,27328,13,"Portland-Vancouver-Hillsboro, OR-WA","Personal care aides"
"5486469",0,17460,2022,2018,202203,4774128,10,5750.5,1,2077240,1,13,709619,9,1,6,1,100,0,0,1,12,0,0,0,0,9999999,0,"Cleveland-Elyria, OH","N/A (not applicable)"
"7005925",310,17460,2022,2020,202203,4919625,61,2888.3,1,2077240,2,22,61190,74,2,31,1,100,2,200,7,71,0,0,0,0,33994,68,"Cleveland-Elyria, OH","Food service managers"
"11237219",4220,0,2022,2018,202203,1099095,24,47,0,38260,2,22,184945,23,1,58,7,700,4,412,6,63,0,0,0,0,87679,9,"Not in identifiable area","Janitors and building cleaners"
"13916685",6260,16980,2022,2020,202203,2198003,23,21861.4,2,9461105,2,22,39660,28,1,40,8,826,4,413,6,63,0,0,0,0,5666,8,"Chicago-Naperville-Elgin, IL-IN-WI","Construction laborers"
"6190650",0,49180,2022,2021,202203,4678106,6,420.4,6,640595,1,12,81922,5,1,79,1,100,0,0,5,50,0,0,0,0,46695,0,"Winston-Salem, NC","N/A (not applicable)"
"3224961",0,0,2022,2018,202203,5845983,85,96.9,0,80419,2,21,65467,55,2,3,1,100,1,100,0,2,0,0,0,0,9999999,0,"Not in identifiable area","N/A (not applicable)"
"6072347",0,39340,2022,2020,202203,6388357,8,655.5,3,526810,1,13,67003,11,2,5,1,100,0,0,1,12,0,0,0,0,9999999,0,"Provo-Orem, UT","N/A (not applicable)"
"15245920",9150,33100,2022,2021,202203,1646994,17,5187.3,2,5564635,1,12,63774,18,1,60,1,100,0,0,6,61,0,0,0,0,25942,10,"Miami-Fort Lauderdale-West Palm Beach, FL","Motor vehicle operators, all other"
"5587893",0,35620,2022,2020,202203,4305379,39,19069,2,19567410,1,13,79433,38,1,32,2,200,0,0,6,63,0,0,0,0,0,0,"New York-Newark-Jersey City, NY-NJ-PA","N/A (not applicable)"
"9904408",3255,0,2022,2018,202203,284764,10,85.6,0,28605,1,13,203416,10,2,45,1,100,0,0,11,114,61,6107,0,0,102877,46,"Not in identifiable area","Registered nurses"
"4078068",0,32580,2022,2022,202203,6327887,30,2603.7,1,774769,1,12,52700,31,2,73,8,826,1,100,7,71,0,0,0,0,10000,0,"McAllen-Edinburg-Mission, TX","N/A (not applicable)"
"7756101",800,16980,2022,2018,202203,2082458,23,3409.9,2,9461105,1,13,163668,23,1,51,6,600,0,0,11,115,62,6207,0,0,75989,78,"Chicago-Naperville-Elgin, IL-IN-WI","Accountants and auditors"
"10741323",4020,47900,2022,2022,202203,6587837,48,169.5,4,1237166,2,22,88000,57,1,27,1,100,0,0,0,2,0,0,0,0,23000,15,"Washington-Arlington-Alexandria, DC-VA-MD-WV","Cooks"
"5271971",0,45300,2022,2019,202203,1454402,4,3114.1,1,2783243,1,13,101847,4,2,68,1,100,0,0,6,65,0,0,0,0,15042,0,"Tampa-St. Petersburg-Clearwater, FL","N/A (not applicable)"
"2168382",0,0,2022,2018,202203,2339207,39,1653.1,0,311552,1,12,67572,39,2,10,1,100,0,0,1,17,0,0,0,0,9999999,0,"Not in identifiable area","N/A (not applicable)"
"6032182",0,49340,2022,2020,202203,3048989,15,258.7,5,1597552,1,13,77552,15,2,50,1,100,0,0,10,101,61,6107,0,0,16657,0,"Worcester, MA-CT","N/A (not applicable)"
"9209471",2350,41860,2022,2020,202203,732338,11,5583.4,1,4335391,2,22,237960,9,1,24,6,600,0,0,11,115,24,2414,0,0,22663,52,"San Francisco-Oakland-Hayward, CA","Tutors"
"14250841",7200,38060,2022,2019,202203,177818,8,4065.5,2,4192887,1,13,87265,12,1,24,1,100,0,0,5,50,0,0,0,0,0,19,"Phoenix-Mesa-Scottsdale, AZ","Automotive service technicians and mechanics"
"4899681",0,31080,2022,2019,202203,495350,19,10015.5,1,12828837,0,0,9999999,19,2,83,1,100,0,0,6,63,0,0,0,0,17453,0,"Los Angeles-Long Beach-Anaheim, CA","N/A (not applicable)"
"13134113",5400,37980,2022,2020,202203,3951567,75,4624.7,2,5965343,1,12,148215,29,2,17,8,826,4,412,5,50,0,0,0,0,907,44,"Philadelphia-Camden-Wilmington, PA-NJ-DE-MD","Receptionists and information clerks"
"13951682",6305,0,2022,2022,202203,3823411,59,32.5,0,26290,2,22,79800,57,1,29,1,100,0,0,6,64,0,0,0,0,56000,24,"Not in identifiable area","Construction equipment operators"
"12074362",4720,48620,2022,2021,202203,2591356,42,960.5,5,630919,1,13,143329,29,2,18,1,100,0,0,6,63,0,0,0,0,6485,44,"Wichita, KS","Cashiers"
"359281",0,0,2022,2021,202203,2243881,5,155.2,0,62402,1,12,26374,5,1,94,1,100,0,0,6,63,0,0,0,0,26374,0,"Not in identifiable area","N/A (not applicable)"
"8885934",2300,0,2022,2020,202203,3245088,7,117.3,0,34123,1,13,38753,6,2,61,1,100,0,0,7,71,0,0,0,0,23796,72,"Not in identifiable area","Preschool and kindergarten teachers"
"15708640",9920,0,2022,2019,202203,4848221,5,181.7,0,48426,2,22,71878,5,2,17,1,100,0,0,5,50,0,0,0,0,230,0,"Not in identifiable area","Unemployed, with no work experience in the last 5 years or earlier or never worked"
"12767287",5120,17900,2022,2019,202203,5572664,9,1109.4,1,767598,1,13,176022,9,2,63,1,100,0,0,6,65,0,0,0,0,45125,51,"Columbia, SC","Bookkeeping, accounting, and auditing clerks"
"5443571",0,33700,2022,2021,202203,837220,19,1312.4,1,514453,1,13,89175,22,1,12,8,826,1,100,2,23,0,0,0,0,9999999,0,"Modesto, CA","N/A (not applicable)"
"768638",0,0,2022,2020,202203,3519254,43,94.5,0,86048,1,13,62436,1,2,14,9,925,4,498,3,30,0,0,0,0,9999999,0,"Not in identifiable area","N/A (not applicable)"
"4440538",0,33340,2022,2019,202203,6879139,28,2140.7,1,1555908,1,12,44206,28,1,91,1,100,1,100,6,63,0,0,0,0,34561,0,"Milwaukee-Waukesha-West Allis, WI","N/A (not applicable)"
"7946284",1007,38300,2022,2019,202203,5300389,62,1894.8,5,2356285,1,13,134341,63,1,38,1,100,0,0,8,81,0,0,0,0,109081,65,"Pittsburgh, PA","Information security analysts"
"9951514",3255,0,2022,2022,202203,2711702,28,74.4,0,45507,1,13,122900,22,2,60,1,100,0,0,8,81,0,0,0,0,89100,46,"Not in identifiable area","Registered nurses"
"12389657",4810,0,2022,2019,202203,2496356,2,57.6,0,26531,1,13,174529,1,1,68,1,100,0,0,7,71,0,0,0,0,160750,66,"Not in identifiable area","Insurance sales agents"
"4020278",0,35620,2022,2021,202203,4347180,6,1757.1,2,19567410,1,13,252933,7,2,50,1,100,0,0,10,101,21,2102,0,0,0,0,"New York-Newark-Jersey City, NY-NJ-PA","N/A (not applicable)"
"1885071",0,0,2022,2021,202203,6176803,5,52.6,0,20173,1,12,11890,4,2,82,1,100,0,0,6,63,0,0,0,0,11890,0,"Not in identifiable area","N/A (not applicable)"
"2011011",0,12060,2022,2018,202203,1773741,48,3670.4,4,5286728,2,22,9937,60,1,10,2,200,0,0,2,22,0,0,0,0,9999999,0,"Atlanta-Sandy Springs-Roswell, GA","N/A (not applicable)"
"2357124",0,47260,2022,2021,202203,6563831,15,3642.1,5,1676822,1,13,118900,15,2,42,1,100,0,0,7,71,0,0,0,0,0,0,"Virginia Beach-Norfolk-Newport News, VA-NC","N/A (not applicable)"
"6688667",120,35620,2022,2021,202203,4416499,16,88418.8,2,19567410,2,22,194564,15,2,24,2,200,0,0,10,101,55,5501,0,0,91878,68,"New York-Newark-Jersey City, NY-NJ-PA","Financial managers"
"13590179",5860,38300,2022,2018,202203,5242615,10,5006.1,5,2356285,1,12,26888,10,2,67,1,100,0,0,6,65,0,0,0,0,26888,44,"Pittsburgh, PA","Office clerks, general"
"8988213",2310,47900,2022,2018,202203,6461480,10,11224.3,5,5636232,2,22,16367,10,2,22,1,100,0,0,10,101,23,2312,0,0,5845,72,"Washington-Arlington-Alexandria, DC-VA-MD-WV","Elementary and middle school teachers"
"9442238",2635,33100,2022,2019,202203,1491741,2,4174.6,2,5564635,1,12,76046,1,2,54,1,100,0,0,11,114,33,3301,26,2602,11057,73,"Miami-Fort Lauderdale-West Palm Beach, FL","Interior designers"
"1652442",0,0,2022,2019,202203,6797010,56,428,0,269849,1,12,181418,66,1,68,1,100,0,0,10,101,36,3600,0,0,118266,0,"Not in identifiable area","N/A (not applicable)"
"10702325",4020,0,2022,2020,202203,5379623,9,350,0,88281,2,22,28782,9,2,39,1,100,0,0,6,63,0,0,0,0,2833,15,"Not in identifiable area","Cooks"
"3980612",0,37980,2022,2018,202203,3872578,22,842.3,2,5965343,1,13,107554,21,2,60,1,100,0,0,6,64,0,0,0,0,0,0,"Philadelphia-Camden-Wilmington, PA-NJ-DE-MD","N/A (not applicable)"
"9957558",3255,16740,2022,2022,202203,4717562,10,1244.6,5,2217012,1,13,82060,10,2,62,1,100,0,0,10,101,61,6107,0,0,82060,46,"Charlotte-Concord-Gastonia, NC-SC","Registered nurses"
"7795197",800,35620,2022,2021,202203,4352493,18,10694.5,2,19567410,1,13,119981,10,2,32,8,826,4,460,11,114,62,6201,0,0,64314,78,"New York-Newark-Jersey City, NY-NJ-PA","Accountants and auditors"
"882081",0,0,2022,2020,202203,5744541,40,58.3,0,23791,1,13,73654,41,2,46,1,100,0,0,6,64,0,0,0,0,0,0,"Not in identifiable area","N/A (not applicable)"
"2500197",0,32780,2022,2021,202203,5185376,11,2256,1,203206,2,22,121603,11,2,77,1,100,0,0,10,101,23,2304,0,0,49181,0,"Medford, OR","N/A (not applicable)"
"4761358",0,37980,2022,2020,202203,1296298,15,2294.7,2,5965343,1,13,106515,14,1,10,1,100,0,0,1,17,0,0,0,0,9999999,0,"Philadelphia-Camden-Wilmington, PA-NJ-DE-MD","N/A (not applicable)"
"13505882",5840,41620,2022,2020,202203,6384825,26,4346.9,4,1087873,1,13,116713,26,2,23,1,100,0,0,6,65,0,0,0,0,38074,44,"Salt Lake City, UT","Insurance claims and policy processing clerks"
"7056652",350,42660,2022,2021,202203,6747638,37,473.8,1,3439809,1,13,223749,37,2,56,7,700,0,0,6,63,0,0,0,0,77826,46,"Seattle-Tacoma-Bellevue, WA","Medical and health services managers"
"13848430",6260,40060,2022,2018,202203,6472441,17,1454.2,5,1208101,1,13,169514,16,1,38,1,100,0,0,6,63,0,0,0,0,67805,8,"Richmond, VA","Construction laborers"
"8772351",2205,46520,2022,2020,202203,1989834,17,1107.5,1,953207,0,0,9999999,17,2,23,6,682,0,0,7,71,0,0,0,0,7932,84,"Urban Honolulu, HI","Postsecondary teachers"
"7305846",440,35620,2022,2022,202203,4034384,13,3350.2,2,19567410,1,13,400000,13,1,69,1,100,0,0,11,114,36,3600,0,0,180000,68,"New York-Newark-Jersey City, NY-NJ-PA","Other managers"
"5246179",0,36540,2022,2021,202203,2531610,4,217,6,214646,2,22,32427,4,1,68,1,100,0,0,0,2,0,0,0,0,10809,0,"Omaha-Council Bluffs, NE-IA","N/A (not applicable)"
"691388",0,0,2022,2022,202203,3483270,4,46.7,0,64064,1,12,34600,3,1,65,3,307,0,0,6,65,0,0,0,0,13000,0,"Not in identifiable area","N/A (not applicable)"
"15571781",9645,38300,2022,2020,202203,5363063,5,342.9,5,2356285,1,12,44419,9,2,34,1,100,0,0,10,101,60,6000,0,0,20397,44,"Pittsburgh, PA","Stockers and order fillers"
"7529458",650,10900,2022,2021,202203,3977008,9,614,1,821173,1,13,135006,6,1,47,8,826,4,412,6,65,0,0,0,0,102687,84,"Allentown-Bethlehem-Easton, PA-NJ","Training and development specialists"
"5598479",0,35620,2022,2020,202203,3957919,8,30296.2,2,19567410,1,13,368327,7,1,42,4,400,0,0,10,101,62,6207,0,0,0,0,"New York-Newark-Jersey City, NY-NJ-PA","N/A (not applicable)"
"12046288",4720,35620,2022,2019,202203,4199548,7,65944.3,2,19567410,1,12,97024,8,1,62,1,100,0,0,6,63,0,0,0,0,87265,44,"New York-Newark-Jersey City, NY-NJ-PA","Cashiers"
"1737983",0,31080,2022,2018,202203,447809,53,10887.6,1,12828837,1,13,266546,84,2,12,2,200,0,0,2,23,0,0,0,0,9999999,0,"Los Angeles-Long Beach-Anaheim, CA","N/A (not applicable)"
"15461237",9620,22380,2022,2021,202203,235043,16,158.8,1,134421,2,22,63774,25,1,35,7,700,1,100,8,81,0,0,0,0,31346,8,"Flagstaff, AZ","Laborers and freight, stock, and material movers, hand"
"7077827",350,0,2022,2022,202203,124153,16,85.8,0,45883,1,12,51500,12,2,67,1,100,0,0,6,63,0,0,0,0,11100,46,"Not in identifiable area","Medical and health services managers"
"7371418",440,47900,2022,2020,202203,6541216,26,5172.2,5,5636232,2,22,58470,26,2,55,2,200,0,0,7,71,0,0,0,0,58470,68,"Washington-Arlington-Alexandria, DC-VA-MD-WV","Other managers"
"14793686",8740,10740,2022,2018,202203,4046074,20,3386.5,3,887077,2,22,25252,20,1,63,2,200,0,0,10,101,48,4801,0,0,25252,18,"Albuquerque, NM","Inspectors, testers, sorters, samplers, and weighers"
"13510439",5840,39580,2022,2018,202203,4536834,32,762.8,5,1130490,2,22,88965,45,2,48,2,200,0,0,8,81,0,0,0,0,56115,44,"Raleigh, NC","Insurance claims and policy processing clerks"
"6151583",0,41180,2022,2018,202203,2078717,24,1144.2,5,2787701,1,13,65935,28,2,60,1,100,0,0,7,71,0,0,0,0,0,0,"St. Louis, MO-IL","N/A (not applicable)"
"5350108",0,47900,2022,2021,202203,6558094,11,3517.8,5,5636232,1,13,259419,9,1,3,6,600,0,0,0,2,0,0,0,0,9999999,0,"Washington-Arlington-Alexandria, DC-VA-MD-WV","N/A (not applicable)"
"1139916",0,0,2022,2021,202203,4758968,5,73,0,23690,2,22,12971,21,2,24,3,323,0,0,6,63,0,0,0,0,0,0,"Not in identifiable area","N/A (not applicable)"
"8140650",1108,28140,2022,2020,202203,3619448,7,1000,5,2009342,1,12,320679,5,2,50,1,100,0,0,10,101,62,6206,0,0,122379,65,"Kansas City, MO-KS","Computer occupations, all other"
"3226748",0,39580,2022,2021,202203,4674057,43,177.5,5,207180,1,12,46263,79,1,21,1,100,0,0,7,71,0,0,0,0,0,0,"Raleigh, NC","N/A (not applicable)"
"7620864",710,41940,2022,2018,202203,448433,12,9263.4,4,1836911,1,13,487732,13,1,46,6,610,0,0,11,114,24,2407,0,0,245503,86,"San Jose-Sunnyvale-Santa Clara, CA","Management analysts"
"2499611",0,0,2022,2021,202203,4405822,1,159,0,88259,2,22,75664,1,2,4,8,802,0,0,1,11,0,0,0,0,9999999,0,"Not in identifiable area","N/A (not applicable)"
"5037627",0,21660,2022,2021,202203,5180383,17,2806.1,1,351715,1,12,52424,20,1,14,1,100,0,0,2,26,0,0,0,0,9999999,0,"Eugene, OR","N/A (not applicable)"
"8521327",2002,0,2022,2022,202203,2807948,55,228.9,0,135784,1,13,80000,36,2,52,2,200,0,0,11,114,49,4901,0,0,55000,65,"Not in identifiable area","Educational, guidance, and career counselors and advisors"
"1461029",0,0,2022,2020,202203,4908784,7,338.1,0,135752,1,13,31161,6,1,70,1,100,0,0,6,63,0,0,0,0,23116,0,"Not in identifiable area","N/A (not applicable)"
"6810492",205,41180,2022,2022,202203,2313011,14,260,5,2787700,1,12,191000,13,1,75,1,100,0,0,6,63,0,0,0,0,94000,14,"St. Louis, MO-IL","Farmers, ranchers, and other agricultural managers"
"2295554",0,12420,2022,2022,202203,6340359,16,5109,3,1716289,1,13,310000,14,1,7,1,100,1,100,1,14,0,0,0,0,9999999,0,"Austin-Round Rock, TX","N/A (not applicable)"
"6271436",0,40140,2022,2022,202203,1052461,11,6284.3,1,4224851,1,12,38800,19,1,2,4,400,0,0,0,1,0,0,0,0,9999999,0,"Riverside-San Bernardino-Ontario, CA","N/A (not applicable)"
"12732640",5120,26900,2022,2020,202203,2392312,35,1182.8,1,1887877,1,13,131444,36,2,52,1,100,0,0,7,71,0,0,0,0,60056,51,"Indianapolis-Carmel-Anderson, IN","Bookkeeping, accounting, and auditing clerks"
"12130719",4720,47260,2022,2018,202203,6468992,15,2065.9,5,1676822,1,13,23463,15,2,62,1,100,0,0,6,65,0,0,0,0,23463,44,"Virginia Beach-Norfolk-Newport News, VA-NC","Cashiers"
"12430526",4840,37980,2022,2022,202203,4009306,30,6914.5,2,5965343,1,13,58200,25,1,64,1,100,0,0,6,63,0,0,0,0,43300,47,"Philadelphia-Camden-Wilmington, PA-NJ-DE-MD","Sales representatives of services, except advertising, insurance, financial services, and travel"
"12512493",4850,26420,2022,2020,202203,6101403,7,4559.3,3,5920416,1,12,190481,7,1,71,1,100,0,0,8,81,0,0,0,0,148781,47,"Houston-The Woodlands-Sugar Land, TX","Sales representatives, wholesale and manufacturing"
"10572238",3930,45300,2022,2019,202203,1438075,74,4538.1,1,2783243,1,13,46044,66,1,40,2,200,0,0,6,64,0,0,0,0,0,8,"Tampa-St. Petersburg-Clearwater, FL","Security guards and gaming surveillance officers"
"15074515",9130,36740,2022,2020,202203,1568742,106,1492,4,2134411,1,13,150708,80,1,45,1,100,4,413,2,23,0,0,0,0,33994,15,"Orlando-Kissimmee-Sanford, FL","Driver/sales workers and truck drivers"
"3761570",0,0,2022,2018,202203,5123706,22,76.9,0,46770,2,22,9610,44,1,3,8,801,0,0,0,2,0,0,0,0,9999999,0,"Not in identifiable area","N/A (not applicable)"
"13347971",5740,12580,2022,2020,202203,2908460,10,2739.9,3,2710489,1,12,62323,10,2,75,1,100,0,0,6,65,0,0,0,0,62323,61,"Baltimore-Columbia-Towson, MD","Secretaries and administrative assistants, except legal, medical, and executive"
"6518006",20,31080,2022,2022,202203,977351,28,8504.5,1,12828837,2,22,85000,22,2,35,8,826,1,100,7,71,0,0,0,0,40000,68,"Los Angeles-Long Beach-Anaheim, CA","General and operations managers"
"577611",0,33460,2022,2018,202203,3382668,17,97.5,5,837201,1,13,26655,19,2,60,1,100,0,0,6,63,0,0,0,0,17653,0,"Minneapolis-St. Paul-Bloomington, MN-WI","N/A (not applicable)"
"138563",0,0,2022,2021,202203,79166,15,82.9,0,127506,1,13,153489,14,2,76,1,100,0,0,6,63,0,0,0,0,29185,0,"Not in identifiable area","N/A (not applicable)"
"14538695",7750,40900,2022,2018,202203,448904,17,370.4,1,2149127,1,13,59622,16,2,63,6,600,0,0,6,63,0,0,0,0,38579,18,"Sacramento--Roseville--Arden-Arcade, CA","Other assemblers and fabricators"
"13609911",5940,0,2022,2020,202203,5390234,14,235.9,0,372048,1,13,256090,14,2,63,1,100,0,0,6,65,0,0,0,0,88385,44,"Not in identifiable area","Other office and administrative support workers"
"2001197",0,12060,2022,2020,202203,1871849,8,3211,4,5286728,1,13,117303,9,2,1,1,100,0,0,0,1,0,0,0,0,9999999,0,"Atlanta-Sandy Springs-Roswell, GA","N/A (not applicable)"
"11857158",4700,16740,2022,2022,202203,5636522,16,219.3,5,1833449,1,13,36100,5,1,58,1,100,0,0,6,63,0,0,0,0,25000,68,"Charlotte-Concord-Gastonia, NC-SC","First-line supervisors of retail sales workers"
"5513449",0,33340,2022,2018,202203,6832664,63,8448.5,1,1555908,1,13,35890,69,2,6,2,200,0,0,1,11,0,0,0,0,9999999,0,"Milwaukee-Waukesha-West Allis, WI","N/A (not applicable)"
"4964590",0,41740,2022,2022,202203,975959,12,13340.9,1,3095313,1,13,100000,18,1,10,2,200,0,0,1,17,0,0,0,0,9999999,0,"San Diego-Carlsbad, CA","N/A (not applicable)"
"3632758",0,14460,2022,2020,202203,3066221,12,19735.5,4,4552402,1,12,117847,30,2,70,8,845,0,0,7,71,0,0,0,0,13598,0,"Boston-Cambridge-Newton, MA-NH","N/A (not applicable)"
"6745525",136,41940,2022,2018,202203,442484,15,5506,4,1836911,1,13,292265,13,1,55,4,400,0,0,11,116,50,5007,0,0,257193,68,"San Jose-Sunnyvale-Santa Clara, CA","Human resources managers"
"7225803",440,38300,2022,2019,202203,5309712,13,5362.8,5,2356285,1,13,129151,13,2,47,1,100,0,0,10,101,23,2304,0,0,14330,68,"Pittsburgh, PA","Other managers"
"11263970",4220,28140,2022,2018,202203,3560782,4,91.1,5,509500,1,13,92122,3,1,67,1,100,0,0,6,63,0,0,0,0,46762,9,"Kansas City, MO-KS","Janitors and building cleaners"
"3813876",0,31080,2022,2021,202203,874875,16,8370.4,1,12828837,1,13,113171,10,2,75,1,100,0,0,2,22,0,0,0,0,12647,0,"Los Angeles-Long Beach-Anaheim, CA","N/A (not applicable)"
"6805359",160,0,2022,2022,202203,2276981,15,1075.7,0,379186,1,13,132000,15,1,52,1,100,0,0,10,101,19,1904,0,0,80000,68,"Not in identifiable area","Transportation, storage, and distribution managers"
"7175706",440,42660,2022,2020,202203,6694675,23,4501.4,1,3439809,1,13,566570,23,2,48,1,100,0,0,11,114,26,2603,40,4001,339942,68,"Seattle-Tacoma-Bellevue, WA","Other managers"
"15685065",9920,35300,2022,2021,202203,1259188,26,2126.3,1,862477,1,12,81068,22,1,23,8,815,2,200,6,65,0,0,0,0,0,0,"New Haven-Milford, CT","Unemployed, with no work experience in the last 5 years or earlier or never worked"
"244251",0,0,2022,2019,202203,1111486,18,3393.2,0,294567,1,13,421396,15,2,72,1,100,0,0,11,114,64,6402,0,0,144101,0,"Not in identifiable area","N/A (not applicable)"
"9432668",2634,31080,2022,2018,202203,424084,15,15546.7,1,12828837,2,22,59388,16,2,40,7,700,1,100,10,101,60,6004,0,0,25719,73,"Los Angeles-Long Beach-Anaheim, CA","Graphic designers"
"12894131",5240,0,2022,2022,202203,6945008,3,220.9,0,61914,1,13,71500,3,2,65,1,100,0,0,6,63,0,0,0,0,30500,44,"Not in identifiable area","Customer service representatives"
"14756753",8640,26420,2022,2021,202203,6196556,43,1374.8,3,5920416,2,22,88635,43,1,32,1,100,0,0,7,71,0,0,0,0,54046,18,"Houston-The Woodlands-Sugar Land, TX","Chemical processing machine setters, operators, and tenders"
"11877605",4700,0,2022,2018,202203,2559795,6,20.2,0,6820,1,13,122868,5,1,53,1,100,0,0,10,101,62,6203,0,0,64415,68,"Not in identifiable area","First-line supervisors of retail sales workers"
"480781",0,0,2022,2019,202203,5311466,17,553.5,0,93015,2,22,34676,13,2,15,1,100,0,0,2,26,0,0,0,0,0,0,"Not in identifiable area","N/A (not applicable)"
"4436881",0,19100,2022,2022,202203,6332478,9,467.3,3,6426214,1,13,79000,16,1,11,1,100,0,0,2,23,0,0,0,0,9999999,0,"Dallas-Fort Worth-Arlington, TX","N/A (not applicable)"
"8964299",2310,0,2022,2018,202203,4810994,50,338.1,0,135752,1,12,75989,51,1,65,1,100,0,0,11,114,23,2300,0,0,75989,72,"Not in identifiable area","Elementary and middle school teachers"
"9645079",3050,31080,2022,2022,202203,1002412,15,6285.4,1,12828837,1,13,153800,15,1,59,6,664,0,0,11,114,61,6108,0,0,150000,82,"Los Angeles-Long Beach-Anaheim, CA","Pharmacists"
"7451227",565,35620,2022,2021,202203,4000023,24,3280.1,2,19567410,1,13,391290,46,2,67,6,610,0,0,11,114,23,2307,0,0,91878,63,"New York-Newark-Jersey City, NY-NJ-PA","Compliance officers"
"4932145",0,38060,2022,2018,202203,133817,11,1164.6,2,4192887,1,13,51485,12,2,75,1,100,0,0,6,65,0,0,0,0,34043,0,"Phoenix-Mesa-Scottsdale, AZ","N/A (not applicable)"
"6574764",51,31080,2022,2021,202203,913367,11,7436.1,1,12828837,2,22,28104,10,1,29,6,620,0,0,10,101,62,6206,0,0,10809,72,"Los Angeles-Long Beach-Anaheim, CA","Marketing managers"
"6963197",230,27260,2022,2020,202203,1538703,46,802.8,3,1345596,1,13,230028,46,1,63,1,100,0,0,11,116,24,2414,0,0,162039,72,"Jacksonville, FL","Education and childcare administrators"
"14869325",8990,13140,2022,2022,202203,6255114,10,235.9,4,403190,1,12,104500,11,1,65,1,100,0,0,6,61,0,0,0,0,80000,18,"Beaumont-Port Arthur, TX","Miscellaneous production workers, including equipment operators and tenders"
"10190736",3602,16980,2022,2020,202203,2176335,12,15097.5,2,9461105,2,22,41246,12,2,44,2,200,0,0,6,63,0,0,0,0,24363,13,"Chicago-Naperville-Elgin, IL-IN-WI","Personal care aides"
"6900077",220,31140,2022,2019,202203,2653589,20,3783.8,3,1235708,1,12,77734,21,1,74,1,100,0,0,11,114,25,2503,0,0,67745,68,"Louisville/Jefferson County, KY-IN","Construction managers"
"15073710",9130,0,2022,2019,202203,3397845,8,62.1,0,134323,1,13,82235,8,1,61,1,100,0,0,8,81,0,0,0,0,57893,15,"Not in identifiable area","Driver/sales workers and truck drivers"
"2311563",0,12420,2022,2018,202203,5843164,16,4001.1,4,1716289,2,22,58453,18,1,8,1,100,1,100,1,15,0,0,0,0,9999999,0,"Austin-Round Rock, TX","N/A (not applicable)"
"10559833",3930,0,2022,2018,202203,4804962,6,267.9,0,58577,1,13,55881,4,1,25,1,100,0,0,6,63,0,0,0,0,10522,8,"Not in identifiable area","Security guards and gaming surveillance officers"
"2837784",0,14460,2022,2019,202203,3023138,17,544.8,4,4552402,1,12,318975,20,2,18,6,665,0,0,6,63,0,0,0,0,0,0,"Boston-Cambridge-Newton, MA-NH","N/A (not applicable)"
"925220",0,26420,2022,2019,202203,5981925,22,416.1,3,5920416,2,22,67745,18,1,2,1,100,0,0,0,1,0,0,0,0,9999999,0,"Houston-The Woodlands-Sugar Land, TX","N/A (not applicable)"
"1071140",0,0,2022,2018,202203,4126343,23,151.3,0,56590,2,22,186465,40,1,12,8,801,0,0,2,23,0,0,0,0,9999999,0,"Not in identifiable area","N/A (not applicable)"
"6675704",120,0,2022,2022,202203,6944320,32,307.3,0,86266,1,13,82000,32,2,49,1,100,0,0,6,63,0,0,0,0,32000,68,"Not in identifiable area","Financial managers"
"7248872",440,25540,2022,2020,202203,1250534,8,1521.1,1,1212381,1,13,295636,8,2,49,1,100,0,0,10,101,29,2901,0,0,67988,68,"Hartford-West Hartford-East Hartford, CT","Other managers"
"7985067",1021,41940,2022,2021,202203,787145,10,7128.5,4,1836911,1,13,378319,11,2,33,4,400,0,0,11,114,21,2102,0,0,54046,65,"San Jose-Sunnyvale-Santa Clara, CA","Software developers"
"7023687",310,40380,2022,2020,202203,4322750,81,6359.2,6,1079671,2,22,55501,81,2,30,8,826,4,423,10,101,61,6109,0,0,55501,68,"Rochester, NY","Food service managers"
"14192009",7130,12540,2022,2019,202203,613101,26,372.3,1,839631,1,13,65448,26,1,41,1,100,0,0,7,71,0,0,0,0,65448,44,"Bakersfield, CA","Security and fire alarm systems installers"
"4440739",0,24340,2022,2021,202203,3283109,39,777.5,6,988938,2,22,5513,40,2,86,1,100,0,0,6,63,0,0,0,0,0,0,"Grand Rapids-Wyoming, MI","N/A (not applicable)"
"13254663",5610,0,2022,2021,202203,3278097,18,225.8,0,50766,1,12,86473,18,1,40,1,100,0,0,7,71,0,0,0,0,65936,22,"Not in identifiable area","Shipping, receiving, and inventory clerks"
"4024392",0,34980,2022,2018,202203,5694067,14,400.5,5,1670890,1,12,37878,14,2,66,8,802,0,0,4,40,0,0,0,0,37878,0,"Nashville-Davidson--Murfreesboro--Franklin, TN","N/A (not applicable)"
"1800349",0,0,2022,2022,202203,4696089,2,116.4,0,88107,0,0,9999999,2,1,13,2,200,0,0,2,23,0,0,0,0,9999999,0,"Not in identifiable area","N/A (not applicable)"
"2019833",0,41860,2022,2022,202203,975159,12,2231.8,1,4335391,1,13,179000,10,1,0,8,826,1,100,0,1,0,0,0,0,9999999,0,"San Francisco-Oakland-Hayward, CA","N/A (not applicable)"
"8915431",2310,14460,2022,2018,202203,2991307,15,977.7,4,4552402,1,13,445412,14,2,45,1,100,0,0,11,114,33,3301,0,0,93525,72,"Boston-Cambridge-Newton, MA-NH","Elementary and middle school teachers"
"7491994",630,35620,2022,2020,202203,3956678,14,1016,2,19567410,1,13,220962,13,2,35,1,100,0,0,10,101,62,6209,0,0,107648,84,"New York-Newark-Jersey City, NY-NJ-PA","Human resources workers"
"13461627",5740,21660,2022,2021,202203,5178411,10,72.6,1,351715,1,13,67341,10,1,80,8,826,4,498,8,81,0,0,0,0,58910,61,"Eugene, OR","Secretaries and administrative assistants, except legal, medical, and executive"
"8061485",1031,17140,2022,2018,202203,2626732,3,411.9,4,1036221,1,12,95045,5,2,40,1,100,0,0,10,101,52,5200,0,0,40917,65,"Cincinnati, OH-KY-IN","Web developers"
"280847",0,22220,2022,2019,202203,292109,15,547.5,5,463204,1,13,404172,11,2,0,1,100,0,0,0,1,0,0,0,0,9999999,0,"Fayetteville-Springdale-Rogers, AR-MO","N/A (not applicable)"
"717488",0,0,2022,2022,202203,337678,21,119.9,0,53213,1,13,11000,11,2,8,1,100,0,0,1,15,0,0,0,0,9999999,0,"Not in identifiable area","N/A (not applicable)"
"3391071",0,40140,2022,2020,202203,739842,88,6414.3,1,4224851,1,13,65496,95,2,59,8,826,1,100,1,16,0,0,0,0,0,0,"Riverside-San Bernardino-Ontario, CA","N/A (not applicable)"
"13674382",6050,40140,2022,2020,202203,767345,43,1566.5,1,4224851,1,12,16997,44,1,41,7,700,1,100,2,22,0,0,0,0,16997,6,"Riverside-San Bernardino-Ontario, CA","Other agricultural workers"
"1039901",0,31080,2022,2019,202203,518325,13,6249.1,1,12828837,1,12,33298,31,1,2,4,400,0,0,0,1,0,0,0,0,9999999,0,"Los Angeles-Long Beach-Anaheim, CA","N/A (not applicable)"
"7810844",800,39300,2022,2018,202203,5514775,10,1694.2,4,1600852,2,22,23498,10,1,70,1,100,0,0,11,116,60,6002,0,0,23498,78,"Providence-Warwick, RI-MA","Accountants and auditors"
"1319414",0,16980,2022,2018,202203,2050267,35,14727.8,2,9461105,2,22,74820,26,2,3,2,200,1,100,0,2,0,0,0,0,9999999,0,"Chicago-Naperville-Elgin, IL-IN-WI","N/A (not applicable)"
"7415822",530,48900,2022,2022,202203,4727723,48,379.4,1,254874,1,13,103000,48,2,23,1,100,0,0,6,63,0,0,0,0,28000,77,"Wilmington, NC","Purchasing agents, except wholesale, retail, and farm products"
"13570086",5860,17900,2022,2022,202203,5643771,12,1072.8,5,767598,1,12,105000,15,2,17,1,100,0,0,5,50,0,0,0,0,2000,44,"Columbia, SC","Office clerks, general"
"7063543",350,12060,2022,2021,202203,1904459,10,191.1,4,5286728,1,13,126359,10,1,74,1,100,0,0,11,116,50,5003,0,0,126359,46,"Atlanta-Sandy Springs-Roswell, GA","Medical and health services managers"
"15044795",9130,0,2022,2021,202203,69216,4,82.9,0,127506,2,22,82149,3,1,41,1,100,0,0,6,65,0,0,0,0,34589,15,"Not in identifiable area","Driver/sales workers and truck drivers"
"2523490",0,31080,2022,2020,202203,684800,40,7825.6,1,12828837,1,13,77960,48,1,61,1,100,0,0,8,81,0,0,0,0,13031,0,"Los Angeles-Long Beach-Anaheim, CA","N/A (not applicable)"
"3243861",0,0,2022,2018,202203,4546686,84,1418,0,504357,1,13,90018,96,1,16,8,801,1,100,4,40,0,0,0,0,0,0,"Not in identifiable area","N/A (not applicable)"
"6567649",51,41860,2022,2019,202203,644529,12,25284.5,1,4335391,1,13,164195,12,2,44,1,100,0,0,10,101,26,2601,0,0,143527,72,"San Francisco-Oakland-Hayward, CA","Marketing managers"
"7796312",800,0,2022,2022,202203,3467694,4,133,0,22105,1,13,135000,5,2,30,1,100,0,0,10,101,60,6001,33,3301,85000,78,"Not in identifiable area","Accountants and auditors"
"9281049",2435,35620,2022,2019,202203,4216460,17,2290.9,2,19567410,1,12,71166,21,2,78,1,100,0,0,10,101,62,6200,0,0,68893,60,"New York-Newark-Jersey City, NY-NJ-PA","Librarians and media collections specialists"
"11185148",4220,31460,2022,2020,202203,697368,9,488.7,1,150865,1,12,111048,8,2,51,1,100,0,0,8,81,0,0,0,0,71388,9,"Madera, CA","Janitors and building cleaners"
"8826566",2205,31080,2022,2021,202203,810934,9,7436.1,1,12828837,1,13,87338,9,2,44,4,400,0,0,11,116,19,1901,0,0,86473,84,"Los Angeles-Long Beach-Anaheim, CA","Postsecondary teachers"
"4929996",0,12940,2022,2021,202203,2776743,99,891.5,1,802484,1,13,75826,133,2,35,1,100,0,0,10,101,34,3401,0,0,0,0,"Baton Rouge, LA","N/A (not applicable)"
"6660072",110,0,2022,2021,202203,2435040,17,2916.2,0,319224,1,13,124305,17,1,32,1,100,3,300,11,114,55,5501,0,0,124305,68,"Not in identifiable area","Computer and information systems managers"
"7416792",530,19380,2022,2021,202203,4946810,23,2675.6,1,799232,2,22,81068,23,1,24,1,100,0,0,11,114,62,6203,0,0,70259,77,"Dayton, OH","Purchasing agents, except wholesale, retail, and farm products"
"460376",0,0,2022,2018,202203,4813369,58,321.6,0,155428,1,13,54829,85,1,11,1,100,0,0,1,17,0,0,0,0,9999999,0,"Not in identifiable area","N/A (not applicable)"
"7337517",440,19740,2022,2018,202203,1089416,18,6435.2,4,2543482,2,22,111178,20,1,28,1,100,0,0,7,71,0,0,0,0,58453,68,"Denver-Aurora-Lakewood, CO","Other managers"
"12270136",4760,31080,2022,2020,202203,719360,32,16581.5,1,12828837,1,13,57677,29,1,54,1,100,0,0,6,65,0,0,0,0,29348,47,"Los Angeles-Long Beach-Anaheim, CA","Retail salespersons"
"1491101",0,0,2022,2021,202203,3846843,5,82.4,0,137405,1,13,105929,3,2,13,1,100,0,0,2,23,0,0,0,0,9999999,0,"Not in identifiable area","N/A (not applicable)"
"15017466",9130,16980,2022,2020,202203,2166364,11,3587.7,2,9461105,2,22,81586,11,1,36,1,100,0,0,6,65,0,0,0,0,74787,15,"Chicago-Naperville-Elgin, IL-IN-WI","Driver/sales workers and truck drivers"
"2183021",0,0,2022,2022,202203,4502581,11,682.2,0,119433,1,13,72000,9,1,11,8,826,0,0,1,17,0,0,0,0,9999999,0,"Not in identifiable area","N/A (not applicable)"
"9385636",2545,35620,2022,2021,202203,4345284,14,49267.4,2,19567410,1,13,189160,13,2,46,1,100,0,0,11,114,34,3401,0,0,135114,65,"New York-Newark-Jersey City, NY-NJ-PA","Teaching assistants"
"12404308",4820,31080,2022,2022,202203,1022798,12,3805.4,1,12828837,1,13,852700,12,1,60,1,100,0,0,10,101,62,6203,0,0,737000,73,"Los Angeles-Long Beach-Anaheim, CA","Securities, commodities, and financial services sales agents"
"11865953",4700,47900,2022,2018,202203,2863939,14,3222.5,5,5636232,1,13,109892,15,2,64,2,200,0,0,11,114,26,2603,0,0,109892,68,"Washington-Arlington-Alexandria, DC-VA-MD-WV","First-line supervisors of retail sales workers"
"7090186",410,31080,2022,2018,202203,489752,18,11620.1,1,12828837,1,13,144496,18,2,31,6,640,0,0,8,81,0,0,0,0,0,32,"Los Angeles-Long Beach-Anaheim, CA","Property, real estate, and community association managers"
"11211096",4220,16700,2022,2022,202203,5636298,18,1735.7,1,664607,2,22,82000,18,1,41,1,100,0,0,6,65,0,0,0,0,33000,9,"Charleston-North Charleston, SC","Janitors and building cleaners"
"5974164",0,31080,2022,2021,202203,902207,21,14494.8,1,12828837,2,22,41291,19,2,7,8,826,1,100,1,12,0,0,0,0,9999999,0,"Los Angeles-Long Beach-Anaheim, CA","N/A (not applicable)"
"15608421",9645,42660,2022,2020,202203,6692946,28,3558.4,1,3439809,2,22,76294,11,2,36,7,700,1,100,6,63,0,0,0,0,0,44,"Seattle-Tacoma-Bellevue, WA","Stockers and order fillers"
"4975242",0,38060,2022,2021,202203,228948,8,4984.6,2,4192887,2,22,47128,8,1,74,1,100,0,0,6,63,0,0,0,0,30266,0,"Phoenix-Mesa-Scottsdale, AZ","N/A (not applicable)"
"10252251",3602,0,2022,2019,202203,2751704,12,212,0,92971,2,22,149,12,2,22,2,200,0,0,6,65,0,0,0,0,149,13,"Not in identifiable area","Personal care aides"
"6968097",230,34820,2022,2019,202203,5576165,18,1053.1,1,376722,1,12,116429,18,2,67,1,100,0,0,11,114,62,6200,0,0,32954,72,"Myrtle Beach-Conway-North Myrtle Beach, SC-NC","Education and childcare administrators"
"6269574",0,45300,2022,2022,202203,1716632,9,4059.7,1,2783243,1,12,15510,9,2,79,1,100,0,0,6,64,0,0,0,0,15510,0,"Tampa-St. Petersburg-Clearwater, FL","N/A (not applicable)"
"7451367",565,17900,2022,2018,202203,5548448,6,2274.5,1,767598,1,13,181204,6,2,27,1,100,0,0,10,101,62,6211,0,0,35072,63,"Columbia, SC","Compliance officers"
"6043996",0,31080,2022,2022,202203,985362,11,11013.4,1,12828837,1,13,17200,10,2,72,6,640,0,0,0,2,0,0,0,0,5400,0,"Los Angeles-Long Beach-Anaheim, CA","N/A (not applicable)"
"6459379",10,41860,2022,2021,202203,863732,22,1173,1,4335391,1,12,297251,22,1,62,1,100,0,0,11,114,62,6203,0,0,297251,68,"San Francisco-Oakland-Hayward, CA","Chief executives and legislators"
"9029117",2310,14860,2022,2021,202203,1260906,19,1542.8,1,916829,1,13,566398,20,2,57,1,100,0,0,11,114,33,3301,0,0,92958,72,"Bridgeport-Stamford-Norwalk, CT","Elementary and middle school teachers"
"1143761",0,0,2022,2019,202203,6969367,27,34.2,0,18388,1,13,71212,21,2,8,1,100,0,0,1,15,0,0,0,0,9999999,0,"Not in identifiable area","N/A (not applicable)"
"14060973",6442,0,2022,2020,202203,6426924,23,91.9,0,38251,1,12,-1813,23,1,54,1,100,1,100,7,71,0,0,0,0,-1813,34,"Not in identifiable area","Plumbers, pipefitters, and steamfitters"
"4174985",0,26620,2022,2021,202203,81387,53,224.6,5,417593,1,13,195645,45,2,13,1,100,0,0,2,25,0,0,0,0,9999999,0,"Huntsville, AL","N/A (not applicable)"
"288030",0,0,2022,2019,202203,4856941,19,86.1,0,88441,1,13,105636,15,1,9,1,100,0,0,1,16,0,0,0,0,9999999,0,"Not in identifiable area","N/A (not applicable)"
"12072800",4720,31080,2022,2022,202203,970689,13,6985.4,1,12828837,2,22,23700,14,2,27,1,100,0,0,6,63,0,0,0,0,6700,44,"Los Angeles-Long Beach-Anaheim, CA","Cashiers"
"10223667",3602,40060,2022,2021,202203,6575499,6,3032.9,5,1208101,2,22,60531,6,2,35,2,200,0,0,7,71,0,0,0,0,43236,13,"Richmond, VA","Personal care aides"
"998405",0,16980,2022,2018,202203,2054138,19,426.3,2,9461105,1,13,86744,35,2,1,2,200,0,0,0,1,0,0,0,0,9999999,0,"Chicago-Naperville-Elgin, IL-IN-WI","N/A (not applicable)"
"12333476",4760,38900,2022,2019,202203,5142166,46,2041.6,5,2226009,1,13,183715,47,2,41,1,100,0,0,11,114,62,6203,0,0,183715,47,"Portland-Vancouver-Hillsboro, OR-WA","Retail salespersons"
"1092137",0,11100,2022,2021,202203,6134427,2,1423.4,4,251933,0,0,9999999,2,2,92,1,100,0,0,7,71,0,0,0,0,19240,0,"Amarillo, TX","N/A (not applicable)"
"3599222",0,40380,2022,2018,202203,4159664,24,1928.5,6,1079671,1,13,233812,19,2,15,1,100,0,0,2,26,0,0,0,0,0,0,"Rochester, NY","N/A (not applicable)"
"11676353",4621,12420,2022,2021,202203,6199475,20,4544.2,4,1716289,1,13,560777,16,2,42,1,100,0,0,10,101,41,4101,23,2306,28536,52,"Austin-Round Rock, TX","Exercise trainers and group fitness instructors"
"240305",0,13820,2022,2019,202203,25556,66,135,6,1128047,1,13,105636,67,1,6,1,100,0,0,0,2,0,0,0,0,9999999,0,"Birmingham-Hoover, AL","N/A (not applicable)"
"2555496",0,32900,2022,2019,202203,639147,5,472.9,1,255793,2,22,51899,5,2,33,7,700,1,100,2,23,0,0,0,0,0,0,"Merced, CA","N/A (not applicable)"
"4157760",0,41740,2022,2020,202203,720811,38,11624.4,1,3095313,2,22,111728,23,1,15,8,826,1,100,4,40,0,0,0,0,0,0,"San Diego-Carlsbad, CA","N/A (not applicable)"
"104556",0,0,2022,2018,202203,21671,3,200.1,0,110848,2,22,119244,4,2,2,1,100,0,0,0,1,0,0,0,0,9999999,0,"Not in identifiable area","N/A (not applicable)"
"10158172",3601,0,2022,2020,202203,2165408,1,125.7,0,85067,1,12,13598,1,2,81,1,100,0,0,7,71,0,0,0,0,13598,13,"Not in identifiable area","Home health aides"
"3853627",0,17300,2022,2022,202203,5810655,34,500.8,5,260625,1,13,82500,33,2,13,1,100,0,0,2,25,0,0,0,0,9999999,0,"Clarksville, TN-KY","N/A (not applicable)"
"12789969",5120,12540,2022,2022,202203,958884,12,4231.4,1,839631,1,13,102600,13,2,42,1,100,0,0,6,65,0,0,0,0,60000,51,"Bakersfield, CA","Bookkeeping, accounting, and auditing clerks"
"15133223",9130,12060,2022,2022,202203,1947947,22,785,4,5286728,2,22,75000,23,1,58,2,200,0,0,6,63,0,0,0,0,75000,15,"Atlanta-Sandy Springs-Roswell, GA","Driver/sales workers and truck drivers"
"5197706",0,41860,2022,2019,202203,547328,17,3322.5,1,4335391,2,22,65448,15,1,11,1,100,1,100,2,22,0,0,0,0,9999999,0,"San Francisco-Oakland-Hayward, CA","N/A (not applicable)"
"6715421",120,47900,2022,2019,202203,2885088,19,2318.3,5,5636232,1,13,355373,18,2,61,6,620,0,0,10,101,62,6203,0,0,284758,68,"Washington-Arlington-Alexandria, DC-VA-MD-WV","Financial managers"
"818741",0,0,2022,2022,202203,2451232,2,149.3,0,49649,1,12,35700,2,1,84,1,100,0,0,11,114,36,3600,0,0,35700,0,"Not in identifiable area","N/A (not applicable)"
"6015593",0,49620,2022,2021,202203,5451443,11,487.6,1,434972,1,13,102687,12,1,11,1,100,0,0,2,22,0,0,0,0,9999999,0,"York-Hanover, PA","N/A (not applicable)"
"14907227",8990,44220,2022,2018,202203,4801509,20,930.7,1,138333,2,22,89316,20,1,30,8,801,2,200,2,23,0,0,0,0,30396,18,"Springfield, OH","Miscellaneous production workers, including equipment operators and tenders"
"8240087",1360,36740,2022,2022,202203,1754470,15,5105.7,1,2134411,1,13,96100,25,1,38,1,100,0,0,11,115,24,2400,0,0,7500,84,"Orlando-Kissimmee-Sanford, FL","Civil engineers"
"6010260",0,40140,2022,2018,202203,364457,12,1272.1,1,4224851,1,13,82769,14,2,70,1,100,4,423,6,63,0,0,0,0,12626,0,"Riverside-San Bernardino-Ontario, CA","N/A (not applicable)"
"1353547",0,0,2022,2022,202203,2696821,18,90.3,0,37300,0,0,9999999,18,1,51,2,200,0,0,5,50,0,0,0,0,450,0,"Not in identifiable area","N/A (not applicable)"
"14967431",9050,14460,2022,2021,202203,3086556,13,1091.2,4,2695869,1,13,223100,12,2,62,1,100,0,0,6,65,0,0,0,0,14376,31,"Boston-Cambridge-Newton, MA-NH","Flight attendants"
"10108495",3500,32820,2022,2022,202203,5812983,17,154.6,5,1324828,2,22,14700,17,2,22,1,100,0,0,6,65,0,0,0,0,14700,22,"Memphis, TN-MS-AR","Licensed practical and licensed vocational nurses"
"15488167",9630,0,2022,2020,202203,1529578,7,3357.1,0,367413,2,22,138243,4,2,50,7,700,0,0,6,63,0,0,0,0,33994,8,"Not in identifiable area","Machine feeders and offbearers"
"12580644",4930,16740,2022,2021,202203,4657112,29,2844.4,6,2217012,1,12,101606,29,1,69,1,100,0,0,10,101,52,5200,0,0,86473,87,"Charlotte-Concord-Gastonia, NC-SC","Sales engineers"
"7007054",310,0,2022,2021,202203,1913453,24,55.8,0,32605,1,13,256284,18,1,19,1,100,0,0,6,65,0,0,0,0,14484,68,"Not in identifiable area","Food service managers"
"562701",0,0,2022,2018,202203,6630276,3,448.2,0,86810,2,21,16484,3,2,77,1,100,0,0,10,101,61,6107,0,0,13561,0,"Not in identifiable area","N/A (not applicable)"
"8989053",2310,36540,2022,2020,202203,3747885,23,1674.4,6,865350,1,13,194107,24,1,45,1,100,0,0,11,114,23,2300,0,0,95184,72,"Omaha-Council Bluffs, NE-IA","Elementary and middle school teachers"
"10035636",3330,26420,2022,2021,202203,6214331,13,2993.7,3,5920416,1,12,165380,13,2,63,1,100,0,0,10,101,61,6103,0,0,113496,48,"Houston-The Woodlands-Sugar Land, TX","Nuclear medicine technologists and medical dosimetrists"
"9003152",2310,25540,2022,2020,202203,1250505,81,2903.8,1,1212381,1,13,187637,64,2,28,8,826,4,426,11,114,23,2300,0,0,55524,72,"Hartford-West Hartford-East Hartford, CT","Elementary and middle school teachers"
"10541412",3870,34820,2022,2021,202203,4659688,6,223.4,1,376722,1,12,98363,5,1,51,1,100,0,0,10,101,53,5301,55,5503,44317,39,"Myrtle Beach-Conway-North Myrtle Beach, SC-NC","Police officers"
"11629851",4600,34980,2022,2022,202203,5807976,88,315.9,3,1670890,2,22,46000,88,2,53,1,100,0,0,10,101,23,2304,0,0,7000,26,"Nashville-Davidson--Murfreesboro--Franklin, TN","Childcare workers"
"12698451",5110,0,2022,2018,202203,3386475,10,280.6,0,47260,1,13,105215,8,2,50,8,826,0,0,8,81,0,0,0,0,49101,44,"Not in identifiable area","Billing and posting clerks"
"2502116",0,12620,2022,2018,202203,2820714,15,204.5,1,153923,1,12,21160,15,2,72,1,100,0,0,6,63,0,0,0,0,21160,0,"Bangor, ME","N/A (not applicable)"
"5447150",0,35620,2022,2019,202203,4239771,13,11251.8,2,19567410,2,22,19635,13,2,71,1,100,0,0,10,101,24,2406,0,0,19635,0,"New York-Newark-Jersey City, NY-NJ-PA","N/A (not applicable)"
"8259622",1410,33460,2022,2019,202203,3409181,6,97.5,5,837201,1,13,117692,7,1,30,1,100,0,0,10,101,24,2407,0,0,86116,84,"Minneapolis-St. Paul-Bloomington, MN-WI","Electrical and electronics engineers"
"1074771",0,0,2022,2021,202203,3661077,18,101,0,23787,2,22,865,25,2,2,1,100,0,0,0,1,0,0,0,0,9999999,0,"Not in identifiable area","N/A (not applicable)"
"1975051",0,0,2022,2021,202203,847001,19,73.7,0,37354,2,22,33508,10,2,15,8,826,1,100,2,26,0,0,0,0,0,0,"Not in identifiable area","N/A (not applicable)"
"12519692",4900,0,2022,2018,202203,5841079,20,155.6,0,405603,1,13,46061,33,2,50,1,100,0,0,7,71,0,0,0,0,8651,35,"Not in identifiable area","Models, demonstrators, and product promoters"
"1993015",0,12060,2022,2022,202203,1958629,19,977.6,4,5286728,1,13,87000,18,1,15,2,200,0,0,3,30,0,0,0,0,0,0,"Atlanta-Sandy Springs-Roswell, GA","N/A (not applicable)"
"373626",0,0,2022,2021,202203,2249908,8,158,0,37347,1,12,17295,8,2,82,1,100,0,0,6,65,0,0,0,0,17295,0,"Not in identifiable area","N/A (not applicable)"
"7092635",410,0,2022,2018,202203,6633769,19,222.9,0,113759,1,12,88849,19,1,66,1,100,0,0,7,71,0,0,0,0,88849,32,"Not in identifiable area","Property, real estate, and community association managers"
"63549",0,0,2022,2018,202203,1395032,19,236.3,0,61413,1,12,33669,23,2,70,1,100,0,0,6,63,0,0,0,0,11691,0,"Not in identifiable area","N/A (not applicable)"
"13697397",6050,0,2022,2020,202203,4752676,7,73,0,23690,1,12,26515,7,1,56,3,323,0,0,3,30,0,0,0,0,16997,6,"Not in identifiable area","Other agricultural workers"
"2058157",0,31080,2022,2021,202203,818737,6,11886.1,1,12828837,1,13,140843,7,2,23,7,700,1,100,7,71,0,0,0,0,0,0,"Los Angeles-Long Beach-Anaheim, CA","N/A (not applicable)"
"14800281",8740,0,2022,2021,202203,3529344,23,155.1,0,80198,2,22,6485,16,2,18,1,100,0,0,6,65,0,0,0,0,6485,18,"Not in identifiable area","Inspectors, testers, sorters, samplers, and weighers"
"1296656",0,0,2022,2020,202203,2671005,20,65.7,0,45507,1,13,66855,15,2,10,8,801,0,0,1,17,0,0,0,0,9999999,0,"Not in identifiable area","N/A (not applicable)"
"8992631",2310,0,2022,2019,202203,5319735,9,492,0,148289,1,12,106325,8,1,50,1,100,1,100,10,101,62,6203,0,0,75782,72,"Not in identifiable area","Elementary and middle school teachers"
"7979699",1021,35620,2022,2022,202203,4030317,6,4193.9,2,19567410,1,13,322490,4,1,28,6,669,0,0,8,81,0,0,0,0,45000,65,"New York-Newark-Jersey City, NY-NJ-PA","Software developers"
"13662337",6050,0,2022,2020,202203,3744908,29,61.8,0,15232,1,12,79320,29,1,32,1,100,0,0,4,40,0,0,0,0,45326,6,"Not in identifiable area","Other agricultural workers"
"6870066",220,40140,2022,2022,202203,1011142,26,4040.9,1,4224851,1,13,123200,25,1,57,1,100,0,0,7,71,0,0,0,0,94000,68,"Riverside-San Bernardino-Ontario, CA","Construction managers"
"9429705",2634,12060,2022,2022,202203,1959900,11,394.6,4,5286728,1,13,267900,15,2,44,1,100,0,0,10,101,60,6004,0,0,13000,73,"Atlanta-Sandy Springs-Roswell, GA","Graphic designers"
"7825829",845,26620,2022,2022,202203,106101,20,1933.3,4,417593,1,13,80280,20,2,34,1,100,0,0,11,114,23,2300,0,0,80280,68,"Huntsville, AL","Financial and investment analysts"
"13462952",5740,49700,2022,2021,202203,857989,9,850.8,1,166892,1,12,58910,9,2,66,1,100,0,0,7,71,0,0,0,0,5296,61,"Yuba City, CA","Secretaries and administrative assistants, except legal, medical, and executive"
"10948254",4110,19820,2022,2022,202203,3362278,16,2880.3,3,4296250,1,13,101000,9,2,23,8,802,0,0,6,63,0,0,0,0,1000,16,"Detroit-Warren-Dearborn, MI","Waiters and waitresses"
"9940898",3255,24660,2022,2020,202203,4615725,49,2518.5,5,723801,1,12,221529,72,2,61,1,100,0,0,10,101,61,6107,0,0,113314,46,"Greensboro-High Point, NC","Registered nurses"
"354188",0,0,2022,2021,202203,1160282,12,1309.6,0,252825,1,13,121062,13,1,5,1,100,0,0,1,11,0,0,0,0,9999999,0,"Not in identifiable area","N/A (not applicable)"
"14263105",7210,31080,2022,2022,202203,1010766,11,7999.5,1,12828837,1,13,239000,15,1,41,8,826,1,100,6,65,0,0,0,0,80000,19,"Los Angeles-Long Beach-Anaheim, CA","Bus and truck mechanics and diesel engine specialists"
"4592858",0,46060,2022,2022,202203,259933,10,1337.4,3,980263,2,21,144700,10,1,83,1,100,0,0,7,71,0,0,0,0,62700,0,"Tucson, AZ","N/A (not applicable)"
"3992782",0,19820,2022,2018,202203,3178770,18,2621.9,4,4296250,1,13,2338,21,1,7,1,100,0,0,1,14,0,0,0,0,9999999,0,"Detroit-Warren-Dearborn, MI","N/A (not applicable)"
"6461780",10,42660,2022,2022,202203,6770305,11,23747.8,1,3439809,1,13,470000,11,1,44,1,100,0,0,11,114,55,5506,0,0,331000,68,"Seattle-Tacoma-Bellevue, WA","Chief executives and legislators"
"3408229",0,0,2022,2022,202203,6952477,10,697.8,0,306241,1,13,139000,8,2,10,1,100,0,0,1,17,0,0,0,0,9999999,0,"Not in identifiable area","N/A (not applicable)"
"12430709",4840,16980,2022,2021,202203,2226089,14,5890.7,2,9461105,1,12,266985,13,1,63,1,100,0,0,10,101,62,6200,0,0,162137,47,"Chicago-Naperville-Elgin, IL-IN-WI","Sales representatives of services, except advertising, insurance, financial services, and travel"
"10585619",3930,35840,2022,2022,202203,1753450,10,2206.5,1,702281,2,22,34800,10,1,58,1,100,0,0,6,65,0,0,0,0,34800,8,"North Port-Sarasota-Bradenton, FL","Security guards and gaming surveillance officers"
"13471752",5740,35620,2022,2021,202203,4362444,12,8122.5,2,19567410,1,13,113820,13,1,63,1,100,0,0,10,101,64,6402,0,0,68097,61,"New York-Newark-Jersey City, NY-NJ-PA","Secretaries and administrative assistants, except legal, medical, and executive"
"2479179",0,0,2022,2020,202203,4639656,77,221.3,0,64894,2,22,15751,102,1,18,2,200,0,0,5,50,0,0,0,0,0,0,"Not in identifiable area","N/A (not applicable)"
"2071502",0,12060,2022,2020,202203,1863931,33,3689.4,4,5286728,2,22,4533,35,1,6,1,100,0,0,1,12,0,0,0,0,9999999,0,"Atlanta-Sandy Springs-Roswell, GA","N/A (not applicable)"
"5097504",0,38060,2022,2018,202203,153456,31,8075.6,2,4192887,2,22,28057,27,2,9,1,100,0,0,1,15,0,0,0,0,9999999,0,"Phoenix-Mesa-Scottsdale, AZ","N/A (not applicable)"
"6164536",0,24660,2022,2022,202203,4715563,28,304.1,5,723795,1,12,21200,27,2,10,1,100,0,0,1,17,0,0,0,0,9999999,0,"Greensboro-High Point, NC","N/A (not applicable)"
"1580615",0,0,2022,2020,202203,3525553,5,95.7,0,41329,1,12,63082,5,2,71,1,100,0,0,10,101,33,3301,23,2300,24272,0,"Not in identifiable area","N/A (not applicable)"
"14264779",7210,41060,2022,2022,202203,3466449,6,1729,5,253508,1,13,237000,5,1,25,1,100,0,0,8,81,0,0,0,0,96000,19,"St. Cloud, MN","Bus and truck mechanics and diesel engine specialists"
"8239592",1360,0,2022,2019,202203,3194431,31,552.3,0,96466,1,13,74634,31,1,29,1,100,0,0,10,101,24,2406,0,0,74634,84,"Not in identifiable area","Civil engineers"
"884657",0,0,2022,2021,202203,6931735,34,307.3,0,86260,1,13,134465,50,2,15,1,100,0,0,2,26,0,0,0,0,973,0,"Not in identifiable area","N/A (not applicable)"
"6037973",0,31080,2022,2018,202203,467460,36,5754.4,1,12828837,1,13,125791,36,1,66,7,700,4,416,2,23,0,0,0,0,8885,0,"Los Angeles-Long Beach-Anaheim, CA","N/A (not applicable)"
"14076896",6442,39300,2022,2021,202203,5531965,45,1184.3,4,1600852,1,13,149490,42,1,39,1,100,0,0,6,63,0,0,0,0,18700,34,"Providence-Warwick, RI-MA","Plumbers, pipefitters, and steamfitters"
"14936344",9005,31080,2022,2021,202203,849971,32,3618.1,1,12828837,1,13,60531,32,2,32,8,826,4,413,10,101,52,5200,21,2102,30266,68,"Los Angeles-Long Beach-Anaheim, CA","Supervisors of transportation and material moving workers"
"3668329",0,0,2022,2022,202203,6432505,6,122.6,0,74688,0,0,9999999,6,1,30,1,100,0,0,6,61,0,0,0,0,12700,0,"Not in identifiable area","N/A (not applicable)"
"14491058",7750,26900,2022,2018,202203,2339151,21,2883.5,1,1887877,1,13,81834,22,1,48,1,100,0,0,8,81,0,0,0,0,58453,18,"Indianapolis-Carmel-Anderson, IN","Other assemblers and fabricators"
"8342928",1530,19100,2022,2019,202203,5963921,6,4684.4,3,6426214,1,13,168788,6,1,69,1,100,0,0,10,101,37,3700,0,0,146742,87,"Dallas-Fort Worth-Arlington, TX","Other engineers"
"4347412",0,33100,2022,2018,202203,1401362,12,5053.9,2,5564635,1,13,120413,16,1,5,1,100,0,0,1,11,0,0,0,0,9999999,0,"Miami-Fort Lauderdale-West Palm Beach, FL","N/A (not applicable)"
"7371070",440,12060,2022,2021,202203,1908869,22,4047.6,4,5286728,1,13,250772,25,1,52,1,100,0,0,11,114,24,2405,0,0,77826,68,"Atlanta-Sandy Springs-Roswell, GA","Other managers"
"13247837",5600,17820,2022,2020,202203,1147625,39,1062.7,1,645613,1,13,168838,39,2,38,1,100,0,0,10,101,62,6203,0,0,67988,44,"Colorado Springs, CO","Production, planning, and expediting clerks"
"7871337",910,36740,2022,2022,202203,1690167,24,1924.9,1,2134411,1,12,103000,36,2,22,8,826,4,423,8,81,0,0,0,0,12000,68,"Orlando-Kissimmee-Sanford, FL","Credit counselors and loan officers"
"15015971",9130,31080,2022,2018,202203,489474,11,14494.8,1,12828837,1,12,225395,10,1,60,1,100,1,100,6,64,0,0,0,0,29226,15,"Los Angeles-Long Beach-Anaheim, CA","Driver/sales workers and truck drivers"
"10115174",3500,17300,2022,2019,202203,5731647,40,624.3,6,210541,1,13,91857,40,2,31,1,100,0,0,10,101,36,3600,0,0,45929,22,"Clarksville, TN-KY","Licensed practical and licensed vocational nurses"
"4234947",0,35620,2022,2019,202203,3902820,116,6652.5,2,19567410,2,22,104028,82,2,55,1,100,4,423,6,61,0,0,0,0,0,0,"New York-Newark-Jersey City, NY-NJ-PA","N/A (not applicable)"
"4744261",0,31140,2022,2021,202203,2681353,7,2088.5,3,1235708,1,13,203211,6,2,14,1,100,0,0,2,26,0,0,0,0,9999999,0,"Louisville/Jefferson County, KY-IN","N/A (not applicable)"
"15224210",9142,27260,2022,2018,202203,1363256,7,3285.1,3,1345596,1,13,62545,7,2,44,1,100,0,0,6,64,0,0,0,0,0,10,"Jacksonville, FL","Taxi drivers"
"8470160",1910,0,2022,2019,202203,5147943,3,64.7,0,47265,2,22,216324,4,1,37,3,362,0,0,6,63,0,0,0,0,100125,53,"Not in identifiable area","Biological technicians"
"5765555",0,44060,2022,2020,202203,6713932,10,155.4,5,527753,1,12,59263,10,1,80,1,100,0,0,11,114,23,2309,0,0,3739,0,"Spokane-Spokane Valley, WA","N/A (not applicable)"
"10429513",3649,35840,2022,2021,202203,1623521,16,2027.8,1,702281,1,12,135114,11,2,33,1,100,0,0,8,81,0,0,0,0,42156,38,"North Port-Sarasota-Bradenton, FL","Phlebotomists"
"10131197",3515,28140,2022,2018,202203,3560980,3,91.1,5,509500,2,22,192077,3,2,28,1,100,0,0,6,63,0,0,0,0,40099,44,"Kansas City, MO-KS","Medical records specialists"
"3766676",0,17140,2022,2022,202203,2712100,21,1311.4,4,2114580,1,12,51600,23,1,70,1,100,0,0,6,63,0,0,0,0,15600,0,"Cincinnati, OH-KY-IN","N/A (not applicable)"
"12913330",5240,46060,2022,2019,202203,170429,11,4006.8,1,980263,2,22,158339,11,2,66,1,100,0,0,7,71,0,0,0,0,51210,44,"Tucson, AZ","Customer service representatives"
"13619614",5940,0,2022,2022,202203,2448939,12,329.1,0,49519,1,13,127000,12,2,37,1,100,0,0,6,63,0,0,0,0,60000,44,"Not in identifiable area","Other office and administrative support workers"
"11387109",4251,19300,2022,2019,202203,37184,22,250.7,1,182265,1,13,138360,29,1,16,2,200,0,0,5,50,0,0,0,0,574,11,"Daphne-Fairhope-Foley, AL","Landscaping and groundskeeping workers"
"10880956",4040,38900,2022,2018,202203,5129622,13,473.8,5,1049995,1,13,294837,13,2,57,1,100,0,0,6,65,0,0,0,0,43489,19,"Portland-Vancouver-Hillsboro, OR-WA","Bartenders"
"1955197",0,0,2022,2018,202203,5869060,32,49,0,21914,1,12,105098,40,2,4,1,100,1,100,1,11,0,0,0,0,9999999,0,"Not in identifiable area","N/A (not applicable)"
"14855765",8950,0,2022,2018,202203,2620996,3,69.7,0,30080,1,13,169514,5,1,21,1,100,0,0,6,65,0,0,0,0,64298,8,"Not in identifiable area","Helpers--production workers"
"3963920",0,12540,2022,2018,202203,359536,22,4088.9,1,839631,1,13,100773,22,2,80,1,100,0,0,11,116,29,2901,0,0,100773,0,"Bakersfield, CA","N/A (not applicable)"
"3883894",0,29540,2022,2022,202203,5511369,16,909.9,1,519445,1,13,27300,15,2,63,1,100,0,0,6,63,0,0,0,0,0,0,"Lancaster, PA","N/A (not applicable)"
"14861043",8990,16980,2022,2020,202203,2163540,49,5890.7,2,9461105,1,13,95184,38,1,72,2,200,0,0,6,63,0,0,0,0,95184,18,"Chicago-Naperville-Elgin, IL-IN-WI","Miscellaneous production workers, including equipment operators and tenders"
"13664169",6050,35980,2022,2021,202203,1266493,8,511.8,1,274055,2,21,38913,8,1,71,6,610,0,0,7,71,0,0,0,0,38913,6,"Norwich-New London, CT","Other agricultural workers"
"10234700",3602,0,2022,2021,202203,5086426,16,87.1,0,54277,1,13,250339,17,1,58,1,100,0,0,10,101,60,6000,0,0,32427,13,"Not in identifiable area","Personal care aides"
"5491062",0,44060,2022,2019,202203,6655441,15,22.5,5,143490,0,0,9999999,15,1,28,2,200,0,0,6,64,0,0,0,0,0,0,"Spokane-Spokane Valley, WA","N/A (not applicable)"
"14255870",7200,46140,2022,2022,202203,5104434,23,360.7,6,262852,1,13,66300,14,1,20,8,801,2,200,7,71,0,0,0,0,6300,19,"Tulsa, OK","Automotive service technicians and mechanics"
"14600224",8030,35660,2022,2022,202203,3340706,24,550.7,1,156813,1,13,154600,24,1,51,1,100,0,0,6,63,0,0,0,0,50000,33,"Niles-Benton Harbor, MI","Machinists"
"2128595",0,0,2022,2020,202203,3412766,2,227.3,0,127108,0,0,9999999,2,2,17,1,100,0,0,5,50,0,0,0,0,0,0,"Not in identifiable area","N/A (not applicable)"
"291958",0,0,2022,2019,202203,4858621,14,321.6,0,155428,1,12,97598,12,2,13,1,100,0,0,2,25,0,0,0,0,9999999,0,"Not in identifiable area","N/A (not applicable)"
"7251983",440,49660,2022,2021,202203,4934828,13,259.2,1,565773,1,13,126467,13,1,59,1,100,0,0,6,65,0,0,0,0,113496,68,"Youngstown-Warren-Boardman, OH-PA","Other managers"
"15283875",9600,19100,2022,2020,202203,6096023,209,1781.5,3,6426214,2,22,113314,209,1,36,2,200,0,0,6,63,0,0,0,0,67988,18,"Dallas-Fort Worth-Arlington, TX","Industrial truck and tractor operators"
"1688008",0,0,2022,2018,202203,1778190,24,164,0,109298,2,22,90018,26,1,16,1,100,0,0,3,30,0,0,0,0,0,0,"Not in identifiable area","N/A (not applicable)"
"631450",0,0,2022,2019,202203,297858,12,95.9,0,64389,2,22,1378,12,2,61,1,100,0,0,6,65,0,0,0,0,1378,0,"Not in identifiable area","N/A (not applicable)"
"8783124",2205,38300,2022,2019,202203,5287984,13,1054.6,5,2356285,1,13,471917,15,1,39,1,100,0,0,11,116,50,5007,0,0,103914,84,"Pittsburgh, PA","Postsecondary teachers"
"12904789",5240,0,2022,2019,202203,3833800,38,129.7,0,64560,2,22,59363,38,2,62,1,100,0,0,10,101,62,6203,0,0,19175,44,"Not in identifiable area","Customer service representatives"
"3523964",0,31080,2022,2021,202203,811147,29,15546.7,1,12828837,2,22,20213,34,2,4,7,700,1,100,0,2,0,0,0,0,9999999,0,"Los Angeles-Long Beach-Anaheim, CA","N/A (not applicable)"
"10157509",3550,16700,2022,2018,202203,5547878,15,1764.5,1,664607,1,12,194181,21,2,30,8,826,1,100,10,101,61,6109,0,0,28057,48,"Charleston-North Charleston, SC","Other healthcare practitioners and technical occupations"
"10666908",4010,0,2022,2020,202203,1514430,7,44.2,0,24264,0,0,9999999,7,1,18,7,700,0,0,4,40,0,0,0,0,14164,68,"Not in identifiable area","First-line supervisors of food preparation and serving workers"
"5045882",0,22180,2022,2018,202203,4556371,21,422.2,6,366383,1,13,129766,25,1,14,1,100,0,0,2,26,0,0,0,0,9999999,0,"Fayetteville, NC","N/A (not applicable)"
"15207101",9130,39900,2022,2021,202203,3809338,13,1612.2,2,425417,1,13,79663,13,2,42,1,100,0,0,6,65,0,0,0,0,22699,15,"Reno, NV","Driver/sales workers and truck drivers"
"8736545",2145,19380,2022,2021,202203,4962609,14,839.2,1,799232,2,22,58326,15,2,44,4,400,0,0,8,81,0,0,0,0,3459,44,"Dayton, OH","Paralegals and legal assistants"
"15399367",9620,0,2022,2021,202203,4378663,3,107,0,172543,1,12,77826,3,1,57,1,100,0,0,8,81,0,0,0,0,38913,8,"Not in identifiable area","Laborers and freight, stock, and material movers, hand"
"13419728",5740,26420,2022,2019,202203,6010517,17,5353.8,3,5920416,1,13,165343,17,2,49,1,100,0,0,10,101,23,2300,0,0,4593,61,"Houston-The Woodlands-Sugar Land, TX","Secretaries and administrative assistants, except legal, medical, and executive"
"9550290",2830,37980,2022,2019,202203,5286906,14,18396.9,2,5965343,2,22,11482,14,1,22,1,100,0,0,10,101,19,1901,55,5506,11482,82,"Philadelphia-Camden-Wilmington, PA-NJ-DE-MD","Editors"
"272301",0,0,2022,2020,202203,2204472,43,171.5,0,50687,2,22,73541,51,2,3,1,100,0,0,0,2,0,0,0,0,9999999,0,"Not in identifiable area","N/A (not applicable)"
"466961",0,14460,2022,2021,202203,3086998,10,5397.7,4,4552402,2,22,3243,11,2,75,7,700,4,460,6,63,0,0,0,0,0,0,"Boston-Cambridge-Newton, MA-NH","N/A (not applicable)"
"12340665",4760,34900,2022,2020,202203,766972,17,1727.1,1,136484,1,13,111274,15,2,55,1,100,0,0,11,114,64,6402,0,0,45892,47,"Napa, CA","Retail salespersons"
"1113935",0,0,2022,2022,202203,3474743,35,108.2,0,53706,1,12,102500,45,1,12,8,826,1,100,2,23,0,0,0,0,9999999,0,"Not in identifiable area","N/A (not applicable)"
"7260137",440,14860,2022,2018,202203,1221092,19,1542.8,1,916829,1,13,239657,19,1,66,1,100,0,0,11,114,24,2406,0,0,239657,68,"Bridgeport-Stamford-Norwalk, CT","Other managers"
"15582870",9645,0,2022,2018,202203,1804566,19,246.9,0,156005,2,22,33435,36,1,25,1,100,0,0,6,63,0,0,0,0,18354,44,"Not in identifiable area","Stockers and order fillers"
"9037793",2310,38060,2022,2018,202203,153548,18,4402.7,2,4192887,1,13,169747,18,2,75,2,200,0,0,11,114,23,2310,0,0,167877,72,"Phoenix-Mesa-Scottsdale, AZ","Elementary and middle school teachers"
"1039729",0,0,2022,2020,202203,4918074,78,267.9,0,58577,1,13,111048,77,1,6,1,100,0,0,1,12,0,0,0,0,9999999,0,"Not in identifiable area","N/A (not applicable)"
"4777529",0,42660,2022,2022,202203,6752708,2,4943.6,1,3439809,0,0,9999999,2,1,74,1,100,0,0,11,114,62,6203,0,0,66100,0,"Seattle-Tacoma-Bellevue, WA","N/A (not applicable)"
"14330139",7330,44700,2022,2019,202203,641053,17,5609.5,1,685306,1,12,86346,17,1,56,8,824,0,0,6,65,0,0,0,0,82672,27,"Stockton-Lodi, CA","Industrial and refractory machinery mechanics"
"418397",0,0,2022,2018,202203,2633433,52,180.1,0,47230,2,22,24550,58,1,1,1,100,0,0,0,1,0,0,0,0,9999999,0,"Not in identifiable area","N/A (not applicable)"
"9454601",2640,35620,2022,2018,202203,4162503,24,47853.1,2,19567410,2,22,136780,24,1,33,5,500,0,0,10,101,21,2100,0,0,136780,73,"New York-Newark-Jersey City, NY-NJ-PA","Other designers"
"14218272",7200,39300,2022,2021,202203,3091741,36,5690.1,4,1600852,2,22,74583,29,1,52,1,100,0,0,4,40,0,0,0,0,18376,19,"Providence-Warwick, RI-MA","Automotive service technicians and mechanics"
"3830431",0,0,2022,2022,202203,5797061,9,603,0,309544,1,13,15900,9,2,62,1,100,0,0,0,2,0,0,0,0,900,0,"Not in identifiable area","N/A (not applicable)"
"10291044",3603,38860,2022,2022,202203,2841368,10,678.8,1,514098,0,0,9999999,10,2,26,1,100,0,0,5,50,0,0,0,0,1000,13,"Portland-South Portland, ME","Nursing assistants"
"3374311",0,16980,2022,2019,202203,2150933,15,5723.8,2,9461105,1,13,140082,12,1,17,1,100,1,100,6,61,0,0,0,0,0,0,"Chicago-Naperville-Elgin, IL-IN-WI","N/A (not applicable)"
"15504253",9640,0,2022,2022,202203,3463473,14,54.9,0,41167,0,0,9999999,14,1,18,1,100,0,0,6,63,0,0,0,0,9000,18,"Not in identifiable area","Packers and packagers, hand"
"14778876",8740,36100,2022,2019,202203,1441652,16,711.2,1,331298,1,13,162966,21,2,80,1,100,0,0,7,71,0,0,0,0,30807,18,"Ocala, FL","Inspectors, testers, sorters, samplers, and weighers"
"3234344",0,16740,2022,2018,202203,4558565,38,2248.7,6,2217012,2,22,43723,39,2,4,6,661,0,0,0,2,0,0,0,0,9999999,0,"Charlotte-Concord-Gastonia, NC-SC","N/A (not applicable)"
"7478277",630,19100,2022,2019,202203,5992313,17,8100.7,3,6426214,2,22,63152,16,1,24,1,100,0,0,10,101,62,6203,0,0,63152,84,"Dallas-Fort Worth-Arlington, TX","Human resources workers"
"1798967",0,0,2022,2019,202203,5063518,11,90.6,0,25426,1,13,82672,9,2,14,8,802,0,0,2,26,0,0,0,0,9999999,0,"Not in identifiable area","N/A (not applicable)"
"14535741",7750,0,2022,2019,202203,4832875,51,208.3,0,56476,1,13,85427,64,1,25,1,100,0,0,6,64,0,0,0,0,19979,18,"Not in identifiable area","Other assemblers and fabricators"
"597864",0,0,2022,2019,202203,6003339,21,109.9,0,28401,1,12,88413,10,2,11,2,200,0,0,2,23,0,0,0,0,9999999,0,"Not in identifiable area","N/A (not applicable)"
"13763351",6230,33340,2022,2022,202203,6960307,29,1628,1,1555908,2,22,50000,29,1,64,1,100,0,0,6,63,0,0,0,0,50000,19,"Milwaukee-Waukesha-West Allis, WI","Carpenters"
"6446625",10,12580,2022,2020,202203,2915876,17,451.5,3,2710489,1,13,429687,16,2,50,1,100,0,0,10,101,62,6201,0,0,322945,68,"Baltimore-Columbia-Towson, MD","Chief executives and legislators"
"8881225",2300,35620,2022,2021,202203,3990668,16,1227.7,2,19567410,1,13,48641,16,2,60,7,700,2,200,6,65,0,0,0,0,5405,72,"New York-Newark-Jersey City, NY-NJ-PA","Preschool and kindergarten teachers"
"8173400",1108,28140,2022,2019,202203,3606108,9,2390.8,5,2009342,2,22,92431,10,1,55,1,100,0,0,7,71,0,0,0,0,57411,65,"Kansas City, MO-KS","Computer occupations, all other"
"3456791",0,35840,2022,2022,202203,1704533,53,1029.3,1,702281,2,22,18000,69,1,14,1,100,0,0,2,26,0,0,0,0,9999999,0,"North Port-Sarasota-Bradenton, FL","N/A (not applicable)"
"10642132",4000,0,2022,2019,202203,5147321,5,64.7,0,47265,1,12,256971,6,2,72,1,100,0,0,10,101,23,2300,0,0,30657,15,"Not in identifiable area","Chefs and head cooks"
"3511753",0,47900,2022,2021,202203,6579529,18,1114.7,5,5636232,1,13,254014,10,2,16,1,100,0,0,4,40,0,0,0,0,0,0,"Washington-Arlington-Alexandria, DC-VA-MD-WV","N/A (not applicable)"
"3485622",0,35620,2022,2020,202203,3935513,19,6570.5,2,19567410,0,0,9999999,19,2,20,8,818,0,0,6,65,0,0,0,0,0,0,"New York-Newark-Jersey City, NY-NJ-PA","N/A (not applicable)"
"6205547",0,35620,2022,2021,202203,3966494,9,1944.3,2,19567410,1,12,38913,9,2,78,1,100,0,0,3,30,0,0,0,0,38913,0,"New York-Newark-Jersey City, NY-NJ-PA","N/A (not applicable)"
"10875108",4040,0,2022,2021,202203,2434213,8,360.5,0,62160,1,13,86473,7,2,23,8,826,4,420,8,81,0,0,0,0,6485,19,"Not in identifiable area","Bartenders"
"9584254",2905,42660,2022,2021,202203,6719782,7,8784.4,1,3439809,0,0,9999999,7,2,19,1,100,0,0,7,71,0,0,0,0,0,53,"Seattle-Tacoma-Bellevue, WA","Other media and communication equipment workers"
"13282517",5610,40380,2022,2020,202203,4312086,8,1503.6,6,1079671,1,13,172237,8,1,55,2,200,0,0,6,65,0,0,0,0,56657,22,"Rochester, NY","Shipping, receiving, and inventory clerks"
"7736926",800,35620,2022,2019,202203,4248577,17,6161.9,2,19567410,1,12,855422,16,1,33,1,100,0,0,10,101,62,6201,0,0,763564,78,"New York-Newark-Jersey City, NY-NJ-PA","Accountants and auditors"
"5453391",0,39300,2022,2020,202203,3063097,7,6313,4,1600852,1,12,40793,8,2,60,1,100,0,0,6,63,0,0,0,0,0,0,"Providence-Warwick, RI-MA","N/A (not applicable)"
"4481414",0,36740,2022,2021,202203,1631091,10,4899.7,4,2134411,1,12,82582,10,2,66,1,100,0,0,10,101,62,6203,0,0,22375,0,"Orlando-Kissimmee-Sanford, FL","N/A (not applicable)"
"14241249",7200,0,2022,2018,202203,5915418,3,182,0,76999,1,13,123920,4,1,57,1,100,0,0,0,2,0,0,0,0,63129,19,"Not in identifiable area","Automotive service technicians and mechanics"
"2753949",0,36420,2022,2022,202203,5115358,35,1086.5,5,1252987,1,13,81200,18,1,6,1,100,0,0,1,12,0,0,0,0,9999999,0,"Oklahoma City, OK","N/A (not applicable)"
"15413219",9620,35620,2022,2021,202203,3983859,19,7419.4,2,19567410,2,22,50911,19,1,46,2,200,0,0,6,63,0,0,0,0,50911,8,"New York-Newark-Jersey City, NY-NJ-PA","Laborers and freight, stock, and material movers, hand"
"10535302",3870,0,2022,2020,202203,1539845,8,534.3,0,244185,1,13,189235,9,2,51,1,100,0,0,11,114,55,5505,0,0,189235,39,"Not in identifiable area","Police officers"
"3968809",0,17660,2022,2022,202203,2037477,13,918.5,4,138493,2,22,62300,19,2,15,1,100,1,100,2,26,0,0,0,0,2000,0,"Coeur d'Alene, ID","N/A (not applicable)"
"578429",0,0,2022,2022,202203,3678334,5,142.6,0,42932,1,13,82000,2,2,8,1,100,0,0,1,15,0,0,0,0,9999999,0,"Not in identifiable area","N/A (not applicable)"
"3258011",0,0,2022,2022,202203,6409673,41,32.1,0,27557,1,12,5000,29,1,8,8,826,1,100,1,12,0,0,0,0,9999999,0,"Not in identifiable area","N/A (not applicable)"
"3434563",0,26900,2022,2018,202203,2347233,69,965.6,1,1887877,1,13,173021,143,2,10,2,200,0,0,1,17,0,0,0,0,9999999,0,"Indianapolis-Carmel-Anderson, IN","N/A (not applicable)"
"7666588",735,35620,2022,2019,202203,4241030,6,8999.2,2,19567410,1,13,419099,4,2,41,1,100,3,300,10,101,62,6203,0,0,189456,81,"New York-Newark-Jersey City, NY-NJ-PA","Market research analysts and marketing specialists"
"2845139",0,14460,2022,2018,202203,3002701,12,1217.9,4,3711942,1,12,754862,11,1,67,1,100,0,0,11,114,64,6402,0,0,14847,0,"Boston-Cambridge-Newton, MA-NH","N/A (not applicable)"
"6358826",0,48140,2022,2019,202203,6863094,7,260.8,1,134063,1,13,57411,5,1,8,1,100,0,0,1,15,0,0,0,0,9999999,0,"Wausau, WI","N/A (not applicable)"
"3674209",0,31080,2022,2018,202203,488605,22,15546.7,1,12828837,2,22,118075,21,1,15,1,100,1,100,4,40,0,0,0,0,0,0,"Los Angeles-Long Beach-Anaheim, CA","N/A (not applicable)"
"1575055",0,0,2022,2018,202203,2075101,4,106,0,50635,1,12,68624,2,2,14,1,100,0,0,3,30,0,0,0,0,9999999,0,"Not in identifiable area","N/A (not applicable)"
"14387960",7350,38060,2022,2018,202203,129599,23,1218,2,4192887,1,13,27122,23,1,67,1,100,0,0,6,63,0,0,0,0,13093,15,"Phoenix-Mesa-Scottsdale, AZ","Maintenance workers, machinery"
"11382830",4240,39300,2022,2019,202203,3035068,23,6313,4,1600852,2,22,31691,9,1,28,2,200,0,0,6,65,0,0,0,0,11023,18,"Providence-Warwick, RI-MA","Pest control workers"
"488668",0,0,2022,2020,202203,2666386,2,60.1,0,16660,2,21,805,2,2,19,1,100,0,0,6,63,0,0,0,0,0,0,"Not in identifiable area","N/A (not applicable)"
"3014885",0,35620,2022,2020,202203,4303649,5,19069,2,19567410,1,12,157053,6,2,69,1,100,0,0,11,114,61,6107,0,0,89518,0,"New York-Newark-Jersey City, NY-NJ-PA","N/A (not applicable)"
"4946364",0,32900,2022,2018,202203,362659,72,472.9,1,255793,1,12,47230,59,1,12,7,700,1,100,2,23,0,0,0,0,9999999,0,"Merced, CA","N/A (not applicable)"
"9603443",2920,35620,2022,2022,202203,4449046,27,132103.1,2,19567410,2,22,160000,32,2,27,4,400,0,0,10,101,62,6211,0,0,90000,50,"New York-Newark-Jersey City, NY-NJ-PA","Television, video, and film camera operators and editors"
"3218385",0,39580,2022,2022,202203,4713425,21,1027.1,5,1130474,1,13,265300,26,2,15,1,100,0,0,2,26,0,0,0,0,0,0,"Raleigh, NC","N/A (not applicable)"
"3608539",0,0,2022,2019,202203,2881021,13,182.4,0,109463,1,13,112433,16,1,76,1,100,0,0,4,40,0,0,0,0,49603,0,"Not in identifiable area","N/A (not applicable)"
"10180902",3601,0,2022,2022,202203,4720913,13,142.3,0,29045,1,12,20000,12,2,46,1,100,0,0,6,64,0,0,0,0,20000,13,"Not in identifiable area","Home health aides"
"10257204",3602,19740,2022,2021,202203,1169708,32,2259.3,4,2543482,1,13,159975,27,1,36,1,100,0,0,10,101,55,5507,0,0,129709,13,"Denver-Aurora-Lakewood, CO","Personal care aides"
"208183",0,21340,2022,2021,202203,6194031,38,3325.3,2,804123,2,22,40858,40,1,17,1,100,1,100,4,40,0,0,0,0,0,0,"El Paso, TX","N/A (not applicable)"
"13987796",6355,0,2022,2019,202203,5289460,4,235.9,0,372048,1,13,242274,4,1,48,1,100,0,0,8,81,0,0,0,0,126304,44,"Not in identifiable area","Electricians"
"2160430",0,12060,2022,2022,202203,1952399,37,1054.1,4,5286728,1,13,61300,36,1,70,2,200,0,0,6,65,0,0,0,0,61300,0,"Atlanta-Sandy Springs-Roswell, GA","N/A (not applicable)"
"15676235",9920,34980,2022,2021,202203,5781544,20,149.2,5,1670890,1,13,123224,6,2,17,8,802,0,0,6,63,0,0,0,0,0,0,"Nashville-Davidson--Murfreesboro--Franklin, TN","Unemployed, with no work experience in the last 5 years or earlier or never worked"
"14845371",8810,37980,2022,2018,202203,5268425,32,2603.2,2,5965343,2,22,52608,15,1,23,1,100,0,0,6,63,0,0,0,0,23381,18,"Philadelphia-Camden-Wilmington, PA-NJ-DE-MD","Painting workers"
"9057377",2310,40900,2022,2018,202203,431146,11,5175.8,1,2149127,2,22,52140,11,2,32,1,100,0,0,10,101,41,4101,0,0,52140,72,"Sacramento--Roseville--Arden-Arcade, CA","Elementary and middle school teachers"
"7902471",960,17820,2022,2019,202203,1123680,12,2442.5,1,645613,1,13,44895,10,1,64,1,100,0,0,6,63,0,0,0,0,24916,68,"Colorado Springs, CO","Other financial specialists"
"10144520",3545,33340,2022,2021,202203,6913733,16,6381,1,1555908,2,22,1405,16,2,23,1,100,0,0,10,101,61,6107,0,0,1405,48,"Milwaukee-Waukesha-West Allis, WI","Miscellaneous health technologists and technicians"
"10393508",3645,0,2022,2020,202203,4615101,21,1977.1,0,504357,2,22,80453,26,2,29,8,801,0,0,7,71,0,0,0,0,21530,38,"Not in identifiable area","Medical assistants"
"68376",0,19820,2022,2018,202203,3176991,18,5369.2,4,4296250,2,22,76690,18,2,68,1,100,0,0,7,71,0,0,0,0,10755,0,"Detroit-Warren-Dearborn, MI","N/A (not applicable)"
"10359978",3630,36260,2022,2022,202203,6409715,6,2131.1,6,597159,1,13,346700,6,2,22,1,100,0,0,6,63,0,0,0,0,26600,26,"Ogden-Clearfield, UT","Massage therapists"
"5577026",0,47900,2022,2021,202203,2948767,10,4187.9,5,5636232,2,22,10161,10,2,71,1,100,0,0,6,63,0,0,0,0,10161,0,"Washington-Arlington-Alexandria, DC-VA-MD-WV","N/A (not applicable)"
"39738",0,0,2022,2019,202203,3189717,85,407.3,0,1266211,1,13,70041,83,1,6,1,100,0,0,1,11,0,0,0,0,9999999,0,"Not in identifiable area","N/A (not applicable)"
"5065683",0,35840,2022,2019,202203,1474073,14,2027.8,1,702281,1,13,30887,15,2,95,1,100,0,0,6,63,0,0,0,0,30887,0,"North Port-Sarasota-Bradenton, FL","N/A (not applicable)"
"3363764",0,0,2022,2019,202203,5050543,16,130.8,0,213247,0,0,9999999,16,1,42,1,100,0,0,5,50,0,0,0,0,0,0,"Not in identifiable area","N/A (not applicable)"
"9845916",3255,41700,2022,2019,202203,6043856,13,637.5,4,2142508,1,13,123548,16,2,34,1,100,0,0,10,101,61,6107,0,0,0,46,"San Antonio-New Braunfels, TX","Registered nurses"
"8423151",1750,12420,2022,2022,202203,6321183,8,643.6,3,1716289,1,13,213800,7,1,38,1,100,0,0,10,101,50,5007,0,0,85000,80,"Austin-Round Rock, TX","Geoscientists and hydrologists, except geographers"
"6379242",0,41860,2022,2019,202203,563635,17,14612.8,1,4335391,2,22,134801,26,2,9,6,600,0,0,1,16,0,0,0,0,9999999,0,"San Francisco-Oakland-Hayward, CA","N/A (not applicable)"
"5073634",0,19100,2022,2020,202203,6104553,11,8100.7,3,6426214,1,13,151388,36,1,65,7,700,1,100,1,14,0,0,0,0,6799,0,"Dallas-Fort Worth-Arlington, TX","N/A (not applicable)"
"13383949",5740,0,2022,2019,202203,5985103,2,69.6,0,39020,1,12,189456,1,1,64,1,100,0,0,7,71,0,0,0,0,0,61,"Not in identifiable area","Secretaries and administrative assistants, except legal, medical, and executive"
"2929625",0,0,2022,2021,202203,3658829,159,114.5,0,37969,2,22,179215,51,1,16,3,308,0,0,3,30,0,0,0,0,0,0,"Not in identifiable area","N/A (not applicable)"
"2961924",0,0,2022,2020,202203,4058516,18,446.7,0,130044,1,12,42833,18,2,66,1,100,0,0,6,65,0,0,0,0,14391,0,"Not in identifiable area","N/A (not applicable)"
"8212906",1305,22220,2022,2020,202203,304626,17,547.5,5,463204,2,22,29462,17,1,64,1,100,0,0,6,65,0,0,0,0,29462,90,"Fayetteville-Springdale-Rogers, AR-MO","Architects, except landscape and naval"
"7815545",810,45300,2022,2020,202203,1566142,12,3507.1,1,2783243,1,13,230594,15,1,60,1,100,0,0,11,114,24,2408,0,0,136543,62,"Tampa-St. Petersburg-Clearwater, FL","Property appraisers and assessors"
"14872378",8990,0,2022,2022,202203,2286031,9,141.3,0,33389,1,12,39800,9,1,67,1,100,0,0,6,63,0,0,0,0,39800,18,"Not in identifiable area","Miscellaneous production workers, including equipment operators and tenders"
"7959449",1010,14460,2022,2020,202203,3066571,14,19377.3,4,4552402,1,12,97450,15,2,28,1,100,0,0,10,101,60,6007,21,2102,46459,65,"Boston-Cambridge-Newton, MA-NH","Computer programmers"
"8697779",2100,14860,2022,2022,202203,1285118,10,4962.1,5,916829,1,13,1108000,15,2,49,8,826,4,460,11,115,33,3301,0,0,748000,93,"Bridgeport-Stamford-Norwalk, CT","Lawyers, and judges, magistrates, and other judicial workers"
"7697502",750,0,2022,2022,202203,975641,9,91,0,37354,1,13,121000,6,1,50,1,100,0,0,7,71,0,0,0,0,81000,66,"Not in identifiable area","Business operations specialists, all other"
"1169475",0,27260,2022,2021,202203,1661706,7,2869.1,3,1345596,1,12,70648,8,1,15,2,200,0,0,2,26,0,0,0,0,0,0,"Jacksonville, FL","N/A (not applicable)"
"14706788",8310,12060,2022,2019,202203,1826636,20,2555.5,4,5286728,1,12,17797,21,1,46,1,100,4,412,2,25,0,0,0,0,14927,15,"Atlanta-Sandy Springs-Roswell, GA","Pressers, textile, garment, and related materials"
"15224824",9142,35620,2022,2019,202203,4216660,15,81240,2,19567410,2,22,291073,15,1,49,2,200,0,0,11,114,13,1301,0,0,17223,10,"New York-Newark-Jersey City, NY-NJ-PA","Taxi drivers"
"2647288",0,0,2022,2020,202203,2197654,41,106,0,50635,1,12,103342,41,1,71,1,100,0,0,6,63,0,0,0,0,57337,0,"Not in identifiable area","N/A (not applicable)"
"8971932",2310,0,2022,2018,202203,3170350,20,64.8,0,23054,2,22,50632,19,2,50,1,100,0,0,10,101,62,6203,0,0,17536,72,"Not in identifiable area","Elementary and middle school teachers"
"8020995",1021,41740,2022,2021,202203,835044,16,3404.3,1,3095313,1,12,89499,16,2,75,1,100,0,0,10,101,33,3301,64,6402,89499,65,"San Diego-Carlsbad, CA","Software developers"
"3189474",0,0,2022,2022,202203,5500251,12,101.9,0,47195,1,12,62300,9,1,15,1,100,0,0,3,30,0,0,0,0,16500,0,"Not in identifiable area","N/A (not applicable)"
"11911223",4710,0,2022,2022,202203,1932995,9,157.6,0,28241,0,0,9999999,9,1,20,1,100,0,0,6,63,0,0,0,0,28000,68,"Not in identifiable area","First-line supervisors of non-retail sales workers"
"13257662",5610,35620,2022,2018,202203,4143445,21,5255.2,2,19567410,1,13,147418,27,1,24,1,100,4,460,4,40,0,0,0,0,83120,22,"New York-Newark-Jersey City, NY-NJ-PA","Shipping, receiving, and inventory clerks"
"14891466",8990,0,2022,2018,202203,3369419,16,57.8,0,13858,1,13,36592,17,1,27,1,100,0,0,6,63,0,0,0,0,35306,18,"Not in identifiable area","Miscellaneous production workers, including equipment operators and tenders"
"8245157",1360,17020,2022,2021,202203,911541,9,1769.4,1,220000,1,13,135114,9,1,53,1,100,0,0,10,101,24,2402,0,0,135114,84,"Chico, CA","Civil engineers"
"10743678",4020,24860,2022,2020,202203,5601638,14,309.6,5,327196,1,12,105189,13,2,16,1,100,0,0,4,40,0,0,0,0,6232,15,"Greenville-Anderson-Mauldin, SC","Cooks"
"1596379",0,0,2022,2020,202203,6048478,12,69.6,0,39020,0,0,9999999,12,2,37,2,200,0,0,6,63,0,0,0,0,0,0,"Not in identifiable area","N/A (not applicable)"
"14127769",6710,15980,2022,2022,202203,1752187,32,2158.7,1,618754,1,13,136020,33,1,49,2,200,0,0,11,114,50,5098,0,0,136020,8,"Cape Coral-Fort Myers, FL","Fence erectors"
"6669214",120,47900,2022,2022,202203,2954236,26,10343.7,4,5636232,1,12,205300,26,1,60,1,100,0,0,10,101,62,6203,0,0,200000,68,"Washington-Arlington-Alexandria, DC-VA-MD-WV","Financial managers"
"14795321",8740,35980,2022,2021,202203,1254782,5,511.8,1,274055,1,12,54046,5,1,64,1,100,0,0,6,63,0,0,0,0,29509,18,"Norwich-New London, CT","Inspectors, testers, sorters, samplers, and weighers"
"2778756",0,31080,2022,2020,202203,655935,2,8485.7,1,12828837,0,0,9999999,2,2,88,7,700,1,100,2,23,0,0,0,0,6799,0,"Los Angeles-Long Beach-Anaheim, CA","N/A (not applicable)"
"2492727",0,35380,2022,2019,202203,2752941,33,6504.4,1,1189866,2,22,12860,38,2,13,1,100,0,0,2,23,0,0,0,0,9999999,0,"New Orleans-Metairie, LA","N/A (not applicable)"
"5893793",0,38060,2022,2021,202203,231636,61,112,2,4192887,2,22,86473,63,1,14,1,100,0,0,2,25,0,0,0,0,9999999,0,"Phoenix-Mesa-Scottsdale, AZ","N/A (not applicable)"
"4828929",0,34980,2022,2018,202203,5685611,12,2059,5,1670890,1,13,437930,11,2,11,1,100,0,0,2,23,0,0,0,0,9999999,0,"Nashville-Davidson--Murfreesboro--Franklin, TN","N/A (not applicable)"
"7453178",565,19100,2022,2021,202203,6177763,16,4483.7,3,6426214,1,13,99444,16,2,45,1,100,0,0,10,101,62,6203,0,0,99444,63,"Dallas-Fort Worth-Arlington, TX","Compliance officers"
"14044080",6410,36780,2022,2018,202203,6850983,37,1385.3,1,166994,1,12,484225,40,1,47,1,100,0,0,6,63,0,0,0,0,107787,16,"Oshkosh-Neenah, WI","Painters and paperhangers"
"10388943",3645,28140,2022,2018,202203,2553325,18,215.1,5,607061,1,13,120881,26,2,26,1,100,0,0,6,65,0,0,0,0,33903,38,"Kansas City, MO-KS","Medical assistants"
"7375541",440,0,2022,2018,202203,2554245,69,20.2,0,6820,1,13,149640,69,1,33,1,100,0,0,10,101,53,5301,0,0,93525,68,"Not in identifiable area","Other managers"
"3643100",0,35620,2022,2018,202203,4100202,12,4224.1,2,19567410,1,13,200377,13,2,70,1,100,0,0,11,114,37,3700,23,2309,25018,0,"New York-Newark-Jersey City, NY-NJ-PA","N/A (not applicable)"
"13760052",6220,45300,2022,2021,202203,1659374,27,4766.9,1,2783243,2,22,2702,27,1,49,8,826,4,416,2,23,0,0,0,0,2702,27,"Tampa-St. Petersburg-Clearwater, FL","Brickmasons, blockmasons, stonemasons, and reinforcing iron and rebar workers"
"13072606",5400,0,2022,2018,202203,3369265,10,280.6,0,47260,1,13,104046,4,2,25,1,100,0,0,6,65,0,0,0,0,39748,44,"Not in identifiable area","Receptionists and information clerks"
"3048302",0,25540,2022,2021,202203,1268004,39,1521.1,1,1212381,1,13,53721,47,1,29,2,200,0,0,7,71,0,0,0,0,0,0,"Hartford-West Hartford-East Hartford, CT","N/A (not applicable)"
"579493",0,0,2022,2022,202203,2707682,15,74.7,0,30080,1,12,105000,9,2,6,1,100,0,0,1,12,0,0,0,0,9999999,0,"Not in identifiable area","N/A (not applicable)"
"13111598",5400,40140,2022,2021,202203,795072,27,1272.1,1,4224851,1,13,88094,27,2,49,1,100,1,100,7,71,0,0,0,0,32860,44,"Riverside-San Bernardino-Ontario, CA","Receptionists and information clerks"
"6615918",60,37980,2022,2021,202203,5447656,25,1786.3,2,5965343,1,13,202995,22,2,50,1,100,0,0,11,114,52,5200,0,0,89716,82,"Philadelphia-Camden-Wilmington, PA-NJ-DE-MD","Public relations and fundraising managers"
"4112282",0,18140,2022,2021,202203,4945082,22,3799.7,5,1901974,2,22,131439,21,2,14,8,826,0,0,2,26,0,0,0,0,9999999,0,"Columbus, OH","N/A (not applicable)"
"646573",0,0,2022,2021,202203,6549596,14,84.4,0,61764,1,12,9944,14,1,77,1,100,0,0,3,30,0,0,0,0,6702,0,"Not in identifiable area","N/A (not applicable)"
"2184075",0,12060,2022,2018,202203,1776993,22,217.2,4,2049710,2,22,74282,15,1,14,2,200,0,0,2,26,0,0,0,0,9999999,0,"Atlanta-Sandy Springs-Roswell, GA","N/A (not applicable)"
"10794086",4020,38300,2022,2019,202203,5324852,17,625.1,5,2356285,1,13,117118,11,1,28,1,100,0,0,7,71,0,0,0,0,49373,15,"Pittsburgh, PA","Cooks"
"6241110",0,37860,2022,2018,202203,1340037,10,466.2,1,448991,1,13,36194,11,2,9,1,100,0,0,1,16,0,0,0,0,9999999,0,"Pensacola-Ferry Pass-Brent, FL","N/A (not applicable)"
"257852",0,0,2022,2019,202203,4594738,13,133.7,0,99221,2,22,39958,13,2,83,1,100,0,0,2,26,0,0,0,0,25490,0,"Not in identifiable area","N/A (not applicable)"
"10455527",3725,12940,2022,2022,202203,2797337,8,788.9,1,802484,1,12,102800,7,1,48,7,700,0,0,7,71,0,0,0,0,102800,18,"Baton Rouge, LA","Miscellaneous first-line supervisors, protective service workers"
"5612657",0,41740,2022,2020,202203,761285,38,5777.7,1,3095313,1,13,494049,38,2,66,1,100,0,0,7,71,0,0,0,0,27195,0,"San Diego-Carlsbad, CA","N/A (not applicable)"
"14497668",7750,32580,2022,2021,202203,6166829,56,2072,1,774769,1,13,138789,53,1,23,1,100,1,100,6,63,0,0,0,0,37832,18,"McAllen-Edinburg-Mission, TX","Other assemblers and fabricators"
"146744",0,0,2022,2019,202203,41425,6,86.9,0,62817,2,21,8612,6,2,41,1,100,0,0,6,63,0,0,0,0,8612,0,"Not in identifiable area","N/A (not applicable)"
"689335",0,0,2022,2021,202203,324425,21,48.9,0,17642,1,13,97282,46,1,0,1,100,0,0,0,1,0,0,0,0,9999999,0,"Not in identifiable area","N/A (not applicable)"
"15438841",9620,19100,2022,2022,202203,6257685,21,5473.3,3,6426214,2,22,26100,21,2,41,7,700,4,416,2,23,0,0,0,0,26000,8,"Dallas-Fort Worth-Arlington, TX","Laborers and freight, stock, and material movers, hand"
"13690595",6050,35620,2022,2020,202203,3955809,5,3248.5,2,19567410,1,13,205552,5,1,17,1,100,0,0,5,50,0,0,0,0,680,6,"New York-Newark-Jersey City, NY-NJ-PA","Other agricultural workers"
"14103978",6515,39380,2022,2021,202203,1176046,11,1427.1,5,159063,1,12,148409,11,1,23,1,100,0,0,7,71,0,0,0,0,27347,15,"Pueblo, CO","Roofers"
"14379960",7340,10420,2022,2021,202203,4930405,27,586.9,1,703200,1,12,55235,31,1,66,1,100,0,0,6,65,0,0,0,0,26266,27,"Akron, OH","Maintenance and repair workers, general"
"6523978",20,0,2022,2019,202203,5329222,56,106.7,0,455339,1,13,140312,55,1,49,1,100,0,0,10,101,62,6207,0,0,114822,68,"Not in identifiable area","General and operations managers"
"4598823",0,31080,2022,2019,202203,590264,73,10887.6,1,12828837,2,22,206679,73,2,10,1,100,4,420,1,17,0,0,0,0,9999999,0,"Los Angeles-Long Beach-Anaheim, CA","N/A (not applicable)"
"5014054",0,21500,2022,2022,202203,5506105,17,3755.8,1,280566,1,13,128000,18,2,1,8,826,0,0,0,1,0,0,0,0,9999999,0,"Erie, PA","N/A (not applicable)"
"2477598",0,47900,2022,2019,202203,6484263,8,5172.2,5,5636232,1,13,26409,9,2,56,1,100,0,0,6,63,0,0,0,0,14927,0,"Washington-Arlington-Alexandria, DC-VA-MD-WV","N/A (not applicable)"
"5978167",0,40380,2022,2022,202203,4448476,32,2468.1,5,1079671,1,12,86300,48,2,17,8,801,0,0,4,40,0,0,0,0,0,0,"Rochester, NY","N/A (not applicable)"
"12673031",5000,24340,2022,2018,202203,3175091,23,439.9,6,988938,1,13,200143,21,2,20,1,100,0,0,6,65,0,0,0,0,14029,68,"Grand Rapids-Wyoming, MI","First-line supervisors of office and administrative support workers"
"1722572",0,0,2022,2019,202203,3737476,20,142.2,0,42260,1,12,62463,21,2,74,1,100,0,0,6,65,0,0,0,0,33413,0,"Not in identifiable area","N/A (not applicable)"
"5818504",0,41740,2022,2022,202203,923677,6,4624.3,1,3095313,0,0,9999999,6,1,82,1,100,0,0,6,63,0,0,0,0,12000,0,"San Diego-Carlsbad, CA","N/A (not applicable)"
"999763",0,0,2022,2022,202203,5798617,35,105.1,0,41343,2,22,13200,30,1,38,8,813,0,0,6,64,0,0,0,0,0,0,"Not in identifiable area","N/A (not applicable)"
"11803890",4700,35840,2022,2019,202203,1430223,17,2027.8,1,702281,1,13,313119,17,1,59,1,100,0,0,10,101,62,6203,0,0,298536,68,"North Port-Sarasota-Bradenton, FL","First-line supervisors of retail sales workers"
"3630475",0,0,2022,2018,202203,4517893,15,89.9,0,30231,0,0,9999999,15,2,84,1,100,0,0,10,101,23,2300,0,0,20575,0,"Not in identifiable area","N/A (not applicable)"
"9507871",2723,0,2022,2021,202203,6402128,21,26,0,19776,1,13,44317,15,2,16,1,100,0,0,5,50,0,0,0,0,1081,64,"Not in identifiable area","Umpires, referees, and other sports officials"
"4706041",0,26380,2022,2021,202203,2785832,28,381,6,208178,1,13,117063,14,2,73,1,100,0,0,8,81,0,0,0,0,39021,0,"Houma-Thibodaux, LA","N/A (not applicable)"
"12855174",5240,0,2022,2019,202203,5711858,17,196.8,0,97131,2,22,51325,18,1,39,1,100,0,0,5,50,0,0,0,0,22964,44,"Not in identifiable area","Customer service representatives"
"2431800",0,34980,2022,2018,202203,5676800,94,677,5,1670890,1,13,170917,102,1,6,1,100,0,0,1,14,0,0,0,0,9999999,0,"Nashville-Davidson--Murfreesboro--Franklin, TN","N/A (not applicable)"
"13816660",6230,29820,2022,2020,202203,3791894,36,7523.7,1,1951269,1,12,67988,36,1,51,7,700,4,412,0,2,0,0,0,0,22663,19,"Las Vegas-Henderson-Paradise, NV","Carpenters"
"3153505",0,26420,2022,2018,202203,5865121,21,3723.7,3,5920416,2,22,92356,26,2,4,1,100,0,0,0,2,0,0,0,0,9999999,0,"Houston-The Woodlands-Sugar Land, TX","N/A (not applicable)"
"3613321",0,0,2022,2018,202203,5123433,5,345,0,390738,1,13,163668,5,1,5,1,100,0,0,1,11,0,0,0,0,9999999,0,"Not in identifiable area","N/A (not applicable)"
"6491415",20,14460,2022,2019,202203,3029871,12,885.9,4,4256323,1,13,169362,12,1,41,1,100,0,0,10,101,24,2417,0,0,169362,68,"Boston-Cambridge-Newton, MA-NH","General and operations managers"
"10455950",3725,33460,2022,2019,202203,6859751,29,168.5,5,759949,1,13,207827,28,1,43,1,100,0,0,10,101,53,5301,0,0,128600,18,"Minneapolis-St. Paul-Bloomington, MN-WI","Miscellaneous first-line supervisors, protective service workers"
"8185848",1220,27100,2022,2019,202203,3192977,6,515.4,1,160248,1,12,97598,5,2,59,1,100,0,0,6,65,0,0,0,0,83820,65,"Jackson, MI","Operations research analysts"
"12987147",5240,33700,2022,2021,202203,803542,11,1656.9,1,514453,1,13,525323,10,1,60,1,100,0,0,6,63,0,0,0,0,525323,44,"Modesto, CA","Customer service representatives"
"1538921",0,0,2022,2022,202203,1711441,13,50.8,0,24264,1,12,50300,12,2,68,1,100,0,0,6,63,0,0,0,0,5300,0,"Not in identifiable area","N/A (not applicable)"
"13061076",5350,46060,2022,2020,202203,199157,54,1583.4,1,980263,1,13,70821,45,1,30,8,802,1,100,6,63,0,0,0,0,28329,44,"Tucson, AZ","Correspondence clerks and order clerks"
"1614959",0,0,2022,2020,202203,6901432,50,341.6,0,102228,1,13,140509,43,2,9,1,100,0,0,1,15,0,0,0,0,9999999,0,"Not in identifiable area","N/A (not applicable)"
"12901879",5240,49740,2022,2022,202203,253071,8,2422.2,5,195751,1,13,47000,8,2,69,2,200,0,0,6,63,0,0,0,0,27000,44,"Yuma, AZ","Customer service representatives"
"6706586",120,14860,2022,2021,202203,1262917,25,1433.9,1,916829,1,13,298332,24,1,64,8,826,4,424,11,114,55,5501,0,0,168622,68,"Bridgeport-Stamford-Norwalk, CT","Financial managers"
"10233373",3602,0,2022,2021,202203,5428457,4,134.1,0,42888,1,13,45398,3,2,66,1,100,0,0,6,64,0,0,0,0,23780,13,"Not in identifiable area","Personal care aides"
"6923456",230,16980,2022,2021,202203,2248274,15,7236.9,2,9461105,1,13,372915,15,2,43,1,100,0,0,11,114,61,6106,0,0,172946,72,"Chicago-Naperville-Elgin, IL-IN-WI","Education and childcare administrators"
"8311047",1460,17460,2022,2019,202203,4843880,23,2424.9,1,2077240,1,13,136638,24,1,36,1,100,0,0,11,114,61,6107,0,0,74634,82,"Cleveland-Elyria, OH","Mechanical engineers"
"278815",0,22220,2022,2019,202203,290836,81,708.5,5,463204,1,13,50636,75,2,13,7,700,1,100,2,23,0,0,0,0,9999999,0,"Fayetteville-Springdale-Rogers, AR-MO","N/A (not applicable)"
"11899320",4710,0,2022,2020,202203,3519174,13,48.8,0,33451,1,12,38187,13,1,48,1,100,0,0,6,63,0,0,0,0,22663,68,"Not in identifiable area","First-line supervisors of non-retail sales workers"
"15118337",9130,47900,2022,2018,202203,2870240,11,4187.9,5,5636232,2,22,136780,10,1,50,1,100,0,0,10,101,53,5301,0,0,23381,15,"Washington-Arlington-Alexandria, DC-VA-MD-WV","Driver/sales workers and truck drivers"
"14294268",7260,0,2022,2022,202203,327575,3,70.5,0,24727,0,0,9999999,3,1,19,1,100,0,0,6,65,0,0,0,0,14000,19,"Not in identifiable area","Miscellaneous vehicle and mobile equipment mechanics, installers, and repairers"
"15598604",9645,40900,2022,2020,202203,662455,25,1936.8,1,2149127,0,0,9999999,25,1,32,1,100,0,0,6,65,0,0,0,0,9099,44,"Sacramento--Roseville--Arden-Arcade, CA","Stockers and order fillers"
"12435977",4840,33460,2022,2022,202203,3473574,4,961.1,4,3348859,1,12,100000,4,1,47,1,100,0,0,10,101,62,6207,0,0,50000,47,"Minneapolis-St. Paul-Bloomington, MN-WI","Sales representatives of services, except advertising, insurance, financial services, and travel"
"4756172",0,29820,2022,2018,202203,3775070,14,2773.3,1,1951269,1,12,33903,18,1,3,1,100,1,100,0,2,0,0,0,0,9999999,0,"Las Vegas-Henderson-Paradise, NV","N/A (not applicable)"
"12540590",4920,13140,2022,2022,202203,6304961,19,1998,4,403190,1,13,130800,15,2,53,2,200,0,0,7,71,0,0,0,0,40000,62,"Beaumont-Port Arthur, TX","Real estate brokers and sales agents"
"12122831",4720,0,2022,2022,202203,3474858,4,46,0,13989,1,12,101220,4,2,61,1,100,0,0,0,2,0,0,0,0,11700,44,"Not in identifiable area","Cashiers"
"14649329",8140,0,2022,2020,202203,2668668,4,238.4,0,87716,2,22,33994,4,1,33,8,802,0,0,6,63,0,0,0,0,29462,24,"Not in identifiable area","Welding, soldering, and brazing workers"
"11475400",4350,16740,2022,2019,202203,5571820,8,368,6,2217012,1,13,111147,8,1,47,1,100,0,0,10,101,62,6203,55,5501,62004,18,"Charlotte-Concord-Gastonia, NC-SC","Animal caretakers"
"13741983",6200,44700,2022,2021,202203,901015,10,899.4,1,685306,2,22,87705,11,1,30,1,100,4,415,7,71,0,0,0,0,77977,68,"Stockton-Lodi, CA","First-line supervisors of construction trades and extraction workers"
"8899594",2300,10580,2022,2020,202203,4311344,17,335.4,4,870716,1,13,99716,17,2,33,1,100,0,0,8,81,0,0,0,0,33994,72,"Albany-Schenectady-Troy, NY","Preschool and kindergarten teachers"
"6842746",205,0,2022,2019,202203,3401140,8,50.1,0,26596,1,12,31806,8,1,77,1,100,0,0,7,71,0,0,0,0,31806,14,"Not in identifiable area","Farmers, ranchers, and other agricultural managers"
"10527404",3870,18140,2022,2022,202203,4982974,17,658.3,4,1901974,1,13,130000,17,2,34,1,100,0,0,10,101,53,5301,0,0,50000,39,"Columbus, OH","Police officers"
"8361422",1551,19100,2022,2022,202203,6357436,20,517.6,3,6426214,1,13,67700,20,1,68,1,100,0,0,7,71,0,0,0,0,39400,62,"Dallas-Fort Worth-Arlington, TX","Electrical and electronic engineering technologists and technicians"
"8187498",1240,36740,2022,2020,202203,1523620,4,2520.8,4,2134411,1,13,58923,5,1,35,1,100,0,0,10,101,40,4006,0,0,58923,81,"Orlando-Kissimmee-Sanford, FL","Other mathematical science occupations"
"10104461",3500,35300,2022,2021,202203,1261017,76,873.2,1,862477,1,12,162137,80,2,41,1,100,0,0,10,101,23,2300,0,0,86473,22,"New Haven-Milford, CT","Licensed practical and licensed vocational nurses"
"3452435",0,16980,2022,2018,202203,2325073,6,818.3,2,9461105,1,12,49568,5,2,79,1,100,0,0,6,63,0,0,0,0,11808,0,"Chicago-Naperville-Elgin, IL-IN-WI","N/A (not applicable)"
"7615707",710,47900,2022,2022,202203,6595670,31,1308.2,4,5636232,2,22,63600,32,2,29,2,200,0,0,11,114,53,5301,0,0,63600,86,"Washington-Arlington-Alexandria, DC-VA-MD-WV","Management analysts"
"4726054",0,29740,2022,2019,202203,4056529,15,144.3,1,209233,1,13,58904,18,2,2,1,100,1,100,0,1,0,0,0,0,9999999,0,"Las Cruces, NM","N/A (not applicable)"
"7679749",735,16980,2022,2021,202203,2214085,14,3793.3,2,9461105,1,12,453983,14,1,55,1,100,0,0,10,101,19,1901,0,0,194564,81,"Chicago-Naperville-Elgin, IL-IN-WI","Market research analysts and marketing specialists"
"10018155",3322,25540,2022,2022,202203,1272213,14,2835.7,5,1212381,1,12,100000,14,2,49,1,100,0,0,11,114,36,3699,0,0,60000,48,"Hartford-West Hartford-East Hartford, CT","Diagnostic medical sonographers"
"4133981",0,10420,2022,2018,202203,4816913,10,4050.9,1,703200,2,22,0,12,1,22,1,100,0,0,10,101,62,6200,0,0,0,0,"Akron, OH","N/A (not applicable)"
"14521261",7750,0,2022,2022,202203,4984249,3,153.1,0,34218,1,12,-4000,3,2,63,7,700,0,0,6,63,0,0,0,0,-2000,18,"Not in identifiable area","Other assemblers and fabricators"
"11295334",4220,12420,2022,2022,202203,6275365,39,1850.6,3,1716289,1,13,27000,40,1,56,1,100,2,200,7,71,0,0,0,0,20000,9,"Austin-Round Rock, TX","Janitors and building cleaners"
"4809454",0,31180,2022,2019,202203,5957925,36,931.8,4,290805,1,12,17223,27,2,19,1,100,1,100,6,63,0,0,0,0,0,0,"Lubbock, TX","N/A (not applicable)"
"2199807",0,12060,2022,2018,202203,1811484,17,2260.1,4,5286728,1,13,632461,17,1,63,1,100,0,0,11,114,62,6200,0,0,40917,0,"Atlanta-Sandy Springs-Roswell, GA","N/A (not applicable)"
"1659306",0,0,2022,2022,202203,3323186,5,438.5,0,215962,1,13,8400,4,2,32,1,100,0,0,6,63,0,0,0,0,0,0,"Not in identifiable area","N/A (not applicable)"
"10928333",4055,19820,2022,2022,202203,3360754,12,5711,3,4296250,1,12,43100,12,2,20,7,700,1,100,7,71,0,0,0,0,8100,11,"Detroit-Warren-Dearborn, MI","Fast food and counter workers"
"10576193",3930,16620,2022,2018,202203,6788818,9,496.1,6,227078,2,22,28057,9,1,27,1,100,0,0,6,64,0,0,0,0,21043,8,"Charleston, WV","Security guards and gaming surveillance officers"
"9446591",2635,27140,2022,2021,202203,3537131,4,233.7,5,567122,1,13,259419,4,2,55,1,100,0,0,10,101,60,6004,0,0,162137,73,"Jackson, MS","Interior designers"
"11112061",4140,38300,2022,2019,202203,5293070,4,2716.7,5,2356285,1,13,385571,6,1,17,1,100,0,0,4,40,0,0,0,0,0,11,"Pittsburgh, PA","Dishwashers"
"12131917",4720,40060,2022,2018,202203,6461893,10,3032.9,5,1208101,1,13,249653,11,2,19,1,100,0,0,7,71,0,0,0,0,9937,44,"Richmond, VA","Cashiers"
"7146275",425,35620,2022,2018,202203,3876671,40,2822.5,2,19567410,1,13,93525,39,2,37,1,100,0,0,10,101,64,6402,0,0,93525,66,"New York-Newark-Jersey City, NY-NJ-PA","Emergency management directors"
"13601671",5860,0,2022,2018,202203,2817804,5,81.8,0,42501,1,13,181204,6,1,58,1,100,0,0,7,71,0,0,0,0,40917,44,"Not in identifiable area","Office clerks, general"
"13035165",5310,0,2022,2021,202203,6741402,9,96.8,0,33268,1,13,49722,14,1,37,1,100,0,0,6,63,0,0,0,0,19456,44,"Not in identifiable area","Interviewers, except eligibility and loan"
"2523613",0,0,2022,2022,202203,6435820,16,105.5,0,69801,1,12,44500,16,2,86,1,100,0,0,6,63,0,0,0,0,44500,0,"Not in identifiable area","N/A (not applicable)"
"4665200",0,46520,2022,2019,202203,1987151,21,10723,1,953207,2,22,7234,19,2,63,4,400,0,0,6,63,0,0,0,0,0,0,"Urban Honolulu, HI","N/A (not applicable)"
"5877810",0,45940,2022,2018,202203,3879531,25,2345.3,1,366513,1,12,94,25,1,54,1,100,0,0,6,65,0,0,0,0,94,0,"Trenton, NJ","N/A (not applicable)"
"11782840",4700,26900,2022,2021,202203,2427859,6,699.2,1,1887877,1,12,51884,5,1,39,1,100,0,0,7,71,0,0,0,0,51884,68,"Indianapolis-Carmel-Anderson, IN","First-line supervisors of retail sales workers"
"873761",0,0,2022,2018,202203,1769248,2,65.8,0,40679,0,0,9999999,2,1,51,2,200,0,0,7,71,0,0,0,0,2104,0,"Not in identifiable area","N/A (not applicable)"
"12620853",5000,0,2022,2022,202203,6338248,12,63.9,0,200596,1,13,112000,12,2,58,1,100,0,0,7,71,0,0,0,0,80000,68,"Not in identifiable area","First-line supervisors of office and administrative support workers"
"3125789",0,0,2022,2019,202203,5306191,8,206.9,0,40055,1,13,60856,3,1,2,1,100,0,0,0,1,0,0,0,0,9999999,0,"Not in identifiable area","N/A (not applicable)"
"7136487",420,16980,2022,2018,202203,2081710,7,3793.3,2,9461105,1,12,730662,8,1,56,1,100,0,0,11,114,62,6201,0,0,634800,68,"Chicago-Naperville-Elgin, IL-IN-WI","Social and community service managers"
"13056652",5350,31080,2022,2018,202203,405374,15,13809,1,12828837,1,13,28057,16,2,45,6,663,0,0,10,101,25,2599,0,0,28057,44,"Los Angeles-Long Beach-Anaheim, CA","Correspondence clerks and order clerks"
"2295868",0,19740,2022,2019,202203,1121625,15,5096.3,4,2543482,1,13,94154,20,1,11,1,100,1,100,2,23,0,0,0,0,9999999,0,"Denver-Aurora-Lakewood, CO","N/A (not applicable)"
"6730093",120,45300,2022,2021,202203,1638908,14,4340,1,2783243,1,13,214885,15,2,31,1,100,0,0,11,114,62,6207,0,0,117603,68,"Tampa-St. Petersburg-Clearwater, FL","Financial managers"
"13958349",6305,11700,2022,2018,202203,4533157,25,308.8,6,424858,1,13,63129,26,1,58,1,100,0,0,6,65,0,0,0,0,35072,24,"Asheville, NC","Construction equipment operators"
"2868141",0,24540,2022,2022,202203,1198384,64,252.2,1,252825,1,13,110000,56,1,0,1,100,0,0,0,1,0,0,0,0,9999999,0,"Greeley, CO","N/A (not applicable)"
"7232857",440,12580,2022,2021,202203,2931553,32,4298.9,3,2710489,1,13,59450,32,1,65,1,100,0,0,6,63,0,0,0,0,43236,68,"Baltimore-Columbia-Towson, MD","Other managers"
"2435320",0,42660,2022,2019,202203,6683542,12,4677.1,1,3439809,2,22,26179,12,2,40,1,100,0,0,10,101,19,1901,0,0,26179,0,"Seattle-Tacoma-Bellevue, WA","N/A (not applicable)"
"14238504",7200,46220,2022,2018,202203,4604,6,90.4,5,230162,1,13,119712,6,1,32,1,100,0,0,6,64,0,0,0,0,81834,19,"Tuscaloosa, AL","Automotive service technicians and mechanics"
"430505",0,0,2022,2022,202203,2276737,2,175.2,0,39848,1,13,35700,3,1,68,1,100,0,0,6,63,0,0,0,0,15700,0,"Not in identifiable area","N/A (not applicable)"
"6996135",310,35620,2022,2021,202203,4400799,8,8170.5,2,19567410,1,12,231856,12,1,52,1,100,4,426,6,63,0,0,0,0,64855,68,"New York-Newark-Jersey City, NY-NJ-PA","Food service managers"
"7407454",520,19100,2022,2019,202203,5965998,11,2719.7,3,6426214,2,22,104488,10,1,30,1,100,0,0,6,65,0,0,0,0,49373,72,"Dallas-Fort Worth-Arlington, TX","Wholesale and retail buyers, except farm products"
"716096",0,15940,2022,2019,202203,4824589,13,444.3,1,404422,2,22,28246,15,2,13,1,100,0,0,2,23,0,0,0,0,9999999,0,"Canton-Massillon, OH","N/A (not applicable)"
"4308871",0,11460,2022,2021,202203,3294435,87,4817.2,1,344791,2,22,26212,111,2,20,2,200,0,0,6,63,0,0,0,0,0,0,"Ann Arbor, MI","N/A (not applicable)"
"2506614",0,47900,2022,2020,202203,6539294,7,4317.7,5,5636232,1,13,316146,9,2,7,8,814,0,0,1,14,0,0,0,0,9999999,0,"Washington-Arlington-Alexandria, DC-VA-MD-WV","N/A (not applicable)"
"9862222",3255,40900,2022,2022,202203,1050634,25,3152.4,1,2149127,1,13,441500,25,2,46,1,100,0,0,10,101,61,6107,0,0,140000,46,"Sacramento--Roseville--Arden-Arcade, CA","Registered nurses"
"6684154",120,28140,2022,2021,202203,3646139,59,909.8,5,2009342,1,12,35130,56,2,33,1,100,0,0,6,63,0,0,0,0,27023,68,"Kansas City, MO-KS","Financial managers"
"4464711",0,31080,2022,2022,202203,957843,10,4976,1,12828837,1,13,887000,12,2,15,1,100,0,0,3,30,0,0,0,0,0,0,"Los Angeles-Long Beach-Anaheim, CA","N/A (not applicable)"
"10214240",3602,0,2022,2019,202203,2644604,40,102.8,0,71755,1,13,169936,57,2,25,1,100,0,0,6,64,0,0,0,0,20668,13,"Not in identifiable area","Personal care aides"
"13529403",5860,31080,2022,2021,202203,815602,30,4472.8,1,12828837,2,22,32427,23,2,23,7,700,1,100,7,71,0,0,0,0,10809,44,"Los Angeles-Long Beach-Anaheim, CA","Office clerks, general"
"11862866",4700,19820,2022,2021,202203,3284701,70,3509,4,4296250,2,22,103768,70,2,50,1,100,0,0,8,81,0,0,0,0,56207,68,"Detroit-Warren-Dearborn, MI","First-line supervisors of retail sales workers"
"6539765",20,36540,2022,2020,202203,2504143,2,217,6,214646,2,22,96317,2,1,58,8,802,0,0,4,40,0,0,0,0,50991,68,"Omaha-Council Bluffs, NE-IA","General and operations managers"
"2521224",0,12940,2022,2020,202203,2772512,78,89.7,1,802484,1,13,33314,63,2,49,2,200,0,0,6,61,0,0,0,0,10652,0,"Baton Rouge, LA","N/A (not applicable)"
"15347300",9620,0,2022,2019,202203,2366022,66,1653.1,0,311552,2,22,66597,67,1,51,1,100,0,0,7,71,0,0,0,0,66597,8,"Not in identifiable area","Laborers and freight, stock, and material movers, hand"
"14064128",6442,31080,2022,2022,202203,1042710,7,6285.4,1,12828837,1,13,145000,7,1,68,1,100,0,0,8,81,0,0,0,0,105000,34,"Los Angeles-Long Beach-Anaheim, CA","Plumbers, pipefitters, and steamfitters"
"6547650",20,13820,2022,2019,202203,44292,5,135,6,1128047,1,13,113214,5,2,54,1,100,0,0,6,63,0,0,0,0,86116,68,"Birmingham-Hoover, AL","General and operations managers"
"9496455",2722,21660,2022,2019,202203,5144268,27,72.6,1,351715,1,13,62004,23,2,48,1,100,0,0,8,81,0,0,0,0,27557,64,"Eugene, OR","Coaches and scouts"
"7643060",710,47900,2022,2020,202203,6529700,2,595.7,5,5636232,1,13,192861,3,2,58,1,100,0,0,11,114,21,2102,0,0,120340,86,"Washington-Arlington-Alexandria, DC-VA-MD-WV","Management analysts"
"12715924",5110,35620,2022,2020,202203,4285900,19,122270.7,2,19567410,2,22,39660,18,2,54,1,100,0,0,10,101,23,2311,0,0,39660,44,"New York-Newark-Jersey City, NY-NJ-PA","Billing and posting clerks"
"1553512",0,0,2022,2020,202203,5073539,8,45.9,0,50022,1,12,73654,21,2,6,3,308,0,0,1,12,0,0,0,0,9999999,0,"Not in identifiable area","N/A (not applicable)"
"9515150",2752,41620,2022,2021,202203,6400155,25,4709.4,4,1087873,2,22,78366,25,2,23,1,100,0,0,6,63,0,0,0,0,1189,52,"Salt Lake City, UT","Musicians and singers"
"5964949",0,37980,2022,2021,202203,5426349,21,16139.2,2,5965343,1,13,141708,15,1,74,6,610,0,0,8,81,0,0,0,0,29293,0,"Philadelphia-Camden-Wilmington, PA-NJ-DE-MD","N/A (not applicable)"
"1957882",0,11700,2022,2021,202203,4686282,3,1159.8,6,424858,2,22,20537,4,1,72,2,200,0,0,6,64,0,0,0,0,20537,0,"Asheville, NC","N/A (not applicable)"
"11711881",4640,35620,2022,2018,202203,4106125,16,37242,2,19567410,1,13,108723,27,2,18,2,200,0,0,7,71,0,0,0,0,13093,26,"New York-Newark-Jersey City, NY-NJ-PA","Residential advisors"
"580044",0,0,2022,2018,202203,6637290,32,362.4,0,71271,1,13,197571,27,1,13,1,100,0,0,2,25,0,0,0,0,9999999,0,"Not in identifiable area","N/A (not applicable)"
"13983479",6355,38900,2022,2022,202203,5203752,11,2821,4,2226009,1,13,123000,10,1,52,1,100,0,0,8,81,0,0,0,0,92000,44,"Portland-Vancouver-Hillsboro, OR-WA","Electricians"
"6742820",136,0,2022,2019,202203,2375845,4,145.9,0,49649,2,22,146742,5,2,31,1,100,0,0,7,71,0,0,0,0,109081,68,"Not in identifiable area","Human resources managers"
"13137943",5400,33460,2022,2020,202203,6894471,13,168.5,5,759949,1,13,38527,13,2,58,1,100,0,0,6,65,0,0,0,0,38527,44,"Minneapolis-St. Paul-Bloomington, MN-WI","Receptionists and information clerks"
"2228598",0,33660,2022,2021,202203,73738,36,326,1,412992,1,13,168622,27,2,15,1,100,0,0,3,30,0,0,0,0,0,0,"Mobile, AL","N/A (not applicable)"
"438628",0,45300,2022,2021,202203,1608728,11,3864.8,1,2783243,1,13,95131,12,1,14,1,100,0,0,2,26,0,0,0,0,9999999,0,"Tampa-St. Petersburg-Clearwater, FL","N/A (not applicable)"
"4549505",0,31080,2022,2018,202203,459222,17,10422.1,1,12828837,1,13,100188,18,2,6,2,200,0,0,1,12,0,0,0,0,9999999,0,"Los Angeles-Long Beach-Anaheim, CA","N/A (not applicable)"
"13895164",6260,41740,2022,2021,202203,797923,28,4347.2,1,3095313,2,22,73502,29,1,21,8,826,1,100,7,71,0,0,0,0,43236,8,"San Diego-Carlsbad, CA","Construction laborers"
"8298002",1460,0,2022,2020,202203,3431191,4,50.1,0,26596,1,12,77394,5,1,57,1,100,0,0,10,101,24,2414,0,0,66855,82,"Not in identifiable area","Mechanical engineers"
"6053506",0,41860,2022,2022,202203,1001642,10,19539.8,1,4335391,1,12,51300,10,2,83,7,700,1,100,1,15,0,0,0,0,17600,0,"San Francisco-Oakland-Hayward, CA","N/A (not applicable)"
"4301966",0,47900,2022,2020,202203,2917002,40,6553.8,5,5636232,2,22,96317,66,1,1,2,200,4,416,0,1,0,0,0,0,9999999,0,"Washington-Arlington-Alexandria, DC-VA-MD-WV","N/A (not applicable)"
"3332835",0,41700,2022,2019,202203,5988134,14,3780.5,4,2142508,1,13,56745,18,1,11,1,100,1,100,2,22,0,0,0,0,9999999,0,"San Antonio-New Braunfels, TX","N/A (not applicable)"
"8422493",1745,42660,2022,2021,202203,6728938,18,2493.3,1,3439809,2,22,49073,17,1,37,8,815,0,0,11,114,13,1303,0,0,49073,18,"Seattle-Tacoma-Bellevue, WA","Environmental scientists and specialists, including health"
"1202837",0,0,2022,2018,202203,5886694,19,104.6,0,50654,1,12,42086,17,1,10,1,100,1,100,1,16,0,0,0,0,9999999,0,"Not in identifiable area","N/A (not applicable)"
"370507",0,0,2022,2021,202203,1167192,11,17.1,0,16732,1,12,115658,12,1,10,1,100,0,0,1,17,0,0,0,0,9999999,0,"Not in identifiable area","N/A (not applicable)"
"2002125",0,19100,2022,2018,202203,5893153,2,299.4,3,6426214,1,13,233812,2,2,60,3,399,0,0,6,65,0,0,0,0,0,0,"Dallas-Fort Worth-Arlington, TX","N/A (not applicable)"
"4563291",0,33460,2022,2020,202203,3413383,13,2365.5,5,3348859,0,0,9999999,13,1,75,1,100,0,0,6,63,0,0,0,0,18697,0,"Minneapolis-St. Paul-Bloomington, MN-WI","N/A (not applicable)"
"15547760",9645,14260,2022,2018,202203,2011153,9,699.1,5,616561,2,22,40917,9,1,21,1,100,0,0,6,64,0,0,0,0,40917,44,"Boise City, ID","Stockers and order fillers"
"9661384",3090,18580,2022,2021,202203,6149098,25,243.4,5,176467,1,13,162137,26,1,55,1,100,0,0,11,115,36,3600,0,0,162137,92,"Corpus Christi, TX","Physicians"
"11553497",4510,41620,2022,2022,202203,6416354,15,4935.6,4,1087873,1,13,201100,12,2,21,6,680,0,0,6,63,0,0,0,0,60000,17,"Salt Lake City, UT","Hairdressers, hairstylists, and cosmetologists"
"10729511",4020,29820,2022,2021,202203,3810509,47,5298,1,1951269,1,13,128629,59,1,18,2,200,0,0,5,50,0,0,0,0,1081,15,"Las Vegas-Henderson-Paradise, NV","Cooks"
"10365043",3630,46520,2022,2021,202203,1996504,7,3232.3,1,953207,1,13,97758,13,2,42,9,922,0,0,10,101,53,5301,0,0,1297,26,"Urban Honolulu, HI","Massage therapists"
"13955120",6305,0,2022,2021,202203,2529845,14,97.9,0,42070,1,12,99444,13,1,51,1,100,0,0,6,61,0,0,0,0,94039,24,"Not in identifiable area","Construction equipment operators"
"8847877",2205,0,2022,2018,202203,1094537,70,47,0,38260,1,13,395376,70,2,49,1,100,0,0,11,116,55,5501,0,0,126492,84,"Not in identifiable area","Postsecondary teachers"
"8517013",2002,45300,2022,2019,202203,1451730,13,3220.2,1,2783243,1,13,144675,8,2,65,1,100,2,200,10,101,23,2300,0,0,74634,65,"Tampa-St. Petersburg-Clearwater, FL","Educational, guidance, and career counselors and advisors"
"6401113",10,12060,2022,2018,202203,1794215,8,964.2,4,5286728,1,13,57635,11,2,23,2,200,0,0,8,81,0,0,0,0,15548,68,"Atlanta-Sandy Springs-Roswell, GA","Chief executives and legislators"
"268096",0,22180,2022,2022,202203,4721031,12,507,6,366351,1,13,32400,12,2,43,1,100,0,0,6,63,0,0,0,0,0,0,"Fayetteville, NC","N/A (not applicable)"
"4117351",0,31080,2022,2018,202203,389023,15,5842.6,1,12828837,1,12,57752,21,2,61,1,100,0,0,7,71,0,0,0,0,22914,0,"Los Angeles-Long Beach-Anaheim, CA","N/A (not applicable)"
"6587452",52,25540,2022,2021,202203,1262872,14,2903.8,1,1212381,1,13,183755,14,1,50,1,100,0,0,10,101,61,6199,0,0,172946,72,"Hartford-West Hartford-East Hartford, CT","Sales managers"
"10985843",4110,38060,2022,2022,202203,271879,15,3139.8,2,4192887,1,13,55200,17,2,18,6,600,0,0,6,65,0,0,0,0,400,16,"Phoenix-Mesa-Scottsdale, AZ","Waiters and waitresses"
"12809664",5150,25420,2022,2021,202203,5446754,32,3270.1,1,549475,1,13,114577,31,1,38,2,200,0,0,10,101,62,6200,0,0,70259,44,"Harrisburg-Carlisle, PA","Procurement clerks"
"15686348",9920,35620,2022,2018,202203,3857484,7,499.6,2,19567410,0,0,9999999,7,2,36,1,100,0,0,7,71,0,0,0,0,0,0,"New York-Newark-Jersey City, NY-NJ-PA","Unemployed, with no work experience in the last 5 years or earlier or never worked"
"10180218",3601,25540,2022,2018,202203,1211334,10,3647.8,1,1212381,1,12,115737,10,2,32,1,100,0,0,6,65,0,0,0,0,22212,13,"Hartford-West Hartford-East Hartford, CT","Home health aides"
"7385003",440,16740,2022,2019,202203,4587368,12,2656.3,6,2217012,1,13,236533,12,1,71,1,100,0,0,6,65,0,0,0,0,152713,68,"Charlotte-Concord-Gastonia, NC-SC","Other managers"
"14611142",8030,29820,2022,2022,202203,3818855,11,3127.3,1,1951269,1,13,52000,11,1,49,1,100,0,0,6,65,0,0,0,0,0,33,"Las Vegas-Henderson-Paradise, NV","Machinists"
"5045010",0,33100,2022,2020,202203,1522650,6,11029,2,5564635,2,22,99037,14,2,18,8,826,3,300,6,63,0,0,0,0,0,0,"Miami-Fort Lauderdale-West Palm Beach, FL","N/A (not applicable)"
"11108292",4140,0,2022,2021,202203,317916,10,506.2,0,280467,1,12,28212,11,2,64,1,100,0,0,10,101,62,6203,0,0,216,11,"Not in identifiable area","Dishwashers"
"15426304",9620,38060,2022,2020,202203,196523,31,5123.3,2,4192887,2,22,44204,32,1,35,2,200,0,0,6,63,0,0,0,0,44204,8,"Phoenix-Mesa-Scottsdale, AZ","Laborers and freight, stock, and material movers, hand"
"9523106",2752,10740,2022,2019,202203,4049756,20,3386.5,3,887077,2,22,145824,24,1,25,1,100,0,0,3,30,0,0,0,0,63152,52,"Albuquerque, NM","Musicians and singers"
"1808090",0,0,2022,2019,202203,1830229,31,254.5,0,84965,1,13,20668,31,2,68,1,100,0,0,11,114,53,5301,23,2303,20668,0,"Not in identifiable area","N/A (not applicable)"
"7121668",420,44100,2022,2022,202203,2286171,27,766.4,5,210170,2,22,46000,27,1,56,1,100,0,0,6,63,0,0,0,0,46000,68,"Springfield, IL","Social and community service managers"
"1854262",0,0,2022,2019,202203,1849296,4,53,0,22911,1,12,122170,3,2,19,1,100,1,100,7,71,0,0,0,0,0,0,"Not in identifiable area","N/A (not applicable)"
"10004795",3310,12420,2022,2019,202203,5947574,20,4843.8,4,1716289,2,22,114822,20,2,59,1,100,0,0,8,81,0,0,0,0,57411,48,"Austin-Round Rock, TX","Dental hygienists"
"10346186",3605,0,2022,2020,202203,6427889,3,134,0,46646,1,12,111728,2,1,69,1,100,0,0,11,114,52,5200,33,3301,66402,13,"Not in identifiable area","Orderlies and psychiatric aides"
"3141869",0,34940,2022,2018,202203,1333228,11,2664.6,1,321520,1,12,83354,10,1,83,1,100,0,0,11,114,23,2300,0,0,32149,0,"Naples-Immokalee-Marco Island, FL","N/A (not applicable)"
"14409899",7430,38060,2022,2018,202203,146052,18,3159.2,2,4192887,1,12,42390,18,1,66,1,100,0,0,6,63,0,0,0,0,26491,36,"Phoenix-Mesa-Scottsdale, AZ","Precision instrument and equipment repairers"
"213657",0,0,2022,2020,202203,3631718,11,46,0,10416,1,13,56657,10,1,0,1,100,0,0,0,1,0,0,0,0,9999999,0,"Not in identifiable area","N/A (not applicable)"
"11791580",4700,16740,2022,2022,202203,4701643,10,330.1,5,674905,1,13,663000,10,1,64,1,100,0,0,7,71,0,0,0,0,543000,68,"Charlotte-Concord-Gastonia, NC-SC","First-line supervisors of retail sales workers"
"9023260",2310,41500,2022,2019,202203,590289,23,551.1,6,773149,1,12,144331,22,1,37,1,100,0,0,10,101,52,5200,0,0,52474,72,"Salinas, CA","Elementary and middle school teachers"
"5278892",0,47260,2022,2020,202203,6518828,5,345.8,5,782978,2,22,61190,6,2,75,2,200,0,0,10,101,23,2310,52,5200,32861,0,"Virginia Beach-Norfolk-Newport News, VA-NC","N/A (not applicable)"
"14643809",8140,38060,2022,2021,202203,213700,24,3947,2,4192887,2,22,73502,24,1,25,1,100,0,0,6,65,0,0,0,0,43236,24,"Phoenix-Mesa-Scottsdale, AZ","Welding, soldering, and brazing workers"
"10108652",3500,0,2022,2022,202203,2293229,20,116,0,129135,1,12,47500,20,2,24,1,100,0,0,6,64,0,0,0,0,4500,22,"Not in identifiable area","Licensed practical and licensed vocational nurses"
"11912115",4710,0,2022,2021,202203,5665019,38,2599.4,0,228261,1,12,145923,38,1,66,1,100,0,0,10,101,55,5501,0,0,145923,68,"Not in identifiable area","First-line supervisors of non-retail sales workers"
"10799498",4020,0,2022,2020,202203,304901,7,170,0,54963,2,22,10198,6,2,44,1,100,0,0,6,65,0,0,0,0,10198,15,"Not in identifiable area","Cooks"
"13366057",5740,0,2022,2018,202203,6833514,17,438.8,0,131729,1,13,220368,35,2,20,1,100,0,0,7,71,0,0,0,0,4092,61,"Not in identifiable area","Secretaries and administrative assistants, except legal, medical, and executive"
"12568313",4920,19100,2022,2022,202203,6342185,11,4911.2,3,6426214,1,12,200000,13,1,24,1,100,0,0,10,101,62,6299,62,6207,80000,62,"Dallas-Fort Worth-Arlington, TX","Real estate brokers and sales agents"
"15657308",9830,0,2022,2020,202203,2588475,27,489.9,0,70893,2,22,14504,27,1,28,6,620,2,200,6,65,0,0,0,0,12465,18,"Not in identifiable area","Military, rank not specified"
"14887179",8990,40900,2022,2022,202203,1034922,11,5093.3,1,2149127,1,13,138400,15,2,32,6,600,0,0,8,81,0,0,0,0,53000,18,"Sacramento--Roseville--Arden-Arcade, CA","Miscellaneous production workers, including equipment operators and tenders"
"1038884",0,16980,2022,2018,202203,2085921,29,2387.6,2,9461105,1,13,102994,30,2,13,1,100,0,0,2,25,0,0,0,0,9999999,0,"Chicago-Naperville-Elgin, IL-IN-WI","N/A (not applicable)"
"2776571",0,45300,2022,2021,202203,1608277,26,3220.2,1,2783243,1,12,62228,25,2,74,1,100,0,0,7,71,0,0,0,0,20429,0,"Tampa-St. Petersburg-Clearwater, FL","N/A (not applicable)"
"3876038",0,17460,2022,2018,202203,4784766,52,6445.3,1,2077240,1,12,45360,60,2,11,2,200,0,0,2,22,0,0,0,0,9999999,0,"Cleveland-Elyria, OH","N/A (not applicable)"
"10506879",3870,38060,2022,2018,202203,139085,29,4442.1,2,4192887,1,13,163668,29,1,32,1,100,0,0,8,81,0,0,0,0,93525,39,"Phoenix-Mesa-Scottsdale, AZ","Police officers"
"11865946",4700,35620,2022,2019,202203,4215525,17,66316.6,2,19567410,1,13,264090,17,1,77,1,100,0,0,11,115,61,6108,0,0,241700,68,"New York-Newark-Jersey City, NY-NJ-PA","First-line supervisors of retail sales workers"
"12534876",4920,0,2022,2018,202203,1414980,22,236.3,0,61413,1,12,59038,22,1,80,1,100,0,0,6,63,0,0,0,0,49919,62,"Not in identifiable area","Real estate brokers and sales agents"
"12787499",5120,40900,2022,2021,202203,790470,13,4581,1,2149127,1,13,81068,9,2,38,6,640,0,0,6,63,0,0,0,0,81068,51,"Sacramento--Roseville--Arden-Arcade, CA","Bookkeeping, accounting, and auditing clerks"
"1878082",0,19100,2022,2019,202203,5985994,6,3265.8,3,6426214,1,13,112296,7,1,4,1,100,0,0,0,2,0,0,0,0,9999999,0,"Dallas-Fort Worth-Arlington, TX","N/A (not applicable)"
"7921711",1006,25060,2022,2022,202203,3548970,15,676.9,6,370702,1,12,112000,16,2,48,1,100,0,0,7,71,0,0,0,0,69000,65,"Gulfport-Biloxi-Pascagoula, MS","Computer systems analysts"
"11055512",4110,41940,2022,2022,202203,1021802,11,1911.8,4,1836911,1,12,107600,10,2,24,8,826,4,498,10,101,62,6200,0,0,9600,16,"San Jose-Sunnyvale-Santa Clara, CA","Waiters and waitresses"
"11971075",4720,48620,2022,2018,202203,2560025,3,960.5,5,630919,1,12,101241,2,1,17,1,100,0,0,4,40,0,0,0,0,1870,44,"Wichita, KS","Cashiers"
"11198473",4220,35620,2022,2018,202203,4161075,8,39183.8,2,19567410,1,13,70845,9,1,53,6,610,0,0,8,81,0,0,0,0,23381,9,"New York-Newark-Jersey City, NY-NJ-PA","Janitors and building cleaners"
"8603789",2016,12060,2022,2020,202203,1876639,31,4047.6,4,5286728,1,12,608497,31,2,49,1,100,0,0,10,101,55,5500,54,5404,67988,64,"Atlanta-Sandy Springs-Roswell, GA","Social and human service assistants"
"3665994",0,36740,2022,2020,202203,1534301,8,4504.4,4,2134411,1,13,110141,7,1,64,7,700,4,412,6,61,0,0,0,0,0,0,"Orlando-Kissimmee-Sanford, FL","N/A (not applicable)"
"9127190",2320,28100,2022,2018,202203,2096632,8,543.8,1,113449,1,12,68156,9,1,71,1,100,0,0,11,114,50,5007,0,0,30162,72,"Kankakee, IL","Secondary school teachers"
"10653015",4000,36100,2022,2021,202203,1635724,5,1037.9,1,331298,1,12,32427,12,1,62,4,400,0,0,0,2,0,0,0,0,16214,15,"Ocala, FL","Chefs and head cooks"
"2645294",0,13820,2022,2019,202203,34915,9,613.6,6,1128047,1,12,92431,20,2,78,2,200,0,0,11,115,23,2304,0,0,43632,0,"Birmingham-Hoover, AL","N/A (not applicable)"
"10052567",3421,40140,2022,2020,202203,757766,37,5777,1,4224851,1,13,49858,57,1,25,7,700,1,100,7,71,0,0,0,0,4533,48,"Riverside-San Bernardino-Ontario, CA","Pharmacy technicians"
"15318421",9610,0,2022,2019,202203,5980441,16,155.6,0,405603,1,13,69812,14,1,53,1,100,0,0,7,71,0,0,0,0,36743,8,"Not in identifiable area","Cleaners of vehicles and equipment"
"8771923",2205,49340,2022,2020,202203,3048535,6,6238.6,5,916980,1,12,337676,5,1,71,1,100,0,0,11,114,50,5007,0,0,128045,84,"Worcester, MA-CT","Postsecondary teachers"
"8126404",1105,41180,2022,2018,202203,3580966,18,2939.5,5,2787701,1,12,208981,18,1,60,1,100,0,0,10,101,24,2408,0,0,173021,65,"St. Louis, MO-IL","Network and computer systems administrators"
"764301",0,0,2022,2020,202203,3516463,16,80.9,0,38282,0,0,9999999,16,2,88,1,100,0,0,5,50,0,0,0,0,15864,0,"Not in identifiable area","N/A (not applicable)"
"2569424",0,0,2022,2021,202203,5786276,8,134.5,0,76139,1,13,50154,8,2,72,1,100,0,0,6,63,0,0,0,0,27023,0,"Not in identifiable area","N/A (not applicable)"
"7888424",910,28940,2022,2022,202203,5807047,12,560,6,837571,1,13,57000,12,1,38,1,100,0,0,10,101,62,6203,0,0,57000,68,"Knoxville, TN","Credit counselors and loan officers"
"71459",0,12580,2022,2021,202203,2923148,5,5543.5,3,2710489,0,0,9999999,5,1,63,1,100,0,0,6,63,0,0,0,0,0,0,"Baltimore-Columbia-Towson, MD","N/A (not applicable)"
"2510979",0,35620,2022,2021,202203,4370068,6,4596.4,2,19567410,1,12,812197,8,2,72,1,100,0,0,6,63,0,0,0,0,397127,0,"New York-Newark-Jersey City, NY-NJ-PA","N/A (not applicable)"
"9964446",3256,42660,2022,2022,202203,6783462,21,9770.3,1,3439809,1,13,179000,21,1,35,1,100,0,0,11,114,61,6107,0,0,179000,46,"Seattle-Tacoma-Bellevue, WA","Nurse anesthetists"
"14010093",6355,45060,2022,2018,202203,4117516,13,285.2,6,662577,1,13,121582,13,1,60,1,100,0,0,7,71,0,0,0,0,75989,44,"Syracuse, NY","Electricians"
"12502457",4850,41940,2022,2020,202203,763494,10,5506,4,1836911,1,13,169971,10,2,33,4,400,0,0,11,114,64,6402,0,0,56657,47,"San Jose-Sunnyvale-Santa Clara, CA","Sales representatives, wholesale and manufacturing"
"4742783",0,39340,2022,2018,202203,6362331,17,655.5,3,526810,2,22,45161,15,1,9,1,100,0,0,1,16,0,0,0,0,9999999,0,"Provo-Orem, UT","N/A (not applicable)"
"497653",0,14460,2022,2018,202203,2993645,27,5397.7,4,4552402,2,21,45476,33,1,19,7,700,2,200,6,63,0,0,0,0,0,0,"Boston-Cambridge-Newton, MA-NH","N/A (not applicable)"
"1718306",0,0,2022,2022,202203,6344011,9,62.6,0,12389,2,22,50100,16,2,30,1,100,0,0,6,61,0,0,0,0,7900,0,"Not in identifiable area","N/A (not applicable)"
"3909355",0,0,2022,2019,202203,4564261,14,224.7,0,134168,0,0,9999999,14,1,19,1,100,0,0,6,65,0,0,0,0,0,0,"Not in identifiable area","N/A (not applicable)"
"15430336",9620,37980,2022,2022,202203,5506025,3,706.6,2,5965343,1,13,24300,4,1,68,1,100,0,0,6,63,0,0,0,0,24300,8,"Philadelphia-Camden-Wilmington, PA-NJ-DE-MD","Laborers and freight, stock, and material movers, hand"
"8237718",1360,0,2022,2021,202203,4657029,18,133.3,0,29045,1,12,65611,21,1,68,1,100,0,0,11,114,24,2400,0,0,54046,84,"Not in identifiable area","Civil engineers"
"9663063",3090,0,2022,2020,202203,6897095,21,70.9,0,69829,1,13,283285,21,2,38,1,100,0,0,11,115,61,6107,0,0,260622,92,"Not in identifiable area","Physicians"
"14339356",7330,32580,2022,2022,202203,6355369,33,2868.6,1,774769,1,12,98000,33,1,62,8,826,1,100,7,71,0,0,0,0,25000,27,"McAllen-Edinburg-Mission, TX","Industrial and refractory machinery mechanics"
"6442690",10,45300,2022,2019,202203,1478690,8,4327.6,1,2783243,1,13,188308,8,1,70,1,100,0,0,10,101,62,6201,0,0,173381,68,"Tampa-St. Petersburg-Clearwater, FL","Chief executives and legislators"
"12883459",5240,16740,2022,2019,202203,4593510,10,2248.7,6,2217012,1,13,252608,9,2,61,1,100,0,0,6,63,0,0,0,0,0,44,"Charlotte-Concord-Gastonia, NC-SC","Customer service representatives"
"7689741",750,0,2022,2018,202203,5131830,18,4488.8,0,390738,1,12,37878,18,1,24,1,100,1,100,6,63,0,0,0,0,21043,66,"Not in identifiable area","Business operations specialists, all other"
"776003",0,0,2022,2019,202203,4229014,14,86.1,0,66583,1,13,42231,13,1,12,1,100,0,0,2,22,0,0,0,0,9999999,0,"Not in identifiable area","N/A (not applicable)"
"6945477",230,26900,2022,2020,202203,2393656,8,2850.1,1,1887877,1,13,171104,7,2,56,1,100,0,0,11,116,23,2300,0,0,79320,72,"Indianapolis-Carmel-Anderson, IN","Education and childcare administrators"
"9517880",2752,33100,2022,2021,202203,1630168,15,4917.8,2,5564635,1,13,545860,18,2,40,1,100,0,0,11,114,52,5200,0,0,3243,52,"Miami-Fort Lauderdale-West Palm Beach, FL","Musicians and singers"
"15439280",9620,26900,2022,2022,202203,2447479,25,2194,1,1887877,1,12,528800,25,1,16,1,100,0,0,3,30,0,0,0,0,1200,8,"Indianapolis-Carmel-Anderson, IN","Laborers and freight, stock, and material movers, hand"
"4933236",0,32820,2022,2022,202203,3545762,19,786.8,5,1324829,1,13,97000,22,2,65,1,100,0,0,6,63,0,0,0,0,30000,0,"Memphis, TN-MS-AR","N/A (not applicable)"
"9266246",2360,17300,2022,2021,202203,5776925,22,624.3,6,210541,1,13,59450,25,1,40,1,100,0,0,8,81,0,0,0,0,59450,18,"Clarksville, TN-KY","Other teachers and instructors"
"8675200",2100,47900,2022,2021,202203,6567573,17,11162.8,5,5636232,1,13,647466,19,1,57,1,100,0,0,11,115,54,5402,0,0,635576,93,"Washington-Arlington-Alexandria, DC-VA-MD-WV","Lawyers, and judges, magistrates, and other judicial workers"
"5879584",0,38900,2022,2018,202203,5129324,7,3006,5,2226009,2,22,72482,6,1,8,1,100,0,0,1,14,0,0,0,0,9999999,0,"Portland-Vancouver-Hillsboro, OR-WA","N/A (not applicable)"
"10495145",3802,16980,2022,2022,202203,2292075,14,3371.1,3,9461105,1,13,94100,21,1,49,1,100,0,0,6,63,0,0,0,0,90000,34,"Chicago-Naperville-Elgin, IL-IN-WI","Correctional officers and jailers"
"1646177",0,0,2022,2022,202203,4995898,6,283.6,0,431219,1,13,36000,8,1,5,1,100,0,0,0,2,0,0,0,0,9999999,0,"Not in identifiable area","N/A (not applicable)"
"13396636",5740,35620,2022,2020,202203,3939277,8,14354,2,19567410,2,22,161450,10,2,61,1,100,0,0,10,101,33,3301,60,6002,35694,61,"New York-Newark-Jersey City, NY-NJ-PA","Secretaries and administrative assistants, except legal, medical, and executive"
"796914",0,0,2022,2021,202203,3532388,15,80.9,0,38282,1,12,57288,14,1,81,1,100,0,0,6,63,0,0,0,0,45831,0,"Not in identifiable area","N/A (not applicable)"
"12504248",4850,41620,2022,2021,202203,6397986,36,3381.6,4,1087873,1,12,97282,36,1,37,1,100,0,0,7,71,0,0,0,0,97282,47,"Salt Lake City, UT","Sales representatives, wholesale and manufacturing"
"8519145",2002,49620,2022,2020,202203,5372228,5,487.6,1,434972,1,13,98583,5,2,39,1,100,0,0,11,114,52,5200,0,0,36261,65,"York-Hanover, PA","Educational, guidance, and career counselors and advisors"
"4342537",0,38060,2022,2021,202203,213979,23,3159.2,2,4192887,2,22,178242,20,2,78,1,100,0,0,6,63,0,0,0,0,7458,0,"Phoenix-Mesa-Scottsdale, AZ","N/A (not applicable)"
"10076576",3423,18140,2022,2019,202203,4851599,20,478.7,5,1901974,2,22,87265,15,2,23,1,100,0,0,8,81,0,0,0,0,25261,48,"Columbus, OH","Surgical technologists"
"1311349",0,0,2022,2021,202203,2678563,7,108.2,0,64010,2,22,17511,6,2,74,1,100,0,0,7,71,0,0,0,0,17511,0,"Not in identifiable area","N/A (not applicable)"
"4197499",0,36740,2022,2020,202203,1541047,11,1228.7,4,2134411,2,22,61190,13,1,5,1,100,0,0,1,12,0,0,0,0,9999999,0,"Orlando-Kissimmee-Sanford, FL","N/A (not applicable)"
"10576434",3930,0,2022,2020,202203,4331066,3,151.3,0,56590,1,13,183286,4,1,65,1,100,0,0,6,64,0,0,0,0,144079,8,"Not in identifiable area","Security guards and gaming surveillance officers"
"11783678",4700,30140,2022,2022,202203,5501832,27,911.2,1,133568,1,13,248000,27,1,42,1,100,0,0,2,26,0,0,0,0,200000,68,"Lebanon, PA","First-line supervisors of retail sales workers"
"5926645",0,46700,2022,2019,202203,629345,30,1882.9,1,413344,1,13,74634,31,1,6,8,801,0,0,1,11,0,0,0,0,9999999,0,"Vallejo-Fairfield, CA","N/A (not applicable)"
"12784909",5120,33100,2022,2021,202203,1640802,13,6000.1,2,5564635,1,13,67017,15,1,54,8,826,4,498,7,71,0,0,0,0,48641,51,"Miami-Fort Lauderdale-West Palm Beach, FL","Bookkeeping, accounting, and auditing clerks"
"15607375",9645,12420,2022,2020,202203,6090722,29,1410,4,1716289,2,22,130311,23,1,41,1,100,0,0,8,81,0,0,0,0,16997,44,"Austin-Round Rock, TX","Stockers and order fillers"
"14222121",7200,31080,2022,2018,202203,437148,17,18546.7,1,12828837,1,13,128597,20,1,30,7,700,1,100,2,26,0,0,0,0,45593,19,"Los Angeles-Long Beach-Anaheim, CA","Automotive service technicians and mechanics"
"3141212",0,47260,2022,2019,202203,6486246,32,5420.5,5,1676822,2,22,43896,32,2,68,6,600,0,0,10,101,61,6105,0,0,0,0,"Virginia Beach-Norfolk-Newport News, VA-NC","N/A (not applicable)"
"8044368",1021,20700,2022,2019,202203,5295660,9,401.1,1,169842,1,12,194164,10,2,48,6,640,0,0,10,101,62,6203,0,0,103340,65,"East Stroudsburg, PA","Software developers"
"5693242",0,42100,2022,2019,202203,528486,17,4615.4,1,262382,2,22,131815,8,2,15,9,976,1,100,2,26,0,0,0,0,0,0,"Santa Cruz-Watsonville, CA","N/A (not applicable)"
"4722789",0,19740,2022,2019,202203,1109543,15,5096.3,4,2543482,1,12,64530,34,1,0,2,200,0,0,0,1,0,0,0,0,9999999,0,"Denver-Aurora-Lakewood, CO","N/A (not applicable)"
"13273070",5610,41100,2022,2020,202203,6387250,6,351.2,1,138115,2,22,39433,7,2,23,8,826,4,416,6,65,0,0,0,0,22663,22,"St. George, UT","Shipping, receiving, and inventory clerks"
"11844808",4700,0,2022,2018,202203,3494087,20,80.9,0,38282,1,13,77158,21,2,40,1,100,0,0,6,64,0,0,0,0,30396,68,"Not in identifiable area","First-line supervisors of retail sales workers"
"14379718",7340,0,2022,2018,202203,2342060,12,76.4,0,323150,1,13,44424,13,1,62,1,100,0,0,6,64,0,0,0,0,3507,27,"Not in identifiable area","Maintenance and repair workers, general"
"3376529",0,40140,2022,2021,202203,857002,19,2902.9,1,4224851,1,13,201914,27,2,12,1,100,0,0,2,23,0,0,0,0,9999999,0,"Riverside-San Bernardino-Ontario, CA","N/A (not applicable)"
"508417",0,14460,2022,2019,202203,3010043,5,10218.1,4,4552402,0,0,9999999,5,2,19,1,100,0,0,6,65,0,0,0,0,0,0,"Boston-Cambridge-Newton, MA-NH","N/A (not applicable)"
"9069016",2310,40380,2022,2021,202203,4358037,11,2451.9,6,1079671,1,12,30374,10,2,75,1,100,0,0,10,101,23,2304,0,0,9080,72,"Rochester, NY","Elementary and middle school teachers"
"7945989",1007,12420,2022,2022,202203,6270263,12,4079.5,3,1716289,1,13,172100,14,1,48,1,100,0,0,11,114,21,2106,0,0,114100,65,"Austin-Round Rock, TX","Information security analysts"
"11262071",4220,0,2022,2022,202203,1942684,16,318,0,84965,1,13,24140,16,2,47,1,100,0,0,6,63,0,0,0,0,24000,9,"Not in identifiable area","Janitors and building cleaners"
"10571935",3930,10740,2022,2020,202203,4060073,17,3386.5,3,887077,1,13,211954,53,1,26,1,100,0,0,6,63,0,0,0,0,16997,8,"Albuquerque, NM","Security guards and gaming surveillance officers"
"313767",0,22500,2022,2020,202203,5592269,22,299.1,1,205566,1,13,166232,61,2,14,1,100,0,0,2,26,0,0,0,0,9999999,0,"Florence, SC","N/A (not applicable)"
"15268285",9365,31080,2022,2019,202203,522831,21,16581.5,1,12828837,2,22,655632,22,1,48,7,700,4,416,6,63,0,0,0,0,655632,19,"Los Angeles-Long Beach-Anaheim, CA","Transportation service attendants"
"4805133",0,47300,2022,2019,202203,611831,15,2210.3,1,442179,2,22,186585,17,2,13,1,100,0,0,2,23,0,0,0,0,9999999,0,"Visalia-Porterville, CA","N/A (not applicable)"
"3858345",0,37860,2022,2020,202203,1554689,15,1817.5,1,448991,1,12,95637,16,1,77,1,100,0,0,10,101,25,2502,0,0,95637,0,"Pensacola-Ferry Pass-Brent, FL","N/A (not applicable)"
"10765146",4020,0,2022,2022,202203,3678821,5,111.5,0,89314,1,12,42000,5,2,63,1,100,0,0,6,63,0,0,0,0,22000,15,"Not in identifiable area","Cooks"
"1665374",0,35620,2022,2019,202203,4190586,10,4224.1,2,19567410,1,13,775047,10,2,43,1,100,0,0,11,115,23,2300,0,0,0,0,"New York-Newark-Jersey City, NY-NJ-PA","N/A (not applicable)"
"8265707",1410,45300,2022,2019,202203,1485951,11,1103.4,1,2783243,2,21,139738,11,1,61,1,100,0,0,10,101,24,2408,0,0,86116,84,"Tampa-St. Petersburg-Clearwater, FL","Electrical and electronics engineers"
"418337",0,0,2022,2022,202203,3361073,24,80.8,0,32078,2,21,79500,2,1,3,1,100,0,0,1,12,0,0,0,0,9999999,0,"Not in identifiable area","N/A (not applicable)"
"12750645",5120,39580,2022,2019,202203,4587294,39,882.9,5,1130490,1,13,93006,38,2,34,2,200,0,0,6,63,0,0,0,0,48799,51,"Raleigh, NC","Bookkeeping, accounting, and auditing clerks"
"11015760",4110,29820,2022,2019,202203,3788747,55,5634,1,1951269,1,13,47077,54,2,44,1,100,0,0,10,101,41,4101,0,0,47077,16,"Las Vegas-Henderson-Paradise, NV","Waiters and waitresses"
"11619078",4600,0,2022,2022,202203,5109487,39,98.6,0,79692,1,13,102800,32,2,17,1,100,0,0,6,61,0,0,0,0,12000,26,"Not in identifiable area","Childcare workers"
"13591871",5860,46060,2022,2019,202203,162464,45,338.5,1,980263,1,12,42484,46,1,31,1,100,0,0,6,65,0,0,0,0,42484,44,"Tucson, AZ","Office clerks, general"
"12233936",4760,0,2022,2021,202203,6132320,13,66.1,0,298219,0,0,9999999,13,2,19,2,200,0,0,6,65,0,0,0,0,0,47,"Not in identifiable area","Retail salespersons"
"7354431",440,31080,2022,2019,202203,621111,8,383.7,1,12828837,1,13,197493,9,2,61,7,700,4,416,10,101,62,6203,0,0,99895,68,"Los Angeles-Long Beach-Anaheim, CA","Other managers"
"7655398",725,38060,2022,2021,202203,226740,12,3733.7,2,4192887,1,13,203211,13,2,59,1,100,0,0,6,63,0,0,0,0,0,68,"Phoenix-Mesa-Scottsdale, AZ","Meeting, convention, and event planners"
"6311923",0,42660,2022,2022,202203,6765621,31,5466.6,1,3439809,2,22,800,28,2,6,6,689,0,0,1,12,0,0,0,0,9999999,0,"Seattle-Tacoma-Bellevue, WA","N/A (not applicable)"
"2297961",0,12420,2022,2018,202203,5912345,27,4001.1,4,1716289,2,22,29226,31,1,14,1,100,1,100,2,25,0,0,0,0,9999999,0,"Austin-Round Rock, TX","N/A (not applicable)"
"7094652",410,32900,2022,2019,202203,529495,10,1817,1,255793,2,22,67860,11,2,28,1,100,1,100,6,65,0,0,0,0,2411,32,"Merced, CA","Property, real estate, and community association managers"
"11656728",4600,41860,2022,2018,202203,375835,23,6198.5,1,4335391,1,13,803962,26,1,16,1,100,1,100,4,40,0,0,0,0,2455,26,"San Francisco-Oakland-Hayward, CA","Childcare workers"
"12905625",5240,33100,2022,2021,202203,1587503,22,4865.1,2,5564635,2,22,54046,22,2,37,1,100,2,200,8,81,0,0,0,0,54046,44,"Miami-Fort Lauderdale-West Palm Beach, FL","Customer service representatives"
"10468388",3740,19100,2022,2018,202203,5912693,18,2476,3,6426214,1,13,259765,18,1,59,1,100,0,0,10,101,54,5401,0,0,129766,37,"Dallas-Fort Worth-Arlington, TX","Firefighters"
"9109757",2320,44100,2022,2019,202203,2142410,8,803.1,5,210170,1,12,140898,12,2,64,1,100,0,0,11,114,23,2313,0,0,45814,72,"Springfield, IL","Secondary school teachers"
"1316088",0,0,2022,2022,202203,4473591,21,3190.3,0,251725,2,22,39000,24,1,55,1,100,0,0,6,63,0,0,0,0,9000,0,"Not in identifiable area","N/A (not applicable)"
"6200052",0,19740,2022,2021,202203,1166366,39,3603,4,2543482,1,13,102687,42,1,11,1,100,0,0,2,22,0,0,0,0,9999999,0,"Denver-Aurora-Lakewood, CO","N/A (not applicable)"
"4647243",0,41180,2022,2022,202203,2267818,3,715.8,5,2787701,0,0,9999999,3,1,73,1,100,0,0,7,71,0,0,0,0,0,0,"St. Louis, MO-IL","N/A (not applicable)"
"2810310",0,0,2022,2018,202203,3726144,25,33.6,0,12198,2,22,55297,35,2,9,1,100,0,0,1,16,0,0,0,0,9999999,0,"Not in identifiable area","N/A (not applicable)"
"10872147",4040,27060,2022,2018,202203,4100977,8,564.1,1,101564,2,22,34838,9,1,29,1,100,2,200,7,71,0,0,0,0,25719,19,"Ithaca, NY","Bartenders"
"8430025",1760,0,2022,2020,202203,1880528,10,1537.1,0,192541,2,22,67988,10,1,26,1,100,0,0,11,114,36,3600,0,0,22663,80,"Not in identifiable area","Physical scientists, all other"
"9149395",2320,42540,2022,2020,202203,5344666,2,342.8,6,563631,1,13,151841,3,2,39,1,100,0,0,10,101,23,2304,23,2310,54391,72,"Scranton--Wilkes-Barre--Hazleton, PA","Secondary school teachers"
"9922841",3255,26420,2022,2019,202203,6040641,9,374,3,5920416,1,13,386949,9,2,34,1,100,0,0,11,114,61,6107,0,0,132045,46,"Houston-The Woodlands-Sugar Land, TX","Registered nurses"
"8031337",1021,38300,2022,2019,202203,5291893,16,8761.4,5,2356285,2,22,73716,15,1,43,5,500,0,0,11,114,33,3301,0,0,51096,65,"Pittsburgh, PA","Software developers"
"4295850",0,19100,2022,2019,202203,6019657,1,204.8,3,6426214,1,12,16649,1,1,79,1,100,0,0,6,64,0,0,0,0,12516,0,"Dallas-Fort Worth-Arlington, TX","N/A (not applicable)"
"9559029",2850,31080,2022,2019,202203,563046,10,10725.6,1,12828837,2,22,166836,10,2,44,1,100,0,0,1,17,0,0,0,0,91857,76,"Los Angeles-Long Beach-Anaheim, CA","Writers and authors"
"9541093",2825,45940,2022,2022,202203,4007782,17,2624,1,366517,1,12,284500,19,2,26,1,100,0,0,10,101,19,1904,0,0,60000,82,"Trenton, NJ","Public relations specialists"
"8081186",1050,39580,2022,2022,202203,4718608,24,2019,5,1130490,1,13,481000,23,1,31,1,100,0,0,7,71,0,0,0,0,371000,65,"Raleigh, NC","Computer support specialists"
"3018490",0,15180,2022,2022,202203,6308064,8,4525,1,406220,2,22,376600,6,2,76,7,700,1,100,6,63,0,0,0,0,9600,0,"Brownsville-Harlingen, TX","N/A (not applicable)"
"8908763",2300,37980,2022,2021,202203,1301601,39,886.9,2,5965343,2,22,54046,38,2,28,1,100,0,0,10,101,23,2304,0,0,54046,72,"Philadelphia-Camden-Wilmington, PA-NJ-DE-MD","Preschool and kindergarten teachers"
"12017730",4720,39300,2022,2022,202203,5532808,23,601.7,1,1600852,0,0,9999999,23,1,20,2,200,0,0,6,63,0,0,0,0,23300,44,"Providence-Warwick, RI-MA","Cashiers"
"4204604",0,10740,2022,2021,202203,4071016,3,528.7,3,887077,1,12,24537,2,2,85,8,826,4,498,7,71,0,0,0,0,8972,0,"Albuquerque, NM","N/A (not applicable)"
"13566081",5860,0,2022,2018,202203,2078556,36,247.7,0,80731,2,22,17103,36,1,24,1,100,0,0,8,81,0,0,0,0,16718,44,"Not in identifiable area","Office clerks, general"
"8847763",2205,28140,2022,2021,202203,2593320,12,2277.3,5,2009342,1,12,722049,12,2,45,1,100,0,0,11,116,36,3600,50,5003,183755,84,"Kansas City, MO-KS","Postsecondary teachers"
"3987308",0,29820,2022,2020,202203,3797258,5,4648.9,1,1951269,1,12,31388,8,1,51,1,100,0,0,6,63,0,0,0,0,9065,0,"Las Vegas-Henderson-Paradise, NV","N/A (not applicable)"
"9719742",3150,47900,2022,2022,202203,6593056,16,4349.4,4,5636232,1,13,62000,15,2,26,1,100,0,0,11,114,34,3401,0,0,62000,58,"Washington-Arlington-Alexandria, DC-VA-MD-WV","Occupational therapists"
"5101134",0,38060,2022,2018,202203,154891,21,1218,2,4192887,1,13,85341,26,1,2,1,100,1,100,0,1,0,0,0,0,9999999,0,"Phoenix-Mesa-Scottsdale, AZ","N/A (not applicable)"
"14754681",8640,19100,2022,2022,202203,6289553,44,4932.6,3,6426214,1,13,117700,46,1,59,8,826,4,413,4,40,0,0,0,0,30000,18,"Dallas-Fort Worth-Arlington, TX","Chemical processing machine setters, operators, and tenders"
"15709905",9920,35620,2022,2022,202203,4018436,19,4375.8,2,19567410,1,13,42000,20,2,36,1,100,0,0,6,63,0,0,0,0,0,0,"New York-Newark-Jersey City, NY-NJ-PA","Unemployed, with no work experience in the last 5 years or earlier or never worked"
"14191854",7130,19100,2022,2018,202203,5883442,18,5574.4,3,6426214,1,13,249325,17,1,23,1,100,0,0,8,81,0,0,0,0,23182,44,"Dallas-Fort Worth-Arlington, TX","Security and fire alarm systems installers"
"12620886",5000,0,2022,2021,202203,6396655,33,26,0,19776,1,13,43236,45,2,30,3,315,0,0,8,81,0,0,0,0,0,68,"Not in identifiable area","First-line supervisors of office and administrative support workers"
"8687229",2100,35620,2022,2018,202203,4160549,23,5988.4,2,19567410,1,13,1180750,23,2,44,1,100,0,0,11,115,64,6402,0,0,771580,93,"New York-Newark-Jersey City, NY-NJ-PA","Lawyers, and judges, magistrates, and other judicial workers"
"2257945",0,39300,2022,2018,202203,5518314,9,1994.4,4,1600852,1,12,8183,9,1,74,1,100,0,0,11,115,52,5200,0,0,4676,0,"Providence-Warwick, RI-MA","N/A (not applicable)"
"9515847",2752,44140,2022,2022,202203,3130518,12,1180.4,5,621570,1,12,230000,11,2,57,1,100,0,0,8,81,0,0,0,0,80000,52,"Springfield, MA","Musicians and singers"
"13638132",5940,14260,2022,2020,202203,2021637,8,1359.4,5,616561,0,0,9999999,8,1,19,1,100,0,0,6,65,0,0,0,0,2266,44,"Boise City, ID","Other office and administrative support workers"
"971217",0,16980,2022,2018,202203,2335740,15,4177.7,2,9461105,1,13,44424,16,1,9,1,100,0,0,1,16,0,0,0,0,9999999,0,"Chicago-Naperville-Elgin, IL-IN-WI","N/A (not applicable)"
"4780989",0,29820,2022,2019,202203,3784527,12,1530,1,1951269,2,22,97598,15,1,14,1,100,1,100,2,26,0,0,0,0,9999999,0,"Las Vegas-Henderson-Paradise, NV","N/A (not applicable)"
"7817664",820,0,2022,2018,202203,5128461,22,537.6,0,102332,1,12,64602,17,1,29,1,100,0,0,7,71,0,0,0,0,64064,68,"Not in identifiable area","Budget analysts"
"13910715",6260,33460,2022,2018,202203,3377105,9,97.5,5,837201,1,13,237319,24,1,33,1,100,0,0,6,64,0,0,0,0,52608,8,"Minneapolis-St. Paul-Bloomington, MN-WI","Construction laborers"
"14796102",8740,14860,2022,2018,202203,1213041,37,1542.8,1,916829,1,13,143794,38,2,50,6,640,0,0,3,30,0,0,0,0,38579,18,"Bridgeport-Stamford-Norwalk, CT","Inspectors, testers, sorters, samplers, and weighers"
"204385",0,0,2022,2022,202203,5799374,8,215,0,75910,1,13,69000,9,1,85,1,100,0,0,10,101,24,2400,0,0,63000,0,"Not in identifiable area","N/A (not applicable)"
"12281735",4760,49340,2022,2018,202203,3003141,15,458.7,5,916980,1,13,226213,27,2,18,1,100,0,0,5,50,0,0,0,0,10638,47,"Worcester, MA-CT","Retail salespersons"
"2262704",0,0,2022,2019,202203,5277771,3,316.2,0,149618,0,0,9999999,3,2,85,1,100,0,0,7,71,0,0,0,0,18486,0,"Not in identifiable area","N/A (not applicable)"
"2477979",0,30780,2022,2018,202203,285106,10,818.3,4,699757,1,12,61376,10,2,15,1,100,0,0,2,26,0,0,0,0,0,0,"Little Rock-North Little Rock-Conway, AR","N/A (not applicable)"
"12171930",4760,0,2022,2019,202203,2574808,12,58.2,0,36858,1,13,72912,15,2,38,1,100,0,0,6,65,0,0,0,0,28131,47,"Not in identifiable area","Retail salespersons"
"5266228",0,42660,2022,2022,202203,6760563,13,13564.8,1,3439809,1,13,275300,13,1,73,1,100,0,0,11,114,62,6203,0,0,215300,0,"Seattle-Tacoma-Bellevue, WA","N/A (not applicable)"
"11551570",4510,33340,2022,2018,202203,6841683,23,1617.5,1,1555908,1,13,95863,23,2,35,1,100,0,0,10,101,62,6206,0,0,14029,17,"Milwaukee-Waukesha-West Allis, WI","Hairdressers, hairstylists, and cosmetologists"
"8476109",1935,0,2022,2018,202203,2064907,18,1168.3,0,379186,1,13,82302,18,1,26,1,100,0,0,6,63,0,0,0,0,77742,53,"Not in identifiable area","Environmental science and geoscience technicians, and nuclear technicians"
"12792866",5120,20100,2022,2019,202203,1292860,15,550.2,1,162310,1,12,41910,15,2,63,1,100,0,0,7,71,0,0,0,0,41910,51,"Dover, DE","Bookkeeping, accounting, and auditing clerks"
"3586916",0,35620,2022,2018,202203,4161025,13,1500.3,2,19567410,1,13,105215,13,2,7,1,100,1,100,1,14,0,0,0,0,9999999,0,"New York-Newark-Jersey City, NY-NJ-PA","N/A (not applicable)"
"7845440",850,0,2022,2021,202203,4653447,24,1418,0,504357,1,13,101606,19,1,29,1,100,0,0,10,101,52,5200,0,0,46479,73,"Not in identifiable area","Personal financial advisors"
"10664050",4010,0,2022,2019,202203,2379499,31,908.6,0,319224,2,22,71764,31,1,31,1,100,0,0,6,63,0,0,0,0,37317,68,"Not in identifiable area","First-line supervisors of food preparation and serving workers"
"10308626",3603,0,2022,2021,202203,3438378,5,62.1,0,134323,0,0,9999999,5,2,45,2,200,0,0,6,64,0,0,0,0,4324,13,"Not in identifiable area","Nursing assistants"
"5546101",0,39340,2022,2019,202203,6380889,6,4033.8,3,526810,1,12,366281,7,2,80,1,100,0,0,8,81,0,0,0,0,6889,0,"Provo-Orem, UT","N/A (not applicable)"
"4532386",0,12060,2022,2021,202203,1916229,134,2484.6,4,5286728,1,13,62801,250,2,8,2,200,0,0,1,14,0,0,0,0,9999999,0,"Atlanta-Sandy Springs-Roswell, GA","N/A (not applicable)"
"12059481",4720,31080,2022,2019,202203,515022,17,7396.1,1,12828837,2,22,41336,19,1,22,6,600,0,0,6,61,0,0,0,0,12630,44,"Los Angeles-Long Beach-Anaheim, CA","Cashiers"
"8175864",1200,30780,2022,2021,202203,321188,23,2190.6,4,699757,1,13,273146,20,1,60,1,100,0,0,11,114,37,3700,0,0,166460,81,"Little Rock-North Little Rock-Conway, AR","Actuaries"
"4634115",0,37340,2022,2022,202203,1678468,4,2565.8,1,543376,0,0,9999999,4,2,95,1,100,0,0,7,71,0,0,0,0,0,0,"Palm Bay-Melbourne-Titusville, FL","N/A (not applicable)"
"2169050",0,12060,2022,2021,202203,1925051,13,3598.4,4,5286728,1,13,64855,10,2,55,7,700,4,423,0,2,0,0,0,0,0,0,"Atlanta-Sandy Springs-Roswell, GA","N/A (not applicable)"
"7840112",850,0,2022,2022,202203,4018484,24,1029.5,0,156900,1,13,135000,25,2,39,1,100,0,0,11,114,37,3700,0,0,85000,73,"Not in identifiable area","Personal financial advisors"
"1103401",0,27140,2022,2018,202203,3491652,9,2674.3,5,567122,1,13,62428,8,1,80,1,100,0,0,10,101,62,6200,0,0,62428,0,"Jackson, MS","N/A (not applicable)"
"2914294",0,33460,2022,2020,202203,3429754,5,1081,5,3348859,1,13,128951,4,1,10,1,100,0,0,1,16,0,0,0,0,9999999,0,"Minneapolis-St. Paul-Bloomington, MN-WI","N/A (not applicable)"
"13755147",6210,0,2022,2021,202203,1927690,10,65.8,0,40679,1,13,37832,15,1,34,1,100,0,0,6,65,0,0,0,0,37832,39,"Not in identifiable area","Boilermakers"
"6805021",160,38900,2022,2018,202203,5125952,20,6154.9,5,2226009,1,13,64298,16,1,51,1,100,0,0,6,61,0,0,0,0,47931,68,"Portland-Vancouver-Hillsboro, OR-WA","Transportation, storage, and distribution managers"
"2258114",0,31080,2022,2022,202203,964403,6,10624.6,1,12828837,1,12,61200,5,2,86,1,100,0,0,5,50,0,0,0,0,0,0,"Los Angeles-Long Beach-Anaheim, CA","N/A (not applicable)"
"15718672",9920,40140,2022,2021,202203,803993,38,1348.2,1,4224851,2,22,86473,45,2,18,1,100,1,100,6,63,0,0,0,0,0,0,"Riverside-San Bernardino-Ontario, CA","Unemployed, with no work experience in the last 5 years or earlier or never worked"
"11702281",4622,35620,2022,2021,202203,3984526,35,3911.6,2,19567410,2,22,27455,35,1,22,1,100,0,0,8,81,0,0,0,0,540,52,"New York-Newark-Jersey City, NY-NJ-PA","Recreation workers"
"10234082",3602,26420,2022,2022,202203,6270335,5,4457.8,3,5920416,2,22,54500,6,2,68,7,700,0,0,6,65,0,0,0,0,14900,13,"Houston-The Woodlands-Sugar Land, TX","Personal care aides"
"2974913",0,14860,2022,2021,202203,1257249,30,1371.2,1,916829,1,13,272390,31,2,7,1,100,0,0,1,14,0,0,0,0,9999999,0,"Bridgeport-Stamford-Norwalk, CT","N/A (not applicable)"
"2795836",0,0,2022,2018,202203,6791433,11,274,0,77740,1,13,87446,24,2,8,1,100,0,0,1,15,0,0,0,0,9999999,0,"Not in identifiable area","N/A (not applicable)"
"8219272",1320,41740,2022,2022,202203,1027262,11,3760.8,1,3095313,1,13,197000,12,1,40,1,100,0,0,10,101,55,5501,0,0,100000,87,"San Diego-Carlsbad, CA","Aerospace engineers"
"13233653",5560,38060,2022,2022,202203,274008,17,4594.1,2,4192887,1,13,71100,25,1,46,8,826,1,100,0,2,0,0,0,0,1800,44,"Phoenix-Mesa-Scottsdale, AZ","Postal service mail sorters, processors, and processing machine operators"
"1918985",0,0,2022,2019,202203,4750616,3,34.3,0,9713,1,13,42140,4,1,81,1,100,0,0,6,63,0,0,0,0,0,0,"Not in identifiable area","N/A (not applicable)"
"15703236",9920,39580,2022,2019,202203,4579017,35,177.5,5,207180,1,12,6889,36,1,56,2,200,0,0,6,63,0,0,0,0,6889,0,"Raleigh, NC","Unemployed, with no work experience in the last 5 years or earlier or never worked"
"3798002",0,17140,2022,2019,202203,2646504,27,411.9,4,1036221,1,13,39613,27,1,67,1,100,0,0,2,25,0,0,0,0,16420,0,"Cincinnati, OH-KY-IN","N/A (not applicable)"
"11192011",4220,0,2022,2022,202203,249500,4,22.8,0,91319,1,12,20000,4,1,60,3,315,0,0,6,63,0,0,0,0,20000,9,"Not in identifiable area","Janitors and building cleaners"
"13820122",6230,0,2022,2018,202203,5035713,6,87.1,0,54277,1,12,17419,5,1,58,1,100,0,0,6,63,0,0,0,0,15198,19,"Not in identifiable area","Carpenters"
"1960629",0,12060,2022,2021,202203,1904199,24,191.1,4,5286728,1,12,77826,19,2,44,1,100,0,0,7,71,0,0,0,0,0,0,"Atlanta-Sandy Springs-Roswell, GA","N/A (not applicable)"
"14430643",7700,40220,2022,2018,202203,6445899,8,238.9,5,227398,1,13,134442,11,1,35,1,100,0,0,8,81,0,0,0,0,81834,49,"Roanoke, VA","First-line supervisors of production and operating workers"
"13252957",5610,32820,2022,2019,202203,5733517,14,2589.6,6,1324829,1,12,68663,15,2,71,2,200,0,0,8,81,0,0,0,0,25031,22,"Memphis, TN-MS-AR","Shipping, receiving, and inventory clerks"
"9269139",2360,19740,2022,2019,202203,1112185,18,6435.2,4,2543482,1,13,59707,31,2,26,7,700,1,100,8,81,0,0,0,0,5741,52,"Denver-Aurora-Lakewood, CO","Other teachers and instructors"
"6016214",0,38900,2022,2022,202203,5209912,11,2843.1,4,2226009,1,13,217500,28,1,5,1,100,1,100,0,2,0,0,0,0,9999999,0,"Portland-Vancouver-Hillsboro, OR-WA","N/A (not applicable)"
"12425424",4840,27260,2022,2021,202203,1654162,16,160.5,3,1345596,1,13,65936,23,1,32,1,100,0,0,6,63,0,0,0,0,31346,47,"Jacksonville, FL","Sales representatives of services, except advertising, insurance, financial services, and travel"
"2166212",0,0,2022,2020,202203,3430129,162,101.6,0,53708,1,12,14731,162,1,59,1,100,0,0,6,64,0,0,0,0,14731,0,"Not in identifiable area","N/A (not applicable)"
"7579391",705,16980,2022,2021,202203,2250272,42,6446.5,2,9461105,1,13,286117,38,1,28,1,100,0,0,10,101,62,6207,0,0,70259,68,"Chicago-Naperville-Elgin, IL-IN-WI","Project management specialists"
"9688594",3090,34980,2022,2018,202203,5685981,10,2059,5,1670890,1,13,489368,11,1,33,1,100,0,0,11,116,36,3601,0,0,255556,92,"Nashville-Davidson--Murfreesboro--Franklin, TN","Physicians"
"11308768",4230,0,2022,2018,202203,2626404,3,94.1,0,37300,2,22,23849,3,2,60,1,100,0,0,6,63,0,0,0,0,23849,10,"Not in identifiable area","Maids and housekeeping cleaners"
"9387307",2555,17460,2022,2019,202203,4842468,15,2649.4,1,2077240,2,22,42484,15,2,29,1,100,1,100,10,101,60,6006,0,0,42484,52,"Cleveland-Elyria, OH","Other educational instruction and library workers"
"6521772",20,47900,2022,2019,202203,2888271,19,2318.3,5,5636232,2,22,148487,19,2,74,1,100,0,0,11,114,33,3301,0,0,120689,68,"Washington-Arlington-Alexandria, DC-VA-MD-WV","General and operations managers"
"4856912",0,27260,2022,2021,202203,1659367,38,2899.1,3,1345596,1,13,135546,38,1,83,2,200,0,0,11,114,36,3600,0,0,111334,0,"Jacksonville, FL","N/A (not applicable)"
"7715594",800,0,2022,2018,202203,1798271,12,118.8,0,99093,1,13,61843,12,1,68,1,100,0,0,10,101,62,6201,0,0,48282,78,"Not in identifiable area","Accountants and auditors"
"12518029",4850,17020,2022,2022,202203,1018775,24,834.8,1,220000,2,22,80000,24,1,39,3,362,0,0,7,71,0,0,0,0,70000,47,"Chico, CA","Sales representatives, wholesale and manufacturing"
"13378208",5740,41940,2022,2018,202203,483837,21,4992.7,4,1836911,1,13,210431,20,2,38,6,600,0,0,8,81,0,0,0,0,46762,61,"San Jose-Sunnyvale-Santa Clara, CA","Secretaries and administrative assistants, except legal, medical, and executive"
"1865004",0,0,2022,2021,202203,3294528,7,64.8,0,23054,1,13,14052,6,2,14,1,100,0,0,2,23,0,0,0,0,9999999,0,"Not in identifiable area","N/A (not applicable)"
"1861883",0,16980,2022,2021,202203,2214162,19,17491.2,2,9461105,2,22,24104,19,1,77,8,826,1,100,6,63,0,0,0,0,24104,0,"Chicago-Naperville-Elgin, IL-IN-WI","N/A (not applicable)"
"3218861",0,16740,2022,2022,202203,4702475,42,2948.5,5,2217012,1,13,573100,36,1,7,1,100,0,0,1,14,0,0,0,0,9999999,0,"Charlotte-Concord-Gastonia, NC-SC","N/A (not applicable)"
"11145765",4200,12420,2022,2018,202203,5903895,50,2487.7,4,1716289,1,13,113750,50,1,52,1,100,0,0,7,71,0,0,0,0,93525,9,"Austin-Round Rock, TX","First-line supervisors of housekeeping and janitorial workers"
"3081023",0,25860,2022,2018,202203,4540757,8,236.6,6,182684,1,12,33470,9,2,72,1,100,0,0,6,61,0,0,0,0,11691,0,"Hickory-Lenoir-Morganton, NC","N/A (not applicable)"
"8129684",1106,17900,2022,2019,202203,5565067,15,2274.5,1,767598,1,13,86289,15,1,33,1,100,0,0,10,101,21,2102,0,0,86289,65,"Columbia, SC","Computer network architects"
"10776227",4020,0,2022,2022,202203,4718846,76,845.7,0,177772,2,22,39000,77,1,34,2,200,0,0,7,71,0,0,0,0,30000,15,"Not in identifiable area","Cooks"
"7874167",910,36740,2022,2021,202203,1638882,9,444.3,4,1376508,1,13,136952,9,2,72,2,200,0,0,8,81,0,0,0,0,103984,68,"Orlando-Kissimmee-Sanford, FL","Credit counselors and loan officers"
"4829905",0,40140,2022,2022,202203,978404,21,5166.7,1,4224851,1,13,216000,23,1,9,9,990,0,0,1,16,0,0,0,0,9999999,0,"Riverside-San Bernardino-Ontario, CA","N/A (not applicable)"
"9652559",3090,35620,2022,2020,202203,4275798,5,4224.1,2,19567410,1,12,438865,5,2,54,1,100,0,0,11,116,61,6106,0,0,429460,92,"New York-Newark-Jersey City, NY-NJ-PA","Physicians"
"10762473",4020,0,2022,2021,202203,5781496,17,250.6,0,97991,1,12,83338,19,2,67,1,100,0,0,6,63,0,0,0,0,16538,15,"Not in identifiable area","Cooks"
"15093843",9130,31080,2022,2022,202203,972950,10,7459,1,12828837,1,13,122000,10,1,59,6,600,0,0,10,101,62,6203,0,0,35000,15,"Los Angeles-Long Beach-Anaheim, CA","Driver/sales workers and truck drivers"
"548380",0,0,2022,2018,202203,2328345,7,181.4,0,30811,2,22,81016,9,2,55,1,100,0,0,6,65,0,0,0,0,5027,0,"Not in identifiable area","N/A (not applicable)"
"12936004",5240,34980,2022,2019,202203,5727988,15,3081.3,5,1670890,1,13,44780,19,2,27,1,100,0,0,7,71,0,0,0,0,24113,44,"Nashville-Davidson--Murfreesboro--Franklin, TN","Customer service representatives"
"12174100",4760,0,2022,2020,202203,1147985,11,45.3,0,38136,2,22,30142,40,1,16,1,100,0,0,4,40,0,0,0,0,2720,47,"Not in identifiable area","Retail salespersons"
"3294564",0,26420,2022,2018,202203,5901124,7,8271,3,5920416,1,12,176528,4,2,18,4,400,0,0,6,61,0,0,0,0,0,0,"Houston-The Woodlands-Sugar Land, TX","N/A (not applicable)"
"14074266",6442,37980,2022,2020,202203,5390536,2,10343.9,2,5965343,1,12,87977,4,1,75,2,200,0,0,6,65,0,0,0,0,52464,34,"Philadelphia-Camden-Wilmington, PA-NJ-DE-MD","Plumbers, pipefitters, and steamfitters"
"4231022",0,10740,2022,2022,202203,4079529,18,3122.9,3,887077,1,12,21400,10,2,69,8,826,4,424,2,25,0,0,0,0,4300,0,"Albuquerque, NM","N/A (not applicable)"
"12867526",5240,0,2022,2022,202203,3544228,16,107.6,0,41329,1,12,185000,16,2,65,1,100,0,0,6,63,0,0,0,0,89000,44,"Not in identifiable area","Customer service representatives"
"1581167",0,0,2022,2022,202203,5205201,17,132.8,0,74193,1,13,70000,10,1,2,1,100,0,0,0,1,0,0,0,0,9999999,0,"Not in identifiable area","N/A (not applicable)"
"7988333",1021,28940,2022,2019,202203,5730244,7,2234.9,6,837571,1,13,163047,6,1,54,1,100,1,100,10,101,19,1903,0,0,105636,65,"Knoxville, TN","Software developers"
"14571315",7840,46220,2022,2018,202203,8041,14,90.4,5,230162,1,13,133390,14,2,53,1,100,0,0,6,63,0,0,0,0,28057,18,"Tuscaloosa, AL","Food batchmakers"
"10148814",3545,33100,2022,2018,202203,1410377,11,5764.3,2,5564635,1,13,178282,11,1,47,6,600,0,0,10,101,48,4801,0,0,46762,48,"Miami-Fort Lauderdale-West Palm Beach, FL","Miscellaneous health technologists and technicians"
"11547413",4510,0,2022,2020,202203,6102764,5,57.2,0,200596,1,12,98810,5,1,75,1,100,0,0,6,63,0,0,0,0,60623,17,"Not in identifiable area","Hairdressers, hairstylists, and cosmetologists"
"2991242",0,0,2022,2020,202203,5162203,4,76.9,0,46770,2,21,125779,2,1,4,7,700,4,498,0,2,0,0,0,0,9999999,0,"Not in identifiable area","N/A (not applicable)"
"9506166",2723,19740,2022,2018,202203,1090609,11,4483.3,4,2543482,1,13,204878,15,1,16,1,100,0,0,4,40,0,0,0,0,292,64,"Denver-Aurora-Lakewood, CO","Umpires, referees, and other sports officials"
"13940648",6260,33100,2022,2020,202203,1555169,111,4378.5,2,5564635,1,12,89518,66,1,45,1,100,0,0,6,63,0,0,0,0,38527,8,"Miami-Fort Lauderdale-West Palm Beach, FL","Construction laborers"
"11248543",4220,35620,2022,2022,202203,4482686,39,43712.9,2,19567410,2,22,31200,38,1,49,2,200,0,0,6,63,0,0,0,0,31200,9,"New York-Newark-Jersey City, NY-NJ-PA","Janitors and building cleaners"
"2573281",0,13380,2022,2020,202203,6704991,241,667.7,1,201140,2,22,10765,241,2,93,1,100,0,0,8,81,0,0,0,0,10765,0,"Bellingham, WA","N/A (not applicable)"
"3382363",0,19100,2022,2019,202203,5945531,5,1584.7,3,6426214,1,12,421396,5,2,0,1,100,0,0,0,1,0,0,0,0,9999999,0,"Dallas-Fort Worth-Arlington, TX","N/A (not applicable)"
"9153748",2320,37980,2022,2022,202203,5464698,18,2289,2,5965343,1,12,208700,14,2,46,1,100,0,0,10,101,36,3606,0,0,60200,72,"Philadelphia-Camden-Wilmington, PA-NJ-DE-MD","Secondary school teachers"
"5532818",0,36740,2022,2022,202203,1733365,12,1924.9,1,2134411,1,12,57400,12,1,84,1,100,0,0,4,40,0,0,0,0,57400,0,"Orlando-Kissimmee-Sanford, FL","N/A (not applicable)"
"3678611",0,33340,2022,2022,202203,6962241,19,4330.6,1,1555908,1,13,241000,21,2,0,1,100,0,0,0,1,0,0,0,0,9999999,0,"Milwaukee-Waukesha-West Allis, WI","N/A (not applicable)"
"1458129",0,0,2022,2018,202203,3831443,10,295.8,0,146445,2,22,0,14,1,4,1,100,0,0,0,2,0,0,0,0,9999999,0,"Not in identifiable area","N/A (not applicable)"
"12838819",5220,34060,2022,2019,202203,6795818,10,444.7,1,129709,1,13,63152,10,1,70,1,100,0,0,8,81,0,0,0,0,50981,44,"Morgantown, WV","Court, municipal, and license clerks"
"3564855",0,31080,2022,2018,202203,371349,48,5754.4,1,12828837,1,13,116906,45,1,5,7,700,1,100,0,2,0,0,0,0,9999999,0,"Los Angeles-Long Beach-Anaheim, CA","N/A (not applicable)"
"14520900",7750,25540,2022,2022,202203,1278983,24,1372.3,5,1212378,2,22,53000,23,1,33,1,100,0,0,10,101,52,5200,0,0,53000,18,"Hartford-West Hartford-East Hartford, CT","Other assemblers and fabricators"
"7929766",1006,10420,2022,2021,202203,4955495,18,586.9,1,703200,1,13,233477,18,1,59,1,100,0,0,10,101,62,6212,0,0,233477,65,"Akron, OH","Computer systems analysts"
"14177580",7020,47900,2022,2021,202203,2922188,7,8873.1,5,5636232,0,0,9999999,7,1,18,2,200,0,0,7,71,0,0,0,0,0,49,"Washington-Arlington-Alexandria, DC-VA-MD-WV","Radio and telecommunications equipment installers and repairers"
"12855415",5240,41860,2022,2021,202203,796381,12,33959,1,4335391,1,13,123213,14,2,58,4,400,0,0,10,101,19,1901,0,0,0,44,"San Francisco-Oakland-Hayward, CA","Customer service representatives"
"4378938",0,33100,2022,2021,202203,1622706,25,9610.9,2,5564635,2,22,73502,25,2,46,8,826,3,300,6,63,0,0,0,0,0,0,"Miami-Fort Lauderdale-West Palm Beach, FL","N/A (not applicable)"
"6710394",120,46060,2022,2018,202203,137743,19,440.9,1,980263,1,12,96447,20,2,60,1,100,0,0,6,65,0,0,0,0,96447,68,"Tucson, AZ","Financial managers"
"7405477",520,19100,2022,2022,202203,6314697,11,4964.2,3,6426214,1,13,221500,10,1,47,1,100,0,0,10,101,36,3600,0,0,94500,72,"Dallas-Fort Worth-Arlington, TX","Wholesale and retail buyers, except farm products"
"575769",0,0,2022,2021,202203,5604710,12,155.3,0,60843,0,0,9999999,12,1,87,1,100,0,0,7,71,0,0,0,0,19456,0,"Not in identifiable area","N/A (not applicable)"
"7635744",710,35620,2022,2021,202203,4379232,18,65944.3,2,19567410,2,22,297251,18,1,35,1,100,0,0,11,114,55,5505,15,1501,108091,86,"New York-Newark-Jersey City, NY-NJ-PA","Management analysts"
"2682253",0,33100,2022,2019,202203,1465249,10,5311.8,2,5564635,1,13,111951,7,2,60,1,100,0,0,6,63,0,0,0,0,4019,0,"Miami-Fort Lauderdale-West Palm Beach, FL","N/A (not applicable)"
"3220830",0,19820,2022,2022,202203,3334271,47,794.7,3,4296250,1,13,33800,50,2,50,1,100,0,0,6,63,0,0,0,0,0,0,"Detroit-Warren-Dearborn, MI","N/A (not applicable)"
"822865",0,26420,2022,2022,202203,6260534,9,4382.2,3,5920416,1,13,94000,6,1,16,7,700,1,100,5,50,0,0,0,0,0,0,"Houston-The Woodlands-Sugar Land, TX","N/A (not applicable)"
"1677877",0,32580,2022,2019,202203,6025840,44,2072,1,774769,1,13,100125,44,2,47,1,100,1,100,6,63,0,0,0,0,0,0,"McAllen-Edinburg-Mission, TX","N/A (not applicable)"
"13819797",6230,39580,2022,2021,202203,4666213,18,2549.1,5,1130490,1,13,155867,20,1,19,1,100,0,0,6,63,0,0,0,0,5188,19,"Raleigh, NC","Carpenters"
"13570294",5860,19100,2022,2019,202203,5969428,12,5067.9,3,6426214,2,22,52244,11,2,31,6,643,0,0,6,63,0,0,0,0,29280,44,"Dallas-Fort Worth-Arlington, TX","Office clerks, general"
"15092022",9130,35620,2022,2021,202203,4371791,21,3928.7,2,19567410,1,12,97606,22,1,68,1,100,0,0,6,65,0,0,0,0,5405,15,"New York-Newark-Jersey City, NY-NJ-PA","Driver/sales workers and truck drivers"
"15534558",9645,38060,2022,2018,202203,132898,13,5230.9,2,4192887,2,22,59739,13,1,51,8,802,4,450,6,64,0,0,0,0,35072,44,"Phoenix-Mesa-Scottsdale, AZ","Stockers and order fillers"
"5369097",0,39740,2022,2019,202203,5298677,14,4942.2,1,411442,1,13,117118,14,1,4,1,100,0,0,0,2,0,0,0,0,9999999,0,"Reading, PA","N/A (not applicable)"
"10078041",3423,44180,2022,2021,202203,3659725,47,2204.8,6,436712,2,22,62693,47,1,31,1,100,0,0,10,101,36,3600,0,0,16214,48,"Springfield, MO","Surgical technologists"
"12545385",4920,35620,2022,2022,202203,4010972,15,432.7,2,19567410,1,13,169000,11,1,61,8,826,4,498,10,101,24,2400,0,0,44000,62,"New York-Newark-Jersey City, NY-NJ-PA","Real estate brokers and sales agents"
"3597937",0,27780,2022,2022,202203,5461453,4,433.6,1,143665,1,12,65500,4,2,54,8,821,0,0,7,71,0,0,0,0,12000,0,"Johnstown, PA","N/A (not applicable)"
"15527457",9645,37100,2022,2018,202203,377651,41,3520.3,1,823318,2,22,53660,41,1,65,1,100,0,0,6,63,0,0,0,0,22095,44,"Oxnard-Thousand Oaks-Ventura, CA","Stockers and order fillers"
"5653683",0,31080,2022,2018,202203,467282,15,5605.6,1,12828837,1,12,167702,13,2,94,2,200,0,0,11,114,55,5507,0,0,62136,0,"Los Angeles-Long Beach-Anaheim, CA","N/A (not applicable)"
"2728923",0,16980,2022,2020,202203,2174824,13,4686.4,2,9461105,2,22,0,16,1,6,1,100,1,100,1,12,0,0,0,0,9999999,0,"Chicago-Naperville-Elgin, IL-IN-WI","N/A (not applicable)"
"10559119",3930,10900,2022,2022,202203,5496485,39,961.2,1,821173,1,13,59400,35,2,60,8,826,4,428,6,63,0,0,0,0,31400,8,"Allentown-Bethlehem-Easton, PA-NJ","Security guards and gaming surveillance officers"
"14554791",7800,31080,2022,2022,202203,1033728,26,20713.8,1,12828837,2,22,72000,26,1,32,7,700,4,412,2,23,0,0,0,0,36000,22,"Los Angeles-Long Beach-Anaheim, CA","Bakers"
"5273513",0,40900,2022,2020,202203,649107,8,6565.3,1,2149127,0,0,9999999,8,2,35,1,100,0,0,6,64,0,0,0,0,15411,0,"Sacramento--Roseville--Arden-Arcade, CA","N/A (not applicable)"
"386382",0,0,2022,2021,202203,1173919,6,17.1,0,16732,2,21,125310,3,1,6,1,100,0,0,1,12,0,0,0,0,9999999,0,"Not in identifiable area","N/A (not applicable)"
"9408548",2600,35620,2022,2020,202203,4320931,23,81240,2,19567410,2,22,45326,23,1,50,8,826,4,423,11,116,55,5501,0,0,45326,67,"New York-Newark-Jersey City, NY-NJ-PA","Artists and related workers"
"6887478",220,31080,2022,2019,202203,612890,14,3855.1,1,12828837,2,22,95876,13,1,29,1,100,1,100,10,101,24,2414,0,0,86116,68,"Los Angeles-Long Beach-Anaheim, CA","Construction managers"
"9608348",3010,31080,2022,2020,202203,751560,19,5605.6,1,12828837,1,13,235693,15,1,47,4,400,0,0,11,115,52,5200,0,0,117847,96,"Los Angeles-Long Beach-Anaheim, CA","Dentists"
"1195213",0,0,2022,2018,202203,2624837,35,180.1,0,47230,1,13,32734,36,1,5,1,100,0,0,1,11,0,0,0,0,9999999,0,"Not in identifiable area","N/A (not applicable)"
"123288",0,0,2022,2021,202203,6431560,13,134,0,46646,2,22,39345,17,2,7,1,100,0,0,1,14,0,0,0,0,9999999,0,"Not in identifiable area","N/A (not applicable)"
"14656096",8140,0,2022,2019,202203,6879034,10,44.9,0,31660,2,22,48386,9,1,29,1,100,0,0,6,63,0,0,0,0,48110,24,"Not in identifiable area","Welding, soldering, and brazing workers"
"697116",0,0,2022,2019,202203,5659850,22,56.9,0,12743,2,21,83820,16,1,13,1,100,0,0,2,23,0,0,0,0,9999999,0,"Not in identifiable area","N/A (not applicable)"
"2464303",0,26420,2022,2022,202203,6357035,40,2818.2,3,5920416,1,12,39100,40,2,81,2,200,0,0,6,63,0,0,0,0,29700,0,"Houston-The Woodlands-Sugar Land, TX","N/A (not applicable)"
"15405129",9620,42540,2022,2018,202203,5230709,19,1977.1,6,563631,1,12,124528,18,1,26,1,100,0,0,7,71,0,0,0,0,9119,8,"Scranton--Wilkes-Barre--Hazleton, PA","Laborers and freight, stock, and material movers, hand"
"2178119",0,0,2022,2018,202203,5237535,6,134.1,0,42888,1,12,50036,6,1,83,1,100,0,0,6,64,0,0,0,0,40566,0,"Not in identifiable area","N/A (not applicable)"
"5077180",0,44700,2022,2021,202203,786385,24,5428.8,1,685306,2,22,84743,24,2,8,1,100,1,100,1,15,0,0,0,0,9999999,0,"Stockton-Lodi, CA","N/A (not applicable)"
"13165036",5510,35620,2022,2022,202203,4039886,10,3218,2,19567410,2,22,103000,10,1,37,1,100,0,0,8,81,0,0,0,0,30000,28,"New York-Newark-Jersey City, NY-NJ-PA","Couriers and messengers"
"3824131",0,19740,2022,2022,202203,1203807,10,7435.2,4,2543482,1,12,243000,5,1,3,6,620,0,0,1,11,0,0,0,0,9999999,0,"Denver-Aurora-Lakewood, CO","N/A (not applicable)"
"1900032",0,0,2022,2019,202203,6869451,5,70.9,0,69829,1,13,136638,5,2,8,1,100,0,0,1,15,0,0,0,0,9999999,0,"Not in identifiable area","N/A (not applicable)"
"5122309",0,38060,2022,2018,202203,149787,9,4065.5,2,4192887,1,12,112230,12,2,17,4,400,0,0,5,50,0,0,0,0,0,0,"Phoenix-Mesa-Scottsdale, AZ","N/A (not applicable)"
"14119197",6600,20020,2022,2022,202203,99944,4,238.1,1,145639,2,22,30000,5,2,57,2,200,0,0,7,71,0,0,0,0,30000,8,"Dothan, AL","Helpers, construction trades"
"9570300",2850,47260,2022,2022,202203,6590504,16,1031.3,5,1676822,1,12,181100,14,1,29,1,100,0,0,8,81,0,0,0,0,65000,18,"Virginia Beach-Norfolk-Newport News, VA-NC","Writers and authors"
"10695780",4020,46060,2022,2018,202203,126598,1,440.9,1,980263,0,0,9999999,1,1,22,7,700,1,100,6,64,0,0,0,0,25719,15,"Tucson, AZ","Cooks"
"13885524",6260,12580,2022,2018,202203,2862621,12,528.2,3,2710489,1,13,431383,11,1,49,1,100,0,0,6,64,0,0,0,0,431383,8,"Baltimore-Columbia-Towson, MD","Construction laborers"
"9677489",3090,40060,2022,2019,202203,6485615,8,4228.8,5,1208101,1,13,1557557,9,1,71,1,100,0,0,11,115,64,6402,61,6106,948427,92,"Richmond, VA","Physicians"
"6151086",0,46520,2022,2018,202203,1980675,25,5252.7,1,953207,1,13,74820,15,1,8,8,833,0,0,1,15,0,0,0,0,9999999,0,"Urban Honolulu, HI","N/A (not applicable)"
"5259319",0,37980,2022,2020,202203,5372815,9,6611.3,2,5965343,2,22,28442,15,2,11,2,200,0,0,1,17,0,0,0,0,9999999,0,"Philadelphia-Camden-Wilmington, PA-NJ-DE-MD","N/A (not applicable)"
"44861",0,37980,2022,2020,202203,1295272,9,2294.7,2,5965343,1,12,158640,13,1,3,8,801,0,0,0,2,0,0,0,0,9999999,0,"Philadelphia-Camden-Wilmington, PA-NJ-DE-MD","N/A (not applicable)"
"11609979",4600,31080,2022,2022,202203,1003771,15,11706,1,12828837,1,12,122200,15,2,81,1,100,0,0,6,63,0,0,0,0,36600,26,"Los Angeles-Long Beach-Anaheim, CA","Childcare workers"
"3084703",0,17460,2022,2022,202203,4977496,3,5509.8,4,2077240,0,0,9999999,3,1,20,6,620,4,460,7,71,0,0,0,0,0,0,"Cleveland-Elyria, OH","N/A (not applicable)"
"11567173",4510,40380,2022,2020,202203,4276469,106,2451.9,6,1079671,1,12,112181,121,2,48,1,100,0,0,6,63,0,0,0,0,31728,17,"Rochester, NY","Hairdressers, hairstylists, and cosmetologists"
"9502375",2722,35620,2022,2021,202203,4394037,9,19069,2,19567410,1,13,129709,10,1,76,1,100,0,0,11,114,64,6402,0,0,64855,64,"New York-Newark-Jersey City, NY-NJ-PA","Coaches and scouts"
"10319429",3603,17460,2022,2022,202203,5023419,8,2656.1,4,2076040,1,13,71200,11,2,43,1,100,0,0,6,64,0,0,0,0,22000,13,"Cleveland-Elyria, OH","Nursing assistants"
"423159",0,0,2022,2021,202203,6723305,1,237.8,0,55220,1,12,36643,1,1,82,3,362,0,0,10,101,49,4901,0,0,13079,0,"Not in identifiable area","N/A (not applicable)"
"12458103",4850,28140,2022,2022,202203,3683256,22,1883.1,4,2009342,1,13,40000,22,1,56,1,100,0,0,7,71,0,0,0,0,40000,47,"Kansas City, MO-KS","Sales representatives, wholesale and manufacturing"
"13403371",5740,17460,2022,2020,202203,4909986,12,2364.2,1,2077240,1,12,64589,12,2,44,1,100,0,0,10,101,19,1901,0,0,64589,61,"Cleveland-Elyria, OH","Secretaries and administrative assistants, except legal, medical, and executive"
"4198750",0,19100,2022,2018,202203,5853980,35,4020.1,3,6426214,1,12,450439,39,2,16,7,700,4,416,4,40,0,0,0,0,0,0,"Dallas-Fort Worth-Arlington, TX","N/A (not applicable)"
"8578368",2014,35620,2022,2022,202203,4477325,19,34423.8,2,19567410,1,13,178300,20,1,75,1,100,0,0,11,114,52,5203,0,0,152000,64,"New York-Newark-Jersey City, NY-NJ-PA","Social workers, all other"
"6939444",230,0,2022,2020,202203,6054772,16,96.9,0,80419,0,0,9999999,16,1,20,1,100,0,0,7,71,0,0,0,0,16997,72,"Not in identifiable area","Education and childcare administrators"
"8723532",2100,31080,2022,2022,202203,1043400,18,10283.9,1,12828837,1,13,321000,18,1,33,1,100,0,0,11,115,62,6207,0,0,226000,93,"Los Angeles-Long Beach-Anaheim, CA","Lawyers, and judges, magistrates, and other judicial workers"
"7599027",710,31080,2022,2019,202203,563854,10,11264.4,1,12828837,1,12,137786,10,1,64,5,500,0,0,10,101,60,6000,0,0,137786,86,"Los Angeles-Long Beach-Anaheim, CA","Management analysts"
"11369125",4230,29820,2022,2018,202203,3768019,33,7990.5,1,1951269,1,12,47347,34,1,61,7,700,1,100,2,22,0,0,0,0,37410,10,"Las Vegas-Henderson-Paradise, NV","Maids and housekeeping cleaners"
"12376370",4810,28140,2022,2019,202203,3590016,81,1659.5,5,2009342,2,22,183715,81,2,40,1,100,0,0,6,63,0,0,0,0,57411,66,"Kansas City, MO-KS","Insurance sales agents"
"14665988",8225,0,2022,2021,202203,5767009,16,277.5,0,90412,2,22,126467,16,1,34,1,100,0,0,7,71,0,0,0,0,59450,18,"Not in identifiable area","Other metal workers and plastic workers"
"12767351",5120,0,2022,2022,202203,4493602,3,214.7,0,152670,1,12,35500,3,2,60,1,100,0,0,8,81,0,0,0,0,15100,51,"Not in identifiable area","Bookkeeping, accounting, and auditing clerks"
"8598645",2015,0,2022,2021,202203,2943312,10,245.2,0,72585,1,13,64876,10,2,51,1,100,0,0,10,101,32,3202,0,0,64876,64,"Not in identifiable area","Probation officers and correctional treatment specialists"
"6692606",120,49180,2022,2018,202203,4541363,17,420.4,6,640595,2,22,160161,17,1,60,1,100,0,0,11,114,60,6000,0,0,93525,68,"Winston-Salem, NC","Financial managers"
"2790709",0,23540,2022,2022,202203,1757202,5,353.5,5,264275,1,13,2300,7,2,7,1,100,2,200,1,14,0,0,0,0,9999999,0,"Gainesville, FL","N/A (not applicable)"
"4956372",0,35620,2022,2018,202203,4164313,15,49267.4,2,19567410,2,22,783270,22,1,13,8,815,0,0,2,25,0,0,0,0,9999999,0,"New York-Newark-Jersey City, NY-NJ-PA","N/A (not applicable)"
"13247187",5600,45940,2022,2021,202203,3992988,16,1572.5,1,366513,1,12,15565,15,2,84,1,100,0,0,6,63,0,0,0,0,15565,44,"Trenton, NJ","Production, planning, and expediting clerks"
"7259888",440,31080,2022,2020,202203,701769,25,7707.9,1,12828837,1,13,66855,30,1,30,7,700,1,100,10,101,62,6200,0,0,39660,68,"Los Angeles-Long Beach-Anaheim, CA","Other managers"
"14157710",7000,35620,2022,2018,202203,3880528,16,2704.8,2,19567410,1,13,418523,13,1,30,1,100,0,0,7,71,0,0,0,0,60791,49,"New York-Newark-Jersey City, NY-NJ-PA","First-line supervisors of mechanics, installers, and repairers"
"10444859",3710,0,2022,2021,202203,3652961,6,118.7,0,22773,1,12,32427,6,2,53,1,100,0,0,6,65,0,0,0,0,32427,39,"Not in identifiable area","First-line supervisors of police and detectives"
"809092",0,0,2022,2022,202203,5644091,13,150.5,0,61216,1,13,54800,6,1,15,1,100,0,0,4,40,0,0,0,0,0,0,"Not in identifiable area","N/A (not applicable)"
"11333312",4230,18140,2022,2021,202203,4964907,5,1367.2,5,1901974,2,22,24645,5,2,68,1,100,0,0,6,61,0,0,0,0,24645,10,"Columbus, OH","Maids and housekeeping cleaners"
"1565159",0,0,2022,2022,202203,2796316,39,608.2,0,134587,2,21,10100,39,1,56,2,200,0,0,5,50,0,0,0,0,10100,0,"Not in identifiable area","N/A (not applicable)"
"2921113",0,40900,2022,2018,202203,420768,45,6161.6,1,2149127,2,22,51439,58,1,3,1,100,1,100,0,2,0,0,0,0,9999999,0,"Sacramento--Roseville--Arden-Arcade, CA","N/A (not applicable)"
"4404107",0,31080,2022,2019,202203,502011,1,14494.8,1,12828837,0,0,9999999,1,1,72,1,100,0,0,4,40,0,0,0,0,15271,0,"Los Angeles-Long Beach-Anaheim, CA","N/A (not applicable)"
"9355718",2545,0,2022,2020,202203,3437558,7,62.1,0,134323,1,13,151954,8,2,56,3,307,0,0,6,64,0,0,0,0,88498,65,"Not in identifiable area","Teaching assistants"
"14945706",9005,27260,2022,2022,202203,1745376,29,3206,4,1345596,1,13,64000,29,1,50,7,700,2,200,6,63,0,0,0,0,24000,68,"Jacksonville, FL","Supervisors of transportation and material moving workers"
"6238627",0,31140,2022,2018,202203,2625226,9,2788.1,3,1235708,1,13,148120,6,2,2,8,815,0,0,0,1,0,0,0,0,9999999,0,"Louisville/Jefferson County, KY-IN","N/A (not applicable)"
"269286",0,0,2022,2019,202203,1121924,30,38.8,0,13026,2,22,17223,21,1,8,1,100,1,100,1,16,0,0,0,0,9999999,0,"Not in identifiable area","N/A (not applicable)"
"13986838",6355,38060,2022,2021,202203,232191,22,3703.7,2,4192887,2,22,171865,14,1,23,3,315,0,0,6,63,0,0,0,0,36751,44,"Phoenix-Mesa-Scottsdale, AZ","Electricians"
"2244810",0,0,2022,2022,202203,3466174,10,78.7,0,45984,1,12,98000,13,2,0,1,100,0,0,0,1,0,0,0,0,9999999,0,"Not in identifiable area","N/A (not applicable)"
"6506889",20,0,2022,2020,202203,3635515,17,155.7,0,37556,1,12,94051,18,2,52,1,100,0,0,6,63,0,0,0,0,57790,68,"Not in identifiable area","General and operations managers"
"5724752",0,36420,2022,2020,202203,5069514,148,1063.4,5,1252987,1,12,149575,147,2,79,1,100,0,0,10,101,23,2304,0,0,149575,0,"Oklahoma City, OK","N/A (not applicable)"
"12237723",4760,0,2022,2022,202203,4470610,55,85.9,0,66583,2,22,6800,96,1,25,1,100,0,0,7,71,0,0,0,0,2000,47,"Not in identifiable area","Retail salespersons"
"6368932",0,36740,2022,2018,202203,1356094,20,1228.7,4,2134411,1,13,144963,24,1,17,1,100,0,0,6,61,0,0,0,0,0,0,"Orlando-Kissimmee-Sanford, FL","N/A (not applicable)"
"5170340",0,48620,2022,2020,202203,2584972,13,960.5,5,630919,1,13,67547,13,1,63,1,100,0,0,6,63,0,0,0,0,38074,0,"Wichita, KS","N/A (not applicable)"
"4577080",0,12060,2022,2020,202203,1858166,13,3670.4,4,5286728,0,0,9999999,13,1,19,8,845,0,0,7,71,0,0,0,0,0,0,"Atlanta-Sandy Springs-Roswell, GA","N/A (not applicable)"
"9367654",2545,35620,2022,2022,202203,4030650,29,2149.9,2,19567410,2,22,32290,29,2,53,1,100,0,0,6,63,0,0,0,0,30300,65,"New York-Newark-Jersey City, NY-NJ-PA","Teaching assistants"
"4022360",0,41620,2022,2018,202203,6362290,16,4346.9,4,1087873,1,13,121606,14,2,3,1,100,0,0,0,2,0,0,0,0,9999999,0,"Salt Lake City, UT","N/A (not applicable)"
"3560774",0,23420,2022,2020,202203,749961,20,3534.1,1,930450,2,22,142096,25,2,19,6,600,0,0,7,71,0,0,0,0,0,0,"Fresno, CA","N/A (not applicable)"
"10299483",3603,0,2022,2020,202203,2401517,80,703.3,0,172425,2,22,31728,80,2,33,1,100,0,0,6,63,0,0,0,0,31728,13,"Not in identifiable area","Nursing assistants"
"7886994",910,16740,2022,2021,202203,4686754,61,2656.3,6,2217012,2,22,16214,61,2,24,2,200,0,0,10,101,52,5200,0,0,16214,68,"Charlotte-Concord-Gastonia, NC-SC","Credit counselors and loan officers"
"6755214",136,0,2022,2020,202203,5076281,18,155.9,0,167931,1,13,27875,17,1,82,8,801,0,0,6,61,0,0,0,0,27875,68,"Not in identifiable area","Human resources managers"
"11500178",4420,35620,2022,2020,202203,4279738,15,88418.8,2,19567410,2,22,99932,60,1,34,7,700,4,498,5,50,0,0,0,0,14164,25,"New York-Newark-Jersey City, NY-NJ-PA","Ushers, lobby attendants, and ticket takers"
"14818675",8750,35380,2022,2022,202203,2811836,9,6467.7,1,1189866,1,12,60700,8,2,67,6,640,0,0,6,63,0,0,0,0,40300,36,"New Orleans-Metairie, LA","Jewelers and precious stone and metal workers"
"533270",0,0,2022,2022,202203,2320052,8,88.7,0,19890,1,12,110000,9,2,15,1,100,0,0,3,30,0,0,0,0,0,0,"Not in identifiable area","N/A (not applicable)"
"1999359",0,0,2022,2021,202203,6221977,2,52.6,0,20173,1,13,97823,1,1,10,7,700,1,100,1,16,0,0,0,0,9999999,0,"Not in identifiable area","N/A (not applicable)"
"6266308",0,33460,2022,2020,202203,3428363,19,3604.6,5,3348859,1,13,163172,31,2,14,8,845,0,0,2,26,0,0,0,0,9999999,0,"Minneapolis-St. Paul-Bloomington, MN-WI","N/A (not applicable)"
"10863330",4030,35620,2022,2020,202203,4260646,9,10694.5,2,19567410,0,0,9999999,9,1,19,7,700,4,460,6,63,0,0,0,0,0,15,"New York-Newark-Jersey City, NY-NJ-PA","Food preparation workers"
"10591456",3930,47900,2022,2020,202203,6529026,6,384.3,5,2090231,2,21,44192,6,1,58,2,200,0,0,6,63,0,0,0,0,44192,8,"Washington-Arlington-Alexandria, DC-VA-MD-WV","Security guards and gaming surveillance officers"
"10023535",3323,11460,2022,2022,202203,3333161,24,2339.5,1,344791,1,12,100000,22,2,61,1,100,0,0,8,81,0,0,0,0,68000,48,"Ann Arbor, MI","Radiologic technologists and technicians"
"13306436",5710,41860,2022,2020,202203,716900,19,1173,1,4335391,1,13,147535,19,2,60,1,100,0,0,6,63,0,0,0,0,87252,61,"San Francisco-Oakland-Hayward, CA","Executive secretaries and executive administrative assistants"
"8118983",1105,36540,2022,2022,202203,3758453,19,1885,5,865350,1,13,135000,19,2,35,1,100,0,0,7,71,0,0,0,0,65000,65,"Omaha-Council Bluffs, NE-IA","Network and computer systems administrators"
"8266539",1410,26900,2022,2022,202203,2461164,24,2367.4,1,1887877,2,22,152000,23,1,31,8,826,4,416,11,114,21,2100,0,0,70000,84,"Indianapolis-Carmel-Anderson, IN","Electrical and electronics engineers"
"7462775",565,35620,2022,2022,202203,4030783,16,487.6,2,19565507,1,12,267700,15,1,60,1,100,0,0,11,114,25,2504,0,0,200000,63,"New York-Newark-Jersey City, NY-NJ-PA","Compliance officers"
"11299948",4220,0,2022,2018,202203,2093665,5,106,0,50635,1,12,96915,9,1,43,1,100,0,0,8,81,0,0,0,0,14964,9,"Not in identifiable area","Janitors and building cleaners"
"14699543",8300,41700,2022,2019,202203,5998846,22,283.8,4,2142508,1,13,36743,21,1,47,1,100,1,100,8,81,0,0,0,0,36743,15,"San Antonio-New Braunfels, TX","Laundry and dry-cleaning workers"
"5084935",0,40140,2022,2018,202203,446623,25,1272.1,1,4224851,2,22,46762,23,2,41,1,100,1,100,6,63,0,0,0,0,0,0,"Riverside-San Bernardino-Ontario, CA","N/A (not applicable)"
"10513965",3870,0,2022,2022,202203,6343894,52,62.6,0,12389,1,13,49000,52,1,27,1,100,1,100,6,65,0,0,0,0,36000,39,"Not in identifiable area","Police officers"
"5558003",0,19780,2022,2021,202203,2531960,17,1560.9,6,569633,1,13,111442,19,2,3,1,100,0,0,1,11,0,0,0,0,9999999,0,"Des Moines-West Des Moines, IA","N/A (not applicable)"
"278016",0,0,2022,2019,202203,1125594,16,1399.6,0,281526,1,13,284069,13,2,74,1,100,0,0,10,101,61,6107,0,0,36973,0,"Not in identifiable area","N/A (not applicable)"
"2986453",0,14860,2022,2022,202203,1271498,9,10870.7,5,916829,2,22,89700,7,2,67,7,700,2,200,5,50,0,0,0,0,14900,0,"Bridgeport-Stamford-Norwalk, CT","N/A (not applicable)"
"15588785",9645,41140,2022,2021,202203,3647442,34,538.5,5,127329,1,13,92958,30,2,56,1,100,0,0,6,64,0,0,0,0,41075,44,"St. Joseph, MO-KS","Stockers and order fillers"
"15534477",9645,0,2022,2018,202203,5653940,33,56.9,0,12743,1,13,79496,49,1,16,1,100,0,0,3,30,0,0,0,0,0,44,"Not in identifiable area","Stockers and order fillers"
"10843848",4030,0,2022,2019,202203,41696,7,86.9,0,62817,1,13,86116,9,2,30,1,100,0,0,6,63,0,0,0,0,0,15,"Not in identifiable area","Food preparation workers"
"5599932",0,35620,2022,2022,202203,4009390,15,7192.4,2,19567410,2,22,102900,15,1,6,1,100,0,0,1,12,0,0,0,0,9999999,0,"New York-Newark-Jersey City, NY-NJ-PA","N/A (not applicable)"
"15032130",9130,34980,2022,2018,202203,5696353,27,1101.4,5,1670890,1,13,81834,28,1,32,1,100,0,0,8,81,0,0,0,0,81834,15,"Nashville-Davidson--Murfreesboro--Franklin, TN","Driver/sales workers and truck drivers"
"4545249",0,33460,2022,2019,202203,3408046,6,2381.5,5,3348859,1,12,93465,5,1,77,1,100,0,0,10,101,33,3301,0,0,37776,0,"Minneapolis-St. Paul-Bloomington, MN-WI","N/A (not applicable)"
"4933505",0,12940,2022,2021,202203,2777616,13,3168.2,1,802484,2,22,10269,13,2,50,2,200,0,0,8,81,0,0,0,0,10269,0,"Baton Rouge, LA","N/A (not applicable)"
"380925",0,14460,2022,2022,202203,3119904,17,1097.3,3,4552393,1,12,177200,9,1,25,6,675,0,0,0,2,0,0,0,0,4000,0,"Boston-Cambridge-Newton, MA-NH","N/A (not applicable)"
"9784635",3255,0,2022,2022,202203,2611174,5,135.7,0,18518,1,13,170000,6,2,39,1,100,0,0,8,81,0,0,0,0,80000,46,"Not in identifiable area","Registered nurses"
"12802869",5140,12420,2022,2018,202203,5868003,18,375.5,4,1716289,1,12,39748,17,2,28,1,100,1,100,6,63,0,0,0,0,25719,44,"Austin-Round Rock, TX","Payroll and timekeeping clerks"
"15605891",9645,0,2022,2022,202203,1968236,8,131.4,0,89895,1,12,37000,8,2,69,1,100,0,0,6,61,0,0,0,0,25000,44,"Not in identifiable area","Stockers and order fillers"
"759932",0,0,2022,2021,202203,2424332,12,247.6,0,166383,1,12,27131,22,2,3,1,100,0,0,0,2,0,0,0,0,9999999,0,"Not in identifiable area","N/A (not applicable)"
"6835734",205,0,2022,2022,202203,4760915,9,272.6,0,34496,1,12,144000,6,1,25,1,100,0,0,7,71,0,0,0,0,35000,14,"Not in identifiable area","Farmers, ranchers, and other agricultural managers"
"10968075",4110,41940,2022,2022,202203,924042,11,9020.9,4,1836911,0,0,9999999,11,2,22,1,100,0,0,7,71,0,0,0,0,10000,16,"San Jose-Sunnyvale-Santa Clara, CA","Waiters and waitresses"
"1731246",0,0,2022,2018,202203,5033176,23,79.9,0,29831,0,0,9999999,23,2,71,1,100,0,0,7,71,0,0,0,0,90485,0,"Not in identifiable area","N/A (not applicable)"
"2208769",0,12100,2022,2020,202203,3959759,85,680.9,4,274549,2,22,144475,106,1,13,1,100,0,0,2,25,0,0,0,0,9999999,0,"Atlantic City-Hammonton, NJ","N/A (not applicable)"
"3923780",0,17460,2022,2018,202203,4797651,8,4251.9,1,2077240,1,13,115737,9,1,2,1,100,0,0,0,1,0,0,0,0,9999999,0,"Cleveland-Elyria, OH","N/A (not applicable)"
"14027212",6400,36740,2022,2018,202203,1347322,30,4899.7,4,2134411,2,22,70144,29,1,24,1,100,0,0,10,101,55,5500,0,0,70144,32,"Orlando-Kissimmee-Sanford, FL","Insulation workers"
"7188231",440,26420,2022,2021,202203,6176078,35,3793,3,5920416,2,22,82149,31,2,37,1,100,0,0,11,114,62,6200,0,0,43236,68,"Houston-The Woodlands-Sugar Land, TX","Other managers"
"4014443",0,17820,2022,2019,202203,1129102,74,168.4,1,645613,2,22,48225,102,2,6,2,200,0,0,1,12,0,0,0,0,9999999,0,"Colorado Springs, CO","N/A (not applicable)"
"10892136",4040,0,2022,2020,202203,3435739,2,227.3,0,127108,2,22,22663,2,2,51,1,100,0,0,6,63,0,0,0,0,22663,19,"Not in identifiable area","Bartenders"
"3413658",0,40140,2022,2018,202203,370550,10,1704,1,4224851,2,22,83588,24,2,17,1,100,0,0,5,50,0,0,0,0,0,0,"Riverside-San Bernardino-Ontario, CA","N/A (not applicable)"
"959079",0,0,2022,2019,202203,6685272,8,237.8,0,55220,1,13,81983,13,1,52,1,100,0,0,7,71,0,0,0,0,10334,0,"Not in identifiable area","N/A (not applicable)"
"105842",0,0,2022,2020,202203,5384127,21,350,0,88281,1,13,118980,30,2,8,1,100,0,0,1,16,0,0,0,0,9999999,0,"Not in identifiable area","N/A (not applicable)"
"15420710",9620,19740,2022,2019,202203,1122433,47,3731.2,4,2543482,2,22,128256,39,1,18,1,100,0,0,6,64,0,0,0,0,27213,8,"Denver-Aurora-Lakewood, CO","Laborers and freight, stock, and material movers, hand"
"13350059",5740,13380,2022,2021,202203,6717719,5,667.7,1,201140,0,0,9999999,5,2,42,1,100,0,0,6,63,0,0,0,0,7566,61,"Bellingham, WA","Secretaries and administrative assistants, except legal, medical, and executive"
"12589187",4950,29540,2022,2018,202203,5235943,16,450.7,1,519445,1,13,16133,16,2,60,1,100,0,0,6,65,0,0,0,0,-8417,27,"Lancaster, PA","Door-to-door sales workers, news and street vendors, and related workers"
"7348807",440,31080,2022,2020,202203,684909,32,9714.4,1,12828837,1,13,299716,31,1,53,1,100,0,0,6,63,0,0,0,0,167705,68,"Los Angeles-Long Beach-Anaheim, CA","Other managers"
"13163670",5510,15940,2022,2018,202203,4785937,14,2746.2,1,404422,1,13,53894,14,2,68,1,100,0,0,6,65,0,0,0,0,41268,28,"Canton-Massillon, OH","Couriers and messengers"
"8063773",1031,0,2022,2022,202203,1198763,28,3920.1,0,294567,2,21,90000,27,2,42,8,826,0,0,10,101,60,6002,0,0,45000,65,"Not in identifiable area","Web developers"
"14713673",8320,45300,2022,2018,202203,1339257,12,2877.9,1,2783243,1,12,70611,9,2,34,7,700,3,300,0,2,0,0,0,0,29226,18,"Tampa-St. Petersburg-Clearwater, FL","Sewing machine operators"
"9278857",2400,47900,2022,2020,202203,6517852,42,11162.8,5,5636232,1,13,881810,44,2,51,1,100,0,0,11,116,64,6402,0,0,166572,68,"Washington-Arlington-Alexandria, DC-VA-MD-WV","Archivists, curators, and museum technicians"
"5655267",0,36260,2022,2019,202203,6378431,24,2078.4,5,597159,1,13,180844,22,2,15,1,100,0,0,2,26,0,0,0,0,0,0,"Ogden-Clearfield, UT","N/A (not applicable)"
"5850101",0,42540,2022,2021,202203,5395875,1,1172.2,6,563631,0,0,9999999,1,1,6,8,845,4,460,0,2,0,0,0,0,9999999,0,"Scranton--Wilkes-Barre--Hazleton, PA","N/A (not applicable)"
"4339265",0,36260,2022,2020,202203,6386620,26,2078.4,5,597159,1,13,91784,70,1,9,8,801,0,0,1,16,0,0,0,0,9999999,0,"Ogden-Clearfield, UT","N/A (not applicable)"
"3851974",0,19740,2022,2021,202203,1171793,13,2954.3,4,2543482,1,13,88635,13,2,17,1,100,0,0,5,50,0,0,0,0,0,0,"Denver-Aurora-Lakewood, CO","N/A (not applicable)"
"10173708",3601,35620,2022,2019,202203,4215972,24,40561,2,19567410,2,22,34447,24,2,38,1,100,4,460,6,63,0,0,0,0,34447,13,"New York-Newark-Jersey City, NY-NJ-PA","Home health aides"
"4458607",0,41860,2022,2021,202203,860120,14,8909.6,1,4335391,1,13,256608,15,1,63,7,700,1,100,6,63,0,0,0,0,19456,0,"San Francisco-Oakland-Hayward, CA","N/A (not applicable)"
"6102925",0,29820,2022,2018,202203,3773383,13,3684.6,1,1951269,1,13,79496,13,2,68,5,500,0,0,8,81,0,0,0,0,9352,0,"Las Vegas-Henderson-Paradise, NV","N/A (not applicable)"
"8357788",1545,38300,2022,2019,202203,5282851,30,1154.8,5,2356285,1,13,138934,31,1,32,1,100,0,0,8,81,0,0,0,0,102191,67,"Pittsburgh, PA","Other drafters"
"2932038",0,28140,2022,2022,202203,3675716,12,2466.4,4,2009342,1,13,55000,13,2,13,1,100,0,0,2,25,0,0,0,0,9999999,0,"Kansas City, MO-KS","N/A (not applicable)"
"975599",0,16980,2022,2019,202203,2152048,5,705,2,9461105,1,13,154091,6,2,68,1,100,0,0,6,63,0,0,0,0,6889,0,"Chicago-Naperville-Elgin, IL-IN-WI","N/A (not applicable)"
"5200831",0,38300,2022,2020,202203,5383526,5,625.1,5,2356285,1,12,113314,4,1,8,1,100,0,0,1,15,0,0,0,0,9999999,0,"Pittsburgh, PA","N/A (not applicable)"
"14673325",8225,18140,2022,2020,202203,4877417,9,636,5,1901974,0,0,9999999,9,1,33,1,100,0,0,6,63,0,0,0,0,7252,18,"Columbus, OH","Other metal workers and plastic workers"
"3865739",0,0,2022,2021,202203,5417991,51,103.6,0,47193,1,12,51019,54,2,38,1,100,0,0,6,63,0,0,0,0,0,0,"Not in identifiable area","N/A (not applicable)"
"10717684",4020,33100,2022,2022,202203,1745062,46,4026.4,2,5564635,1,13,87400,46,2,66,2,200,0,0,11,114,60,6000,0,0,57400,15,"Miami-Fort Lauderdale-West Palm Beach, FL","Cooks"
"4550339",0,41940,2022,2018,202203,355366,3,8910.9,4,1836911,0,0,9999999,3,1,80,1,100,0,0,6,63,0,0,0,0,37527,0,"San Jose-Sunnyvale-Santa Clara, CA","N/A (not applicable)"
"8042180",1021,14460,2022,2020,202203,3054678,15,19377.3,4,4552402,2,22,466854,15,1,32,1,100,0,0,11,116,24,2408,0,0,285551,65,"Boston-Cambridge-Newton, MA-NH","Software developers"
"5498888",0,47900,2022,2018,202203,2865655,22,3555,5,5636232,1,13,262220,28,1,39,6,610,0,0,11,114,23,2304,0,0,0,0,"Washington-Arlington-Alexandria, DC-VA-MD-WV","N/A (not applicable)"
"14940595",9005,0,2022,2018,202203,5261572,5,106.7,0,455339,1,13,81834,5,2,44,1,100,0,0,10,101,13,1303,0,0,39748,68,"Not in identifiable area","Supervisors of transportation and material moving workers"
"3250291",0,17900,2022,2020,202203,5598864,5,319.1,1,767598,1,13,90651,5,1,11,1,100,1,100,2,23,0,0,0,0,9999999,0,"Columbia, SC","N/A (not applicable)"
"10425845",3649,38900,2022,2021,202203,5177790,7,2947.5,5,2226009,1,13,211859,5,2,76,1,100,0,0,8,81,0,0,0,0,82149,38,"Portland-Vancouver-Hillsboro, OR-WA","Phlebotomists"
"13285141",5610,0,2022,2019,202203,4851226,4,189.1,0,39210,1,12,97024,3,2,60,1,100,0,0,6,63,0,0,0,0,29280,22,"Not in identifiable area","Shipping, receiving, and inventory clerks"
"13473640",5740,27260,2022,2022,202203,1730846,28,216.6,4,1345596,1,13,81000,28,2,53,2,200,0,0,6,65,0,0,0,0,40000,61,"Jacksonville, FL","Secretaries and administrative assistants, except legal, medical, and executive"
"1896013",0,11100,2022,2019,202203,5981760,10,1423.4,4,251933,1,13,97598,11,1,8,1,100,0,0,1,15,0,0,0,0,9999999,0,"Amarillo, TX","N/A (not applicable)"
"14322009",7315,38060,2022,2022,202203,250724,77,4048.7,2,4192887,2,22,109000,55,1,19,7,700,1,100,6,63,0,0,0,0,37000,27,"Phoenix-Mesa-Scottsdale, AZ","Heating, air conditioning, and refrigeration mechanics and installers"
"13096482",5400,31080,2022,2018,202203,426183,13,5754.4,1,12828837,2,22,180737,13,2,34,1,100,1,100,7,71,0,0,0,0,37410,44,"Los Angeles-Long Beach-Anaheim, CA","Receptionists and information clerks"
"10030531",3323,0,2022,2022,202203,4738526,10,223.1,0,64896,1,13,108000,9,2,64,1,100,0,0,8,81,0,0,0,0,45000,48,"Not in identifiable area","Radiologic technologists and technicians"
"2786623",0,0,2022,2021,202203,5765417,14,91.1,0,33811,1,12,23023,22,2,9,1,100,0,0,1,15,0,0,0,0,9999999,0,"Not in identifiable area","N/A (not applicable)"
"5253099",0,40900,2022,2018,202203,432771,2,429.3,1,2149127,1,12,88147,2,2,73,1,100,0,0,7,71,0,0,0,0,7833,0,"Sacramento--Roseville--Arden-Arcade, CA","N/A (not applicable)"
"14079399",6442,0,2022,2022,202203,4079822,28,173.9,0,33654,1,13,62000,28,1,37,8,826,1,100,6,63,0,0,0,0,22000,34,"Not in identifiable area","Plumbers, pipefitters, and steamfitters"
"6955238",230,33340,2022,2019,202203,6859948,17,1617.5,1,1555908,1,13,217128,18,2,60,1,100,0,0,6,65,0,0,0,0,189456,72,"Milwaukee-Waukesha-West Allis, WI","Education and childcare administrators"
"7235890",440,42660,2022,2022,202203,6769510,12,4630.3,1,3439809,1,13,177500,12,2,52,1,100,0,0,7,71,0,0,0,0,106000,68,"Seattle-Tacoma-Bellevue, WA","Other managers"
"2118144",0,19100,2022,2018,202203,5906147,22,3431.9,3,6426214,1,13,229954,22,2,15,6,610,0,0,4,40,0,0,0,0,0,0,"Dallas-Fort Worth-Arlington, TX","N/A (not applicable)"
"15692493",9920,19380,2022,2021,202203,4951902,8,2675.6,1,799232,2,22,218344,9,1,17,1,100,0,0,4,40,0,0,0,0,0,0,"Dayton, OH","Unemployed, with no work experience in the last 5 years or earlier or never worked"
"15207623",9130,19780,2022,2019,202203,2501212,21,1560.9,6,569633,1,12,137786,21,1,74,1,100,0,0,6,63,0,0,0,0,121711,15,"Des Moines-West Des Moines, IA","Driver/sales workers and truck drivers"
"15433031",9620,16980,2022,2019,202203,2101754,8,3793.3,2,9461105,0,0,9999999,8,1,19,1,100,0,0,7,71,0,0,0,0,4593,8,"Chicago-Naperville-Elgin, IL-IN-WI","Laborers and freight, stock, and material movers, hand"
"12431905",4840,33100,2022,2018,202203,1367041,12,6000.1,2,5564635,2,22,45593,12,2,31,2,200,0,0,10,101,61,6103,0,0,23381,47,"Miami-Fort Lauderdale-West Palm Beach, FL","Sales representatives of services, except advertising, insurance, financial services, and travel"
"2206878",0,12100,2022,2019,202203,3906092,10,680.9,4,274549,1,12,31002,10,1,77,1,100,0,0,11,115,55,5501,62,6203,31002,0,"Atlantic City-Hammonton, NJ","N/A (not applicable)"
"11615761",4600,35620,2022,2022,202203,4034854,33,26274.7,2,19567410,2,22,126800,26,2,19,7,700,4,460,6,63,0,0,0,0,18200,26,"New York-Newark-Jersey City, NY-NJ-PA","Childcare workers"
"6478530",10,12420,2022,2019,202203,5957649,33,4544.2,4,1716289,1,13,63382,33,2,58,1,100,0,0,10,101,55,5507,0,0,13779,68,"Austin-Round Rock, TX","Chief executives and legislators"
"9108701",2320,31080,2022,2018,202203,394826,8,7313,1,12828837,1,13,10522,7,1,58,1,100,1,100,11,114,55,5501,0,0,10522,72,"Los Angeles-Long Beach-Anaheim, CA","Secondary school teachers"
"15604459",9645,0,2022,2018,202203,5214997,13,206.9,0,40055,0,0,9999999,13,1,20,2,200,0,0,7,71,0,0,0,0,0,44,"Not in identifiable area","Stockers and order fillers"
"12063801",4720,45060,2022,2018,202203,4148885,40,6991.5,6,662577,2,22,25719,39,2,23,2,200,2,200,6,63,0,0,0,0,25719,44,"Syracuse, NY","Cashiers"
"9053015",2310,41740,2022,2020,202203,733418,10,2956.2,1,3095313,1,13,241359,9,2,53,7,700,0,0,11,114,23,2300,0,0,100850,72,"San Diego-Carlsbad, CA","Elementary and middle school teachers"
"679796",0,0,2022,2021,202203,320394,6,95.9,0,64389,1,12,114901,6,1,71,2,200,0,0,5,50,0,0,0,0,28752,0,"Not in identifiable area","N/A (not applicable)"
"558877",0,0,2022,2020,202203,3424699,10,125.9,0,102019,1,13,66629,10,2,7,1,100,0,0,1,14,0,0,0,0,9999999,0,"Not in identifiable area","N/A (not applicable)"
"2054828",0,0,2022,2021,202203,5179208,7,64.7,0,47265,1,12,50695,12,2,18,1,100,0,0,6,63,0,0,0,0,0,0,"Not in identifiable area","N/A (not applicable)"
"282171",0,0,2022,2019,202203,2570998,3,140.2,0,28329,1,12,53162,3,2,72,1,100,0,0,6,63,0,0,0,0,28131,0,"Not in identifiable area","N/A (not applicable)"
"5043880",0,33100,2022,2018,202203,1344839,8,5424,2,5564635,1,13,137365,8,1,69,2,200,0,0,5,50,0,0,0,0,62895,0,"Miami-Fort Lauderdale-West Palm Beach, FL","N/A (not applicable)"
"9604088",2920,36740,2022,2021,202203,1600260,10,4504.4,4,2134411,1,13,172946,10,1,39,1,100,0,0,8,81,0,0,0,0,21618,50,"Orlando-Kissimmee-Sanford, FL","Television, video, and film camera operators and editors"
"12272346",4760,31140,2022,2019,202203,2656079,14,3783.8,3,1235708,2,22,40188,14,2,58,1,100,0,0,10,101,55,5501,0,0,40188,47,"Louisville/Jefferson County, KY-IN","Retail salespersons"
"5870698",0,35620,2022,2022,202203,4436274,37,85359.9,2,19567410,2,22,18000,37,2,60,2,200,0,0,6,63,0,0,0,0,0,0,"New York-Newark-Jersey City, NY-NJ-PA","N/A (not applicable)"
"10404919",3645,0,2022,2022,202203,2797691,2,190.5,0,64302,1,12,97000,7,2,27,8,826,4,498,10,101,40,4000,0,0,15000,38,"Not in identifiable area","Medical assistants"
"4377788",0,31080,2022,2019,202203,617962,12,8664,1,12828837,1,13,112066,12,2,59,1,100,1,100,2,22,0,0,0,0,11941,0,"Los Angeles-Long Beach-Anaheim, CA","N/A (not applicable)"
"7793200",800,31080,2022,2019,202203,551302,12,7721.8,1,12828837,1,13,211272,12,2,46,4,400,0,0,11,114,21,2102,0,0,91857,78,"Los Angeles-Long Beach-Anaheim, CA","Accountants and auditors"
"9084660",2310,0,2022,2021,202203,4677663,11,224.7,0,134168,1,13,37832,11,2,57,1,100,0,0,10,101,55,5507,0,0,37832,72,"Not in identifiable area","Elementary and middle school teachers"
"9625742",3040,35620,2022,2021,202203,3976267,29,1944.3,2,19567410,1,12,152192,29,1,71,1,100,0,0,11,114,55,5506,0,0,57072,79,"New York-Newark-Jersey City, NY-NJ-PA","Optometrists"
"15652836",9830,0,2022,2021,202203,4661810,20,229.8,0,91597,1,13,50803,8,1,57,1,100,0,0,7,71,0,0,0,0,50803,18,"Not in identifiable area","Military, rank not specified"
"7086441",410,47260,2022,2021,202203,6565025,37,5270.5,5,1676822,2,22,44317,37,1,30,8,815,0,0,6,64,0,0,0,0,44317,32,"Virginia Beach-Norfolk-Newport News, VA-NC","Property, real estate, and community association managers"
"543905",0,33460,2022,2020,202203,3430791,325,824.8,5,3348859,1,13,163172,206,2,13,1,100,0,0,2,25,0,0,0,0,9999999,0,"Minneapolis-St. Paul-Bloomington, MN-WI","N/A (not applicable)"
"14337928",7330,24140,2022,2019,202203,4572552,10,337.8,1,122623,1,13,92891,10,1,59,1,100,0,0,6,65,0,0,0,0,55689,27,"Goldsboro, NC","Industrial and refractory machinery mechanics"
"5069075",0,40140,2022,2019,202203,595327,30,1704,1,4224851,2,22,0,35,1,16,2,200,2,200,5,50,0,0,0,0,0,0,"Riverside-San Bernardino-Ontario, CA","N/A (not applicable)"
"4294370",0,38060,2022,2021,202203,238992,12,2922.3,2,4192887,1,13,318869,10,2,16,1,100,0,0,4,40,0,0,0,0,0,0,"Phoenix-Mesa-Scottsdale, AZ","N/A (not applicable)"
"13737753",6200,35620,2022,2021,202203,3989739,21,1227.7,2,19567410,1,12,413341,25,1,54,1,100,0,0,6,65,0,0,0,0,14160,68,"New York-Newark-Jersey City, NY-NJ-PA","First-line supervisors of construction trades and extraction workers"
"4522888",0,12060,2022,2022,202203,1974962,17,5280.4,4,5286728,1,12,162100,17,1,55,1,100,0,0,10,101,64,6402,0,0,12100,0,"Atlanta-Sandy Springs-Roswell, GA","N/A (not applicable)"
"11132657",4150,12420,2022,2018,202203,5842716,13,2487.7,4,1716289,2,22,84406,20,2,20,1,100,1,100,6,63,0,0,0,0,4209,15,"Austin-Round Rock, TX","Hosts and hostesses, restaurant, lounge, and coffee shop"
"3799868",0,17140,2022,2020,202203,4884522,17,1340.5,4,2114580,1,12,27875,23,1,57,1,100,0,0,4,40,0,0,0,0,10878,0,"Cincinnati, OH-KY-IN","N/A (not applicable)"
"14992424",9122,0,2022,2022,202203,3357596,11,438.5,0,215962,1,12,37300,11,1,86,1,100,0,0,6,63,0,0,0,0,37300,24,"Not in identifiable area","Bus drivers, transit and intercity"
"12791418",5120,35620,2022,2022,202203,4476554,17,42947.8,2,19567410,1,13,94200,14,2,51,1,100,0,0,6,65,0,0,0,0,64800,51,"New York-Newark-Jersey City, NY-NJ-PA","Bookkeeping, accounting, and auditing clerks"
"2034356",0,19100,2022,2019,202203,6012742,11,357.4,3,6426214,1,13,124237,11,2,81,1,100,0,0,10,101,62,6203,0,0,51325,0,"Dallas-Fort Worth-Arlington, TX","N/A (not applicable)"
"5377445",0,38900,2022,2019,202203,6678104,10,548.4,5,2226009,1,13,241126,9,1,12,1,100,0,0,2,22,0,0,0,0,9999999,0,"Portland-Vancouver-Hillsboro, OR-WA","N/A (not applicable)"
"5065028",0,34980,2022,2018,202203,5688823,15,677,5,1670890,1,13,514386,12,1,5,1,100,0,0,1,11,0,0,0,0,9999999,0,"Nashville-Davidson--Murfreesboro--Franklin, TN","N/A (not applicable)"
"2294656",0,17460,2022,2020,202203,4917146,9,4251.9,1,2077240,1,13,0,7,2,84,1,100,0,0,0,2,0,0,0,0,0,0,"Cleveland-Elyria, OH","N/A (not applicable)"
"15334766",9610,41180,2022,2022,202203,2309847,6,715.8,5,2787701,1,13,36000,7,1,27,1,100,0,0,6,64,0,0,0,0,4000,8,"St. Louis, MO-IL","Cleaners of vehicles and equipment"
"15459169",9620,0,2022,2018,202203,6792723,11,251.3,0,355172,1,12,34370,10,1,62,1,100,0,0,4,40,0,0,0,0,5845,8,"Not in identifiable area","Laborers and freight, stock, and material movers, hand"
"8365216",1551,19660,2022,2022,202203,1725836,19,907.1,1,590289,1,12,118450,19,1,62,1,100,0,0,6,65,0,0,0,0,118450,62,"Deltona-Daytona Beach-Ormond Beach, FL","Electrical and electronic engineering technologists and technicians"
"10269449",3602,46520,2022,2022,202203,2006880,55,5744.5,1,953207,1,13,138400,55,1,40,6,685,0,0,8,81,0,0,0,0,114400,13,"Urban Honolulu, HI","Personal care aides"
"12865650",5240,35620,2022,2019,202203,4207634,55,9073.8,2,19567410,1,13,149555,54,1,52,1,100,2,200,10,101,62,6201,0,0,126591,44,"New York-Newark-Jersey City, NY-NJ-PA","Customer service representatives"
"12795650",5120,0,2022,2022,202203,248314,78,39.2,0,39949,1,12,83000,77,2,40,8,826,1,100,6,63,0,0,0,0,40000,51,"Not in identifiable area","Bookkeeping, accounting, and auditing clerks"
"4520292",0,19380,2022,2022,202203,4989384,17,2785.5,1,799232,1,13,30700,16,2,7,1,100,0,0,1,15,0,0,0,0,9999999,0,"Dayton, OH","N/A (not applicable)"
"13833661",6240,0,2022,2018,202203,1332378,12,55.5,0,111452,0,0,9999999,12,1,31,1,100,0,0,6,65,0,0,0,0,0,12,"Not in identifiable area","Carpet, floor, and tile installers and finishers"
"4686589",0,42540,2022,2019,202203,5298104,10,1172.2,6,563631,1,13,17223,10,1,63,1,100,0,0,6,63,0,0,0,0,17223,0,"Scranton--Wilkes-Barre--Hazleton, PA","N/A (not applicable)"
"1955281",0,19100,2022,2021,202203,6175166,5,5665.7,3,6426214,1,13,289144,7,1,9,1,100,0,0,1,16,0,0,0,0,9999999,0,"Dallas-Fort Worth-Arlington, TX","N/A (not applicable)"
"6858339",205,0,2022,2020,202203,6122841,3,45.2,0,12838,1,12,96317,2,1,51,1,100,0,0,7,71,0,0,0,0,67988,14,"Not in identifiable area","Farmers, ranchers, and other agricultural managers"
"13157940",5420,10740,2022,2018,202203,4042821,12,237,3,887077,1,13,156771,13,2,72,1,100,0,0,11,115,23,2304,0,0,16016,44,"Albuquerque, NM","Other information and records clerks"
"9499540",2722,29180,2022,2020,202203,2761565,5,1657.2,6,466750,2,22,123512,6,1,31,1,100,0,0,10,101,34,3401,0,0,73654,64,"Lafayette, LA","Coaches and scouts"
"5917552",0,48300,2022,2022,202203,6761540,3,352,1,110892,1,12,140000,1,2,4,1,100,0,0,0,2,0,0,0,0,9999999,0,"Wenatchee, WA","N/A (not applicable)"
"7471942",600,16980,2022,2021,202203,2215333,24,17525.2,2,9461105,1,13,142194,25,1,54,8,826,1,100,7,71,0,0,0,0,68097,68,"Chicago-Naperville-Elgin, IL-IN-WI","Cost estimators"
"7095994",410,0,2022,2021,202203,6581318,18,119.1,0,80334,1,12,124197,17,1,68,1,100,0,0,10,101,24,2414,0,0,29185,32,"Not in identifiable area","Property, real estate, and community association managers"
"4624668",0,27260,2022,2021,202203,1583326,41,160.5,3,1345596,1,12,206022,41,1,67,1,100,0,0,10,101,50,5006,0,0,29293,0,"Jacksonville, FL","N/A (not applicable)"
"264092",0,0,2022,2021,202203,3291702,7,123.3,0,126933,1,12,88635,5,1,6,1,100,0,0,1,11,0,0,0,0,9999999,0,"Not in identifiable area","N/A (not applicable)"
"76144",0,0,2022,2022,202203,2845876,5,31.3,0,67307,1,13,120360,3,1,1,1,100,0,0,0,1,0,0,0,0,9999999,0,"Not in identifiable area","N/A (not applicable)"
"5475290",0,26420,2022,2020,202203,6060637,32,1887.2,3,5920416,1,13,134844,38,1,1,8,826,1,100,0,1,0,0,0,0,9999999,0,"Houston-The Woodlands-Sugar Land, TX","N/A (not applicable)"
"13436667",5740,37860,2022,2019,202203,1470092,10,1817.5,1,448991,1,12,107932,11,2,64,1,100,0,0,6,63,0,0,0,0,42484,61,"Pensacola-Ferry Pass-Brent, FL","Secretaries and administrative assistants, except legal, medical, and executive"
"7472505",600,16980,2022,2019,202203,2144825,12,2112.7,2,9461105,1,13,152713,15,1,33,1,100,0,0,10,101,62,6203,0,0,80375,68,"Chicago-Naperville-Elgin, IL-IN-WI","Cost estimators"
"9359042",2545,41940,2022,2021,202203,911562,10,7395.7,4,1836911,1,13,149706,11,2,37,7,700,0,0,11,114,55,5505,0,0,0,65,"San Jose-Sunnyvale-Santa Clara, CA","Teaching assistants"
"688023",0,15500,2022,2021,202203,4683195,13,681.2,1,151131,1,13,54046,14,1,5,1,100,0,0,0,2,0,0,0,0,9999999,0,"Burlington, NC","N/A (not applicable)"
"155633",0,0,2022,2022,202203,87017,7,62.2,0,28053,0,0,9999999,7,1,59,1,100,0,0,6,63,0,0,0,0,0,0,"Not in identifiable area","N/A (not applicable)"
"1274014",0,0,2022,2021,202203,3752581,4,47.5,0,16229,1,12,49268,3,2,9,1,100,0,0,1,17,0,0,0,0,9999999,0,"Not in identifiable area","N/A (not applicable)"
"8815936",2205,41740,2022,2019,202203,624835,20,257.5,1,3095313,1,12,10908,19,2,65,1,100,0,0,11,114,55,5504,0,0,10908,84,"San Diego-Carlsbad, CA","Postsecondary teachers"
"4535492",0,34980,2022,2020,202203,5740580,22,1182,5,1670890,1,13,121246,34,2,21,6,600,0,0,10,101,21,2102,0,0,0,0,"Nashville-Davidson--Murfreesboro--Franklin, TN","N/A (not applicable)"
"663730",0,0,2022,2020,202203,312743,6,62.5,0,42034,1,12,82946,7,1,72,1,100,0,0,6,63,0,0,0,0,67988,0,"Not in identifiable area","N/A (not applicable)"
"10390639",3645,49180,2022,2020,202203,4642138,37,420.4,6,640595,1,13,55184,36,2,40,1,100,0,0,8,81,0,0,0,0,47025,38,"Winston-Salem, NC","Medical assistants"
"8150063",1108,32820,2022,2021,202203,5764187,15,1888.3,6,1324829,1,13,135114,15,2,41,2,200,0,0,6,63,0,0,0,0,97282,65,"Memphis, TN-MS-AR","Computer occupations, all other"
"7264910",440,45780,2022,2018,202203,4774956,25,1335.4,5,610001,1,13,74001,23,2,64,1,100,0,0,6,65,0,0,0,0,55530,68,"Toledo, OH","Other managers"
"2375712",0,19820,2022,2020,202203,3261352,37,4246.2,4,4296250,1,13,49405,29,1,70,1,100,0,0,7,71,0,0,0,0,30481,0,"Detroit-Warren-Dearborn, MI","N/A (not applicable)"
"693059",0,0,2022,2018,202203,6965872,16,708.5,0,70533,1,12,58453,19,2,10,1,100,0,0,1,17,0,0,0,0,9999999,0,"Not in identifiable area","N/A (not applicable)"
"15501840",9640,42020,2022,2021,202203,908293,14,345.7,1,269637,1,13,61504,21,2,37,8,826,4,498,6,63,0,0,0,0,50803,18,"San Luis Obispo-Paso Robles-Arroyo Grande, CA","Packers and packagers, hand"
"3768298",0,31080,2022,2019,202203,522897,35,22781.4,1,12828837,2,22,36743,32,2,43,1,100,1,100,2,23,0,0,0,0,0,0,"Los Angeles-Long Beach-Anaheim, CA","N/A (not applicable)"
"12575008",4920,31080,2022,2021,202203,899327,24,8107,1,12828837,2,22,144842,25,2,29,1,100,0,0,10,101,62,6203,0,0,90797,62,"Los Angeles-Long Beach-Anaheim, CA","Real estate brokers and sales agents"
"1288041",0,0,2022,2021,202203,5768495,7,196.8,0,97131,1,12,76745,7,2,82,1,100,0,0,6,63,0,0,0,0,18051,0,"Not in identifiable area","N/A (not applicable)"
"4357277",0,19100,2022,2022,202203,6269772,8,2837.7,3,6426214,1,13,122600,10,2,9,6,640,0,0,0,2,0,0,0,0,9999999,0,"Dallas-Fort Worth-Arlington, TX","N/A (not applicable)"
"5780644",0,35840,2022,2020,202203,1553677,12,2027.8,1,702281,1,12,115580,15,2,79,1,100,0,0,10,101,37,3700,0,0,22663,0,"North Port-Sarasota-Bradenton, FL","N/A (not applicable)"
"8508058",2002,0,2022,2022,202203,3342999,36,200.6,0,107491,1,13,108100,48,2,95,1,100,0,0,10,101,61,6107,0,0,47400,65,"Not in identifiable area","Educational, guidance, and career counselors and advisors"
"6790606",150,0,2022,2019,202203,3201533,2,175.5,0,107502,2,22,47077,3,1,22,1,100,0,0,6,63,0,0,0,0,18371,77,"Not in identifiable area","Purchasing managers"
"6951846",230,35620,2022,2021,202203,3984534,7,3534.9,2,19567410,1,12,152625,7,2,83,1,100,0,0,10,101,61,6107,0,0,85500,72,"New York-Newark-Jersey City, NY-NJ-PA","Education and childcare administrators"
"11441880",4251,0,2022,2019,202203,4834180,2,217.5,0,71525,1,12,35021,2,1,62,1,100,0,0,6,61,0,0,0,0,35021,11,"Not in identifiable area","Landscaping and groundskeeping workers"
"4820594",0,39580,2022,2018,202203,4535626,20,1212.7,5,1130490,1,13,194064,11,1,13,4,400,0,0,2,23,0,0,0,0,9999999,0,"Raleigh, NC","N/A (not applicable)"
"10659202",4010,45300,2022,2021,202203,1663633,14,609.3,1,2783243,1,12,135114,13,1,21,1,100,0,0,8,81,0,0,0,0,16214,68,"Tampa-St. Petersburg-Clearwater, FL","First-line supervisors of food preparation and serving workers"
"13994806",6355,19100,2022,2018,202203,5880399,57,4020.1,3,6426214,2,22,69910,65,1,21,1,100,4,416,6,63,0,0,0,0,11691,44,"Dallas-Fort Worth-Arlington, TX","Electricians"
"11983914",4720,0,2022,2022,202203,2704398,60,2068,0,472099,1,13,186000,53,2,16,2,200,0,0,5,50,0,0,0,0,5000,44,"Not in identifiable area","Cashiers"
"2333489",0,31080,2022,2022,202203,1026357,12,6285.4,1,12828837,1,13,152300,12,2,9,7,700,0,0,1,16,0,0,0,0,9999999,0,"Los Angeles-Long Beach-Anaheim, CA","N/A (not applicable)"
"1506139",0,0,2022,2019,202203,5295286,4,91.8,0,55967,1,13,90824,4,2,11,1,100,0,0,2,23,0,0,0,0,9999999,0,"Not in identifiable area","N/A (not applicable)"
"12526861",4920,41500,2022,2021,202203,812046,53,1423.2,6,415057,1,13,432365,53,2,42,1,100,0,0,10,101,55,5501,0,0,10809,62,"Salinas, CA","Real estate brokers and sales agents"
"4764978",0,19100,2022,2021,202203,6196612,17,3053,3,6426214,1,12,66584,16,2,73,1,100,0,0,7,71,0,0,0,0,14052,0,"Dallas-Fort Worth-Arlington, TX","N/A (not applicable)"
"2287478",0,0,2022,2019,202203,5288523,14,103.6,0,47193,2,22,241080,14,2,61,1,100,0,0,6,64,0,0,0,0,0,0,"Not in identifiable area","N/A (not applicable)"
"11924009",4710,19820,2022,2018,202203,3175468,20,5369.2,4,4296250,1,13,121582,21,2,36,1,100,0,0,10,101,62,6207,62,6206,63129,68,"Detroit-Warren-Dearborn, MI","First-line supervisors of non-retail sales workers"
"8464908",1860,19820,2022,2019,202203,3202964,17,2309.9,4,4296250,1,13,600518,14,1,41,1,100,0,0,11,116,21,2102,0,0,114822,81,"Detroit-Warren-Dearborn, MI","Other social scientists"
"11262463",4220,0,2022,2021,202203,70162,26,231.7,0,106154,2,21,12971,26,2,32,2,200,0,0,5,50,0,0,0,0,12971,9,"Not in identifiable area","Janitors and building cleaners"
"15402424",9620,0,2022,2019,202203,2563864,2,66.3,0,15516,1,12,113214,4,1,33,1,100,0,0,6,63,0,0,0,0,47077,8,"Not in identifiable area","Laborers and freight, stock, and material movers, hand"
"3614670",0,27900,2022,2018,202203,3558285,15,375.2,1,175518,1,13,22563,14,2,0,1,100,0,0,0,1,0,0,0,0,9999999,0,"Joplin, MO","N/A (not applicable)"
"3105528",0,0,2022,2020,202203,4320072,2,86.1,0,66583,1,12,60215,2,2,77,1,100,0,0,2,26,0,0,0,0,8181,0,"Not in identifiable area","N/A (not applicable)"
"8814885",2205,0,2022,2019,202203,2107774,9,128.2,0,149329,1,13,182567,11,2,59,1,100,0,0,10,101,23,2300,0,0,113673,84,"Not in identifiable area","Postsecondary teachers"
"7510615",630,31340,2022,2018,202203,6448658,16,126.7,1,252634,1,13,135260,16,2,41,1,100,0,0,7,71,0,0,0,0,87563,84,"Lynchburg, VA","Human resources workers"
"13252079",5600,0,2022,2022,202203,5107967,13,53,0,19495,2,22,67000,13,1,43,1,100,0,0,8,81,0,0,0,0,42000,44,"Not in identifiable area","Production, planning, and expediting clerks"
"10362466",3630,26420,2022,2021,202203,6204451,3,89.6,3,5920416,1,12,15781,3,2,34,8,826,1,100,6,65,0,0,0,0,0,26,"Houston-The Woodlands-Sugar Land, TX","Massage therapists"
"1025539",0,26900,2022,2018,202203,2328797,51,965.6,1,1887877,1,13,107554,54,1,13,1,100,0,0,2,25,0,0,0,0,9999999,0,"Indianapolis-Carmel-Anderson, IN","N/A (not applicable)"
"3372069",0,35620,2022,2019,202203,4203028,38,63518.4,2,19567410,1,13,10793,38,2,80,2,200,4,415,6,61,0,0,0,0,0,0,"New York-Newark-Jersey City, NY-NJ-PA","N/A (not applicable)"
"2386601",0,0,2022,2021,202203,2438169,2,166,0,110645,1,12,81068,2,1,77,1,100,0,0,6,63,0,0,0,0,55775,0,"Not in identifiable area","N/A (not applicable)"
"11329365",4230,29820,2022,2019,202203,3786974,24,5634,1,1951269,1,13,129749,24,1,58,1,100,0,0,6,61,0,0,0,0,51670,10,"Las Vegas-Henderson-Paradise, NV","Maids and housekeeping cleaners"
"11367644",4230,20100,2022,2020,202203,1296639,45,550.2,1,162310,2,22,20397,46,2,52,7,700,0,0,7,71,0,0,0,0,20397,10,"Dover, DE","Maids and housekeeping cleaners"
"12852853",5240,26420,2022,2021,202203,6171715,19,2137.4,3,5920416,1,12,112415,19,2,64,2,200,0,0,10,101,23,2306,23,2399,96201,44,"Houston-The Woodlands-Sugar Land, TX","Customer service representatives"
"2181623",0,12060,2022,2021,202203,1896078,16,1426.6,4,5286728,1,13,3891,16,2,74,1,100,0,0,6,63,0,0,0,0,2054,0,"Atlanta-Sandy Springs-Roswell, GA","N/A (not applicable)"
"816063",0,34980,2022,2020,202203,5740867,23,774.3,5,1670890,1,12,135977,5,1,1,2,200,0,0,0,1,0,0,0,0,9999999,0,"Nashville-Davidson--Murfreesboro--Franklin, TN","N/A (not applicable)"
"11340498",4230,33100,2022,2020,202203,1543587,59,11837.1,2,5564635,2,22,64362,59,2,38,1,100,4,413,6,63,0,0,0,0,20397,10,"Miami-Fort Lauderdale-West Palm Beach, FL","Maids and housekeeping cleaners"
"6601714",52,14460,2022,2020,202203,3057072,15,6887.3,4,4552402,2,22,90651,14,1,26,1,100,0,0,10,101,13,1303,0,0,90651,72,"Boston-Cambridge-Newton, MA-NH","Sales managers"
"12375901",4810,38300,2022,2018,202203,5270587,16,1154.8,5,2356285,2,22,37410,16,2,42,1,100,0,0,8,81,0,0,0,0,37410,66,"Pittsburgh, PA","Insurance sales agents"
"7099634",410,31080,2022,2021,202203,796566,22,8778.5,1,12828837,1,13,340487,20,2,38,1,100,0,0,10,101,61,6109,0,0,243205,32,"Los Angeles-Long Beach-Anaheim, CA","Property, real estate, and community association managers"
"5993855",0,37980,2022,2019,202203,5279780,17,1786.3,2,5965343,1,13,540121,18,1,10,1,100,0,0,1,17,0,0,0,0,9999999,0,"Philadelphia-Camden-Wilmington, PA-NJ-DE-MD","N/A (not applicable)"
"10644514",4000,0,2022,2020,202203,6895899,18,182.9,0,55089,2,22,13598,18,1,24,1,100,0,0,6,63,0,0,0,0,13598,15,"Not in identifiable area","Chefs and head cooks"
"2109410",0,14460,2022,2021,202203,3091089,12,3683.9,4,4552402,1,13,105929,9,2,49,1,100,0,0,7,71,0,0,0,0,0,0,"Boston-Cambridge-Newton, MA-NH","N/A (not applicable)"
"9175569",2320,12420,2022,2019,202203,5945504,22,2189,4,1716289,1,12,59133,21,2,39,1,100,0,0,10,101,62,6203,62,6206,59133,72,"Austin-Round Rock, TX","Secondary school teachers"
"142604",0,0,2022,2021,202203,80958,33,112.8,0,60918,1,13,64098,37,2,4,1,100,0,0,1,11,0,0,0,0,9999999,0,"Not in identifiable area","N/A (not applicable)"
"4617389",0,38940,2022,2018,202203,1389704,19,981.9,1,424107,1,12,55530,18,2,67,1,100,0,0,6,65,0,0,0,0,19289,0,"Port St. Lucie, FL","N/A (not applicable)"
"6594389",52,0,2022,2021,202203,6749955,2,66.2,0,83477,1,13,194564,2,1,55,1,100,0,0,10,101,62,6203,0,0,103768,72,"Not in identifiable area","Sales managers"
"7318339",440,41180,2022,2019,202203,3610652,13,1213.5,5,2787701,2,21,97598,14,1,58,1,100,0,0,6,63,0,0,0,0,97598,68,"St. Louis, MO-IL","Other managers"
"10386958",3645,27780,2022,2018,202203,5261679,3,482.1,1,143679,1,13,95863,2,2,32,1,100,0,0,8,81,0,0,0,0,29226,38,"Johnstown, PA","Medical assistants"
"7557494",705,41860,2022,2018,202203,449929,14,3449.1,1,4335391,1,13,351887,14,2,58,1,100,0,0,10,101,23,2308,0,0,116906,68,"San Francisco-Oakland-Hayward, CA","Project management specialists"
"6921159",230,31080,2022,2021,202203,840675,12,8370.4,1,12828837,1,13,170352,12,1,62,6,610,0,0,11,114,24,2401,0,0,151328,72,"Los Angeles-Long Beach-Anaheim, CA","Education and childcare administrators"
"7219610",440,14460,2022,2021,202203,3081015,13,1534.8,4,4552402,1,12,205373,13,2,59,1,100,0,0,11,114,55,5507,0,0,64855,68,"Boston-Cambridge-Newton, MA-NH","Other managers"
"3838309",0,17140,2022,2018,202203,4785301,24,2428.6,4,2114580,1,12,326635,24,1,73,1,100,0,0,11,114,55,5501,0,0,284783,0,"Cincinnati, OH-KY-IN","N/A (not applicable)"
"4814248",0,39580,2022,2018,202203,4519204,40,882.9,5,1130490,1,13,567345,38,1,5,1,100,0,0,1,11,0,0,0,0,9999999,0,"Raleigh, NC","N/A (not applicable)"
"3436029",0,40140,2022,2021,202203,833931,11,1923.5,1,4224851,1,12,1729,11,2,94,1,100,0,0,11,115,61,6103,0,0,1729,0,"Riverside-San Bernardino-Ontario, CA","N/A (not applicable)"
"13251618",5600,38900,2022,2020,202203,5162949,42,2041.6,5,2226009,1,13,64589,40,2,62,1,100,0,0,6,65,0,0,0,0,43059,44,"Portland-Vancouver-Hillsboro, OR-WA","Production, planning, and expediting clerks"
"15063981",9130,0,2022,2020,202203,2177376,18,99.3,0,173892,1,13,46232,24,1,38,1,100,0,0,6,63,0,0,0,0,43059,15,"Not in identifiable area","Driver/sales workers and truck drivers"
"13180926",5510,16980,2022,2022,202203,2446139,26,1982.5,3,9461105,2,22,50000,32,2,23,2,200,0,0,6,63,0,0,0,0,25000,28,"Chicago-Naperville-Elgin, IL-IN-WI","Couriers and messengers"
"9966686",3258,0,2022,2021,202203,6973575,68,43.1,0,30256,1,13,203211,67,2,30,1,100,0,0,11,114,61,6109,0,0,105929,46,"Not in identifiable area","Nurse practitioners, and nurse midwives"
"5567417",0,29820,2022,2022,202203,3822844,9,3127.3,1,1951269,1,12,58810,9,2,69,1,100,0,0,6,63,0,0,0,0,2700,0,"Las Vegas-Henderson-Paradise, NV","N/A (not applicable)"
"13763902",6230,40140,2022,2021,202203,853565,13,1566.5,1,4224851,1,12,17511,13,1,73,1,100,0,0,7,71,0,0,0,0,17511,19,"Riverside-San Bernardino-Ontario, CA","Carpenters"
"13832315",6240,0,2022,2021,202203,224832,7,174.8,0,100242,1,12,39237,9,1,63,8,802,1,100,6,63,0,0,0,0,0,12,"Not in identifiable area","Carpet, floor, and tile installers and finishers"
"13425423",5740,29820,2022,2020,202203,3794158,21,3656.2,1,1951269,1,13,62663,21,2,61,1,100,0,0,6,65,0,0,0,0,40453,61,"Las Vegas-Henderson-Paradise, NV","Secretaries and administrative assistants, except legal, medical, and executive"
"2288899",0,0,2022,2018,202203,4550763,6,81.8,0,61018,1,13,21160,6,1,77,1,100,0,0,7,71,0,0,0,0,7833,0,"Not in identifiable area","N/A (not applicable)"
"15437767",9620,26420,2022,2022,202203,6260254,17,4963.5,3,5920416,1,12,109400,15,2,26,8,826,1,100,6,65,0,0,0,0,38000,8,"Houston-The Woodlands-Sugar Land, TX","Laborers and freight, stock, and material movers, hand"
"13593231",5860,19100,2022,2021,202203,6227201,5,5574.4,3,6426214,1,13,155867,6,2,71,1,100,0,0,6,63,0,0,0,0,70259,44,"Dallas-Fort Worth-Arlington, TX","Office clerks, general"
"8161114",1108,29100,2022,2022,202203,6956335,28,1016.6,6,133661,1,13,129200,25,1,47,1,100,0,0,10,101,60,6002,0,0,45000,65,"La Crosse-Onalaska, WI-MN","Computer occupations, all other"
"744976",0,0,2022,2022,202203,2540121,11,115.7,0,33864,1,13,330000,27,2,1,7,700,0,0,0,1,0,0,0,0,9999999,0,"Not in identifiable area","N/A (not applicable)"
"15045826",9130,41740,2022,2021,202203,786814,33,12547.4,1,3095313,1,13,92958,33,1,54,2,200,0,0,5,50,0,0,0,0,92958,15,"San Diego-Carlsbad, CA","Driver/sales workers and truck drivers"
"15488972",9630,49620,2022,2021,202203,5429643,9,491.7,1,434972,2,22,21618,11,1,31,1,100,4,498,6,63,0,0,0,0,5405,8,"York-Hanover, PA","Machine feeders and offbearers"
"9515268",2752,27780,2022,2022,202203,5510108,3,433.6,1,143665,1,13,75400,4,2,70,1,100,0,0,8,81,0,0,0,0,15400,52,"Johnstown, PA","Musicians and singers"
"4527326",0,36740,2022,2018,202203,1344141,12,4504.4,4,2134411,2,22,6430,14,2,12,7,700,2,200,2,25,0,0,0,0,9999999,0,"Orlando-Kissimmee-Sanford, FL","N/A (not applicable)"
"5707965",0,19740,2022,2022,202203,1191566,16,6563.9,4,2543482,1,13,120000,18,2,7,6,640,0,0,1,14,0,0,0,0,9999999,0,"Denver-Aurora-Lakewood, CO","N/A (not applicable)"
"3675430",0,40900,2022,2021,202203,860157,56,2973.8,1,2149127,2,22,191321,59,2,1,1,100,0,0,0,1,0,0,0,0,9999999,0,"Sacramento--Roseville--Arden-Arcade, CA","N/A (not applicable)"
"852236",0,0,2022,2021,202203,6403783,7,26,0,19776,1,13,34481,6,2,70,1,100,0,0,7,71,0,0,0,0,34481,0,"Not in identifiable area","N/A (not applicable)"
"7485535",630,35620,2022,2019,202203,3917563,12,2459.8,2,19567410,1,13,114305,12,2,54,1,100,0,0,6,65,0,0,0,0,172,84,"New York-Newark-Jersey City, NY-NJ-PA","Human resources workers"
"13144287",5410,41860,2022,2018,202203,490882,14,20506.8,1,4335391,1,12,184127,20,2,45,6,600,0,0,10,101,19,1901,0,0,12860,60,"San Francisco-Oakland-Hayward, CA","Reservation and transportation ticket agents and travel clerks"
"6293457",0,39460,2022,2022,202203,1730068,52,988.5,1,159978,1,13,113800,47,1,6,1,100,0,0,1,11,0,0,0,0,9999999,0,"Punta Gorda, FL","N/A (not applicable)"
"7902722",960,40900,2022,2022,202203,979513,15,5890.1,1,2149127,2,22,202000,15,1,63,1,100,0,0,6,63,0,0,0,0,82000,68,"Sacramento--Roseville--Arden-Arcade, CA","Other financial specialists"
"1829701",0,0,2022,2019,202203,5965264,7,66.1,0,298219,2,22,13090,7,2,78,2,200,0,0,3,30,0,0,0,0,13090,0,"Not in identifiable area","N/A (not applicable)"
"15452988",9620,31140,2022,2019,202203,2379943,12,812.8,3,1235708,1,13,87035,12,1,53,1,100,0,0,6,63,0,0,0,0,87035,8,"Louisville/Jefferson County, KY-IN","Laborers and freight, stock, and material movers, hand"
"11310859",4230,31080,2022,2021,202203,885598,21,19631.5,1,12828837,2,22,74907,21,2,35,1,100,1,100,8,81,0,0,0,0,42047,10,"Los Angeles-Long Beach-Anaheim, CA","Maids and housekeeping cleaners"
"5149198",0,40220,2022,2022,202203,6587906,11,258.6,5,216461,1,12,14000,11,1,65,1,100,0,0,8,81,0,0,0,0,500,0,"Roanoke, VA","N/A (not applicable)"
"8085878",1050,39580,2022,2021,202203,4660189,15,3108,5,1130490,1,13,108102,15,1,59,1,100,0,0,10,101,62,6203,0,0,108102,65,"Raleigh, NC","Computer support specialists"
"9488599",2722,0,2022,2020,202203,6807330,6,251.3,0,355172,1,13,40396,6,2,23,1,100,0,0,8,81,0,0,0,0,340,64,"Not in identifiable area","Coaches and scouts"
"12184613",4760,27060,2022,2022,202203,4477321,19,652.6,1,101564,2,22,416500,12,2,22,1,100,0,0,7,71,0,0,0,0,404000,47,"Ithaca, NY","Retail salespersons"
"1892075",0,11100,2022,2021,202203,6212807,13,1354,4,251933,1,13,76745,11,1,17,8,802,4,450,5,50,0,0,0,0,0,0,"Amarillo, TX","N/A (not applicable)"
"7966582",1010,0,2022,2019,202203,3732572,39,82.2,0,25496,1,12,111607,38,1,49,1,100,0,0,11,114,21,2102,37,3700,111607,65,"Not in identifiable area","Computer programmers"
"6517583",20,40140,2022,2021,202203,881242,39,4715.2,1,4224851,2,22,76745,38,1,46,7,700,1,100,8,81,0,0,0,0,44317,68,"Riverside-San Bernardino-Ontario, CA","General and operations managers"
"6209170",0,42660,2022,2022,202203,6774601,12,3225.2,1,3439809,1,13,98000,10,2,71,1,100,0,0,6,63,0,0,0,0,28000,0,"Seattle-Tacoma-Bellevue, WA","N/A (not applicable)"
"9689074",3090,0,2022,2021,202203,3295360,35,334.3,0,248256,1,12,226991,34,2,61,1,100,0,0,11,116,61,6107,54,5404,78907,92,"Not in identifiable area","Physicians"
"11774298",4700,12580,2022,2022,202203,2965299,16,4608,3,2710489,1,12,190000,13,2,38,1,100,0,0,6,63,0,0,0,0,100000,68,"Baltimore-Columbia-Towson, MD","First-line supervisors of retail sales workers"
"10965110",4110,0,2022,2020,202203,2022985,60,40,0,28804,2,22,19037,60,2,44,1,100,0,0,6,63,0,0,0,0,19037,16,"Not in identifiable area","Waiters and waitresses"
"5114167",0,45060,2022,2020,202203,4304390,4,1283.4,6,662577,1,13,62323,4,1,76,8,826,3,300,6,65,0,0,0,0,57790,0,"Syracuse, NY","N/A (not applicable)"
"69122",0,42660,2022,2020,202203,6707819,39,3710.4,1,3439809,2,22,0,39,2,34,1,100,0,0,6,65,0,0,0,0,0,0,"Seattle-Tacoma-Bellevue, WA","N/A (not applicable)"
"4251216",0,13980,2022,2018,202203,6454747,23,342.6,1,178237,2,22,81834,23,2,10,1,100,0,0,1,17,0,0,0,0,9999999,0,"Blacksburg-Christiansburg-Radford, VA","N/A (not applicable)"
"8668293",2100,19740,2022,2020,202203,1142334,18,8004.2,4,2543482,1,13,419262,13,1,54,1,100,0,0,11,115,55,5506,0,0,283285,93,"Denver-Aurora-Lakewood, CO","Lawyers, and judges, magistrates, and other judicial workers"
"3119572",0,15980,2022,2021,202203,1622162,6,1767.4,1,618754,1,12,77826,5,1,69,1,100,0,0,7,71,0,0,0,0,21726,0,"Cape Coral-Fort Myers, FL","N/A (not applicable)"
"7186854",440,14260,2022,2018,202203,2012925,25,699.1,5,616561,1,13,241411,40,2,57,1,100,0,0,6,65,0,0,0,0,207041,68,"Boise City, ID","Other managers"
"5133317",0,47900,2022,2020,202203,6537058,12,384.3,5,2090231,2,22,128045,9,1,39,1,100,0,0,10,101,53,5301,0,0,40793,0,"Washington-Arlington-Alexandria, DC-VA-MD-WV","N/A (not applicable)"
"10106799",3500,17460,2022,2020,202203,4907907,11,4251.9,1,2077240,1,13,74107,11,2,55,1,100,0,0,7,71,0,0,0,0,22210,22,"Cleveland-Elyria, OH","Licensed practical and licensed vocational nurses"
"5383862",0,35300,2022,2018,202203,1206544,23,8285.9,1,862477,0,0,9999999,23,1,49,1,100,2,200,6,63,0,0,0,0,2689,0,"New Haven-Milford, CT","N/A (not applicable)"
"12978613",5240,0,2022,2019,202203,6425359,21,84.7,0,126774,1,12,77160,28,2,79,1,100,0,0,6,64,0,0,0,0,40188,44,"Not in identifiable area","Customer service representatives"
"12245067",4760,19820,2022,2021,202203,3310954,9,4129.9,4,4296250,1,13,60963,9,1,66,1,100,0,0,10,101,62,6203,0,0,31671,47,"Detroit-Warren-Dearborn, MI","Retail salespersons"
"11458753",4252,28140,2022,2022,202203,3685208,28,331.9,4,2009342,2,22,74400,18,1,40,1,100,0,0,6,63,0,0,0,0,25400,11,"Kansas City, MO-KS","Tree trimmers and pruners"
"4255419",0,19100,2022,2018,202203,5931379,28,3479.5,3,6426214,1,12,80314,26,2,16,7,700,1,100,3,30,0,0,0,0,0,0,"Dallas-Fort Worth-Arlington, TX","N/A (not applicable)"
"2493560",0,32780,2022,2021,202203,5185778,21,183.6,1,203206,2,22,17727,23,2,66,1,100,0,0,6,63,0,0,0,0,2594,0,"Medford, OR","N/A (not applicable)"
"7705084",750,40900,2022,2019,202203,613304,19,3680.7,1,2149127,2,22,160750,22,2,58,1,100,1,100,6,65,0,0,0,0,65448,66,"Sacramento--Roseville--Arden-Arcade, CA","Business operations specialists, all other"
"5516830",0,41740,2022,2018,202203,473703,12,3090,1,3095313,1,13,73300,12,1,71,1,100,1,100,7,71,0,0,0,0,52374,0,"San Diego-Carlsbad, CA","N/A (not applicable)"
"14429555",7700,0,2022,2020,202203,3743210,25,47.5,0,16229,1,13,106515,26,1,34,1,100,0,0,7,71,0,0,0,0,94051,49,"Not in identifiable area","First-line supervisors of production and operating workers"
"4118203",0,0,2022,2022,202203,6349541,2,63.9,0,200596,1,13,197000,1,1,15,1,100,0,0,2,26,0,0,0,0,0,0,"Not in identifiable area","N/A (not applicable)"
"3599988",0,31080,2022,2021,202203,788159,26,7436.1,1,12828837,1,12,103119,29,1,35,2,200,0,0,7,71,0,0,0,0,1297,0,"Los Angeles-Long Beach-Anaheim, CA","N/A (not applicable)"
"13343104",5740,16980,2022,2022,202203,2310219,25,5699.1,3,9461105,2,22,104500,25,2,62,1,100,0,0,7,71,0,0,0,0,14500,61,"Chicago-Naperville-Elgin, IL-IN-WI","Secretaries and administrative assistants, except legal, medical, and executive"
"14320889",7315,27780,2022,2019,202203,5299639,3,482.1,1,143679,1,13,118840,3,1,50,1,100,0,0,6,65,0,0,0,0,44206,27,"Johnstown, PA","Heating, air conditioning, and refrigeration mechanics and installers"
"107747",0,19820,2022,2021,202203,3272951,3,977.5,4,4296250,0,0,9999999,3,1,74,1,100,0,0,11,114,48,4801,0,0,0,0,"Detroit-Warren-Dearborn, MI","N/A (not applicable)"
"11180912",4220,0,2022,2021,202203,5089001,7,1053.4,0,130291,1,12,96201,6,1,65,2,200,0,0,7,71,0,0,0,0,41075,9,"Not in identifiable area","Janitors and building cleaners"
"13084015",5400,0,2022,2022,202203,6352356,22,342.5,0,34568,1,13,155000,22,2,25,9,963,1,100,6,63,0,0,0,0,5000,44,"Not in identifiable area","Receptionists and information clerks"
"14816018",8740,41860,2022,2018,202203,406387,37,4237.3,1,4335391,1,13,120062,33,2,26,1,100,1,100,6,63,0,0,0,0,4326,18,"San Francisco-Oakland-Hayward, CA","Inspectors, testers, sorters, samplers, and weighers"
"1913096",0,11260,2022,2022,202203,123573,23,86.3,6,181760,1,13,75100,17,2,13,7,700,4,498,2,25,0,0,0,0,9999999,0,"Anchorage, AK","N/A (not applicable)"
"5910922",0,41860,2022,2019,202203,538013,42,3322.5,1,4335391,2,22,57181,79,2,18,1,100,0,0,5,50,0,0,0,0,0,0,"San Francisco-Oakland-Hayward, CA","N/A (not applicable)"
"7588044",705,19820,2022,2021,202203,3295302,19,5428.4,4,4296250,1,12,77501,20,1,57,1,100,0,0,10,101,50,5004,0,0,67017,68,"Detroit-Warren-Dearborn, MI","Project management specialists"
"779546",0,34980,2022,2019,202203,5728888,22,774.3,5,1670890,1,12,82672,22,2,62,1,100,0,0,6,63,0,0,0,0,43517,0,"Nashville-Davidson--Murfreesboro--Franklin, TN","N/A (not applicable)"
"10592915",3930,16980,2022,2020,202203,2164018,8,13991.3,2,9461105,1,13,55127,7,1,18,1,100,1,100,6,65,0,0,0,0,2776,8,"Chicago-Naperville-Elgin, IL-IN-WI","Security guards and gaming surveillance officers"
"3702331",0,28140,2022,2019,202203,3605602,12,2390.8,5,2009342,2,22,64071,13,2,79,1,100,0,0,11,114,33,3301,23,2304,64071,0,"Kansas City, MO-KS","N/A (not applicable)"
"4331437",0,17140,2022,2021,202203,4941869,25,2437.8,4,2114580,1,13,157273,30,2,18,1,100,0,0,6,63,0,0,0,0,0,0,"Cincinnati, OH-KY-IN","N/A (not applicable)"
"9602874",2920,31080,2022,2018,202203,435928,16,16688.9,1,12828837,2,22,163668,16,2,27,1,100,0,0,6,63,0,0,0,0,116906,50,"Los Angeles-Long Beach-Anaheim, CA","Television, video, and film camera operators and editors"
"3419961",0,44140,2022,2022,202203,3118405,20,1471.7,5,621570,2,22,10800,20,1,54,1,100,0,0,3,30,0,0,0,0,10800,0,"Springfield, MA","N/A (not applicable)"
"2512290",0,47900,2022,2020,202203,2907126,8,4616.4,5,5636232,1,13,237960,7,2,6,1,100,0,0,1,12,0,0,0,0,9999999,0,"Washington-Arlington-Alexandria, DC-VA-MD-WV","N/A (not applicable)"
"9793808",3255,13820,2022,2020,202203,61569,14,68.3,6,188255,1,13,69246,14,2,45,1,100,0,0,10,101,61,6107,0,0,0,46,"Birmingham-Hoover, AL","Registered nurses"
"243970",0,33100,2022,2021,202203,1592095,40,7807.8,2,5564635,1,13,101065,53,2,15,2,200,0,0,2,26,0,0,0,0,0,0,"Miami-Fort Lauderdale-West Palm Beach, FL","N/A (not applicable)"
"3363695",0,0,2022,2020,202203,5664098,9,56.9,0,12743,1,13,131444,2,1,5,1,100,0,0,0,2,0,0,0,0,9999999,0,"Not in identifiable area","N/A (not applicable)"
"7061193",350,0,2022,2019,202203,3513716,15,48.8,0,33451,1,13,121711,15,2,68,1,100,0,0,10,101,60,6000,0,0,52818,46,"Not in identifiable area","Medical and health services managers"
"6678222",120,16980,2022,2020,202203,2195783,13,426.3,2,9461105,1,12,112181,13,2,59,1,100,0,0,6,65,0,0,0,0,61190,68,"Chicago-Naperville-Elgin, IL-IN-WI","Financial managers"
"10372443",3640,12100,2022,2020,202203,3947488,15,680.9,4,274549,1,13,144475,17,2,35,1,100,0,0,6,63,0,0,0,0,57224,38,"Atlantic City-Hammonton, NJ","Dental assistants"
"641987",0,0,2022,2020,202203,4899384,1,86.1,0,88441,2,22,27875,1,1,75,1,100,0,0,6,63,0,0,0,0,10198,0,"Not in identifiable area","N/A (not applicable)"
"15714893",9920,26900,2022,2020,202203,2401541,32,347.7,1,1887877,1,13,202492,14,1,16,1,100,0,0,4,40,0,0,0,0,0,0,"Indianapolis-Carmel-Anderson, IN","Unemployed, with no work experience in the last 5 years or earlier or never worked"
"2960531",0,40900,2022,2022,202203,989155,18,7053.5,1,2149127,2,22,78900,17,2,68,5,500,0,0,7,71,0,0,0,0,23900,0,"Sacramento--Roseville--Arden-Arcade, CA","N/A (not applicable)"
"14795717",8740,0,2022,2020,202203,5367655,63,492,0,148289,1,12,109688,57,1,36,1,100,0,0,10,101,24,2400,0,0,37734,18,"Not in identifiable area","Inspectors, testers, sorters, samplers, and weighers"
"4905872",0,41700,2022,2018,202203,5841274,9,4239,4,2142508,1,13,44424,9,2,37,1,100,1,100,7,71,0,0,0,0,0,0,"San Antonio-New Braunfels, TX","N/A (not applicable)"
"13082741",5400,31340,2022,2022,202203,6583309,11,760.9,1,252634,0,0,9999999,11,1,21,2,200,0,0,7,71,0,0,0,0,3000,44,"Lynchburg, VA","Receptionists and information clerks"
"10424797",3649,26420,2022,2018,202203,5910420,7,5538,3,5920416,2,22,138534,12,2,34,2,200,0,0,10,101,61,6107,0,0,40917,38,"Houston-The Woodlands-Sugar Land, TX","Phlebotomists"
"11441488",4251,35620,2022,2019,202203,4230233,13,479.6,2,19567410,1,12,173381,13,1,52,1,100,0,0,7,71,0,0,0,0,143527,11,"New York-Newark-Jersey City, NY-NJ-PA","Landscaping and groundskeeping workers"
"10105370",3500,41860,2022,2021,202203,850092,68,5583.4,1,4335391,1,13,173162,68,1,42,6,600,0,0,10,101,55,5506,0,0,86581,22,"San Francisco-Oakland-Hayward, CA","Licensed practical and licensed vocational nurses"
"6825700",205,0,2022,2019,202203,2133056,9,128.2,0,149329,2,22,114248,10,1,67,1,100,0,0,6,63,0,0,0,0,84394,14,"Not in identifiable area","Farmers, ranchers, and other agricultural managers"
"13230340",5550,17140,2022,2018,202203,4795590,18,586.1,4,2114580,1,13,109892,19,2,46,1,100,0,0,7,71,0,0,0,0,3507,53,"Cincinnati, OH-KY-IN","Postal service mail carriers"
"8473950",1920,12420,2022,2020,202203,6062044,14,1573.5,4,1716289,1,12,58923,14,1,53,1,100,0,0,8,81,0,0,0,0,58923,53,"Austin-Round Rock, TX","Chemical technicians"
"4192258",0,35620,2022,2020,202203,3939127,58,9761.5,2,19567410,1,12,89518,37,2,79,1,100,0,0,6,63,0,0,0,0,17677,0,"New York-Newark-Jersey City, NY-NJ-PA","N/A (not applicable)"
"6138674",0,45940,2022,2020,202203,3956656,11,1572.5,1,366513,1,13,75920,20,1,55,4,400,0,0,10,101,26,2603,0,0,0,0,"Trenton, NJ","N/A (not applicable)"
"2180037",0,0,2022,2020,202203,1993060,7,509.5,0,120306,2,22,12465,6,1,15,1,100,0,0,3,30,0,0,0,0,0,0,"Not in identifiable area","N/A (not applicable)"
"2212823",0,0,2022,2018,202203,4158297,6,159,0,88259,1,12,19406,6,2,83,1,100,0,0,6,63,0,0,0,0,19406,0,"Not in identifiable area","N/A (not applicable)"
"6447903",10,0,2022,2020,202203,6905648,4,307.3,0,86260,1,12,234605,5,1,58,1,100,0,0,6,63,0,0,0,0,119002,68,"Not in identifiable area","Chief executives and legislators"
"7500952",630,40140,2022,2018,202203,476790,20,2339.9,1,4224851,2,22,98201,20,2,65,1,100,0,0,6,63,0,0,0,0,98201,84,"Riverside-San Bernardino-Ontario, CA","Human resources workers"
"1772473",0,0,2022,2019,202203,1814070,21,106.9,0,89896,0,0,9999999,21,2,66,1,100,0,0,7,71,0,0,0,0,0,0,"Not in identifiable area","N/A (not applicable)"
"2437277",0,26420,2022,2022,202203,6311374,12,3645.2,3,5920416,1,13,101200,11,1,2,1,100,0,0,0,1,0,0,0,0,9999999,0,"Houston-The Woodlands-Sugar Land, TX","N/A (not applicable)"
"10678835",4010,19820,2022,2021,202203,3305268,17,865,4,4296250,1,13,183539,22,1,21,1,100,0,0,6,63,0,0,0,0,27023,68,"Detroit-Warren-Dearborn, MI","First-line supervisors of food preparation and serving workers"
"8110725",1065,12060,2022,2022,202203,1946101,14,2809.3,4,5286728,1,13,165500,14,1,36,6,610,0,0,11,114,25,2502,0,0,150000,65,"Atlanta-Sandy Springs-Roswell, GA","Database administrators and architects"
"13403868",5740,28940,2022,2018,202203,5677447,6,317,6,837571,1,13,57752,7,2,38,1,100,0,0,8,81,0,0,0,0,57752,61,"Knoxville, TN","Secretaries and administrative assistants, except legal, medical, and executive"
"114649",0,19820,2022,2020,202203,3227535,1,5634.9,4,4296250,0,0,9999999,1,2,69,1,100,0,0,6,63,0,0,0,0,4873,0,"Detroit-Warren-Dearborn, MI","N/A (not applicable)"
"10536278",3870,0,2022,2022,202203,3323610,1,55.6,0,18865,1,12,219200,1,1,51,3,307,0,0,10,101,13,1303,53,5301,97100,39,"Not in identifiable area","Police officers"
"15166198",9130,45060,2022,2021,202203,4365402,5,1251.4,6,662577,1,13,41399,5,1,56,1,100,0,0,6,64,0,0,0,0,34589,15,"Syracuse, NY","Driver/sales workers and truck drivers"
"1964870",0,19100,2022,2021,202203,6213943,26,3053,3,6426214,2,22,78907,31,2,5,8,826,1,100,0,2,0,0,0,0,9999999,0,"Dallas-Fort Worth-Arlington, TX","N/A (not applicable)"
"9764648",3245,14740,2022,2022,202203,6781355,11,1027,1,251133,1,13,79200,12,2,63,1,100,0,0,11,114,61,6102,0,0,65000,58,"Bremerton-Silverdale, WA","Other therapists"
"12171471",4760,0,2022,2019,202203,6868467,161,963.4,0,225666,2,22,63841,209,1,26,1,100,0,0,6,64,0,0,0,0,45929,47,"Not in identifiable area","Retail salespersons"
"8731889",2100,37980,2022,2021,202203,3990996,14,2530.6,2,5965343,1,13,92958,14,2,53,1,100,0,0,11,115,53,5301,0,0,91878,93,"Philadelphia-Camden-Wilmington, PA-NJ-DE-MD","Lawyers, and judges, magistrates, and other judicial workers"
"8884406",2300,29180,2022,2019,202203,2753789,12,175.7,6,466750,1,13,58559,13,2,34,1,100,0,0,10,101,23,2307,0,0,58559,72,"Lafayette, LA","Preschool and kindergarten teachers"
"6439702",10,45300,2022,2020,202203,1542872,8,4340,1,2783243,1,13,332237,8,1,68,1,100,0,0,10,101,56,5601,0,0,218923,68,"Tampa-St. Petersburg-Clearwater, FL","Chief executives and legislators"
"12481993",4850,0,2022,2020,202203,3236091,73,183,0,53882,1,13,122946,84,1,56,1,100,0,0,7,71,0,0,0,0,86119,47,"Not in identifiable area","Sales representatives, wholesale and manufacturing"
"8552784",2011,35620,2022,2020,202203,4279407,8,904.7,2,19567410,1,13,52691,15,1,40,2,200,0,0,10,101,52,5200,29,2901,26629,64,"New York-Newark-Jersey City, NY-NJ-PA","Child, family, and school social workers"
"3438738",0,10740,2022,2021,202203,4067666,13,237,3,887077,1,13,69719,13,1,67,1,100,0,0,11,114,52,5200,0,0,35346,0,"Albuquerque, NM","N/A (not applicable)"
"10042441",3401,29540,2022,2022,202203,5500599,13,476.3,1,519445,2,22,245800,15,1,19,1,100,0,0,6,63,0,0,0,0,5800,48,"Lancaster, PA","Emergency medical technicians"
"7461839",565,36540,2022,2022,202203,3761682,19,2560.9,5,865350,1,13,186000,16,2,43,1,100,0,0,10,101,36,3600,0,0,101000,63,"Omaha-Council Bluffs, NE-IA","Compliance officers"
"7844931",850,35380,2022,2019,202203,2745139,15,3375.3,1,1189866,1,13,70041,24,2,38,2,200,0,0,10,101,34,3402,0,0,0,73,"New Orleans-Metairie, LA","Personal financial advisors"
"8617944",2025,41940,2022,2019,202203,623628,20,1584.6,4,1836911,1,13,223902,21,1,39,1,100,1,100,10,101,55,5507,0,0,114822,64,"San Jose-Sunnyvale-Santa Clara, CA","Other community and social service specialists"
"5266230",0,47260,2022,2018,202203,6449016,24,5420.5,5,1676822,1,13,75989,26,2,2,7,700,0,0,0,1,0,0,0,0,9999999,0,"Virginia Beach-Norfolk-Newport News, VA-NC","N/A (not applicable)"
"10273609",3603,14860,2022,2020,202203,1246368,39,10674.9,1,916829,1,12,50991,39,2,27,8,826,2,200,6,63,0,0,0,0,5666,13,"Bridgeport-Stamford-Norwalk, CT","Nursing assistants"
"15615891",9645,16980,2022,2018,202203,2079003,18,3409.9,2,9461105,1,12,44518,28,1,27,6,620,0,0,6,65,0,0,0,0,7014,44,"Chicago-Naperville-Elgin, IL-IN-WI","Stockers and order fillers"
"11432503",4251,38860,2022,2022,202203,2841911,8,678.8,1,514098,0,0,9999999,8,1,53,1,100,0,0,7,71,0,0,0,0,13200,11,"Portland-South Portland, ME","Landscaping and groundskeeping workers"
"12519832",4900,31080,2022,2022,202203,974985,11,11013.4,1,12828837,2,22,26100,11,1,62,1,100,0,0,0,2,0,0,0,0,26100,35,"Los Angeles-Long Beach-Anaheim, CA","Models, demonstrators, and product promoters"
"12422781",4840,35620,2022,2022,202203,4501134,11,98622.4,2,19567410,2,22,120000,11,2,28,8,818,0,0,11,114,64,6402,0,0,20000,47,"New York-Newark-Jersey City, NY-NJ-PA","Sales representatives of services, except advertising, insurance, financial services, and travel"
"10321181",3603,0,2022,2018,202203,2348707,48,158.4,0,40588,1,13,107554,48,2,31,1,100,0,0,6,65,0,0,0,0,35072,13,"Not in identifiable area","Nursing assistants"
"11850970",4700,28140,2022,2020,202203,2583480,3,215.1,5,607061,1,13,75694,3,2,51,1,100,0,0,10,101,62,6203,0,0,56657,68,"Kansas City, MO-KS","First-line supervisors of retail sales workers"
"3925823",0,0,2022,2022,202203,6959264,3,56.2,0,54277,1,12,89700,3,1,79,1,100,0,0,11,114,24,2405,0,0,31700,0,"Not in identifiable area","N/A (not applicable)"
"6718476",120,41860,2022,2020,202203,721962,6,7597.7,1,4335391,1,13,645890,6,2,33,1,100,0,0,11,114,50,5098,50,5007,645890,68,"San Francisco-Oakland-Hayward, CA","Financial managers"
"13645111",5940,26420,2022,2020,202203,6094626,25,1332.8,3,5920416,1,13,43059,26,2,40,8,845,0,0,6,65,0,0,0,0,43059,44,"Houston-The Woodlands-Sugar Land, TX","Other office and administrative support workers"
"3392870",0,21340,2022,2019,202203,6026293,33,2296,2,804123,1,13,210124,31,1,10,6,610,0,0,2,22,0,0,0,0,9999999,0,"El Paso, TX","N/A (not applicable)"
"14375917",7340,0,2022,2018,202203,3384246,8,50.1,0,26596,1,13,86043,8,1,39,1,100,0,0,8,81,0,0,0,0,64064,27,"Not in identifiable area","Maintenance and repair workers, general"
"4646529",0,33700,2022,2018,202203,422425,11,1656.9,1,514453,1,13,55998,11,2,68,1,100,0,0,6,63,0,0,0,0,9352,0,"Modesto, CA","N/A (not applicable)"
"11778792",4700,14460,2022,2018,202203,2993690,45,5397.7,4,4552402,2,22,31565,45,1,32,1,100,0,0,8,81,0,0,0,0,31565,68,"Boston-Cambridge-Newton, MA-NH","First-line supervisors of retail sales workers"
"14482708",7740,41860,2022,2020,202203,738524,293,3322.5,1,4335391,1,13,147082,197,1,46,7,700,1,100,7,71,0,0,0,0,67762,18,"San Francisco-Oakland-Hayward, CA","Structural metal fabricators and fitters"
"2234784",0,0,2022,2018,202203,4167261,3,86.1,0,66583,1,12,92239,3,1,5,1,100,0,0,1,11,0,0,0,0,9999999,0,"Not in identifiable area","N/A (not applicable)"
"8813327",2205,35620,2022,2021,202203,4336001,15,2290.9,2,19567410,0,0,9999999,15,1,18,1,100,0,0,7,71,0,0,0,0,1729,84,"New York-Newark-Jersey City, NY-NJ-PA","Postsecondary teachers"
"694435",0,0,2022,2021,202203,326596,6,95.9,0,64389,1,12,75664,19,1,6,6,610,0,0,1,12,0,0,0,0,9999999,0,"Not in identifiable area","N/A (not applicable)"
"3085017",0,25860,2022,2020,202203,4631606,11,547.1,6,365497,2,21,38527,16,1,2,1,100,2,200,0,1,0,0,0,0,9999999,0,"Hickory-Lenoir-Morganton, NC","N/A (not applicable)"
"13392505",5740,0,2022,2019,202203,40089,26,217.6,0,128274,1,13,177974,10,2,54,1,100,2,200,7,71,0,0,0,0,34447,61,"Not in identifiable area","Secretaries and administrative assistants, except legal, medical, and executive"
"6214175",0,41500,2022,2019,202203,644693,16,1423.2,6,415057,1,12,251115,16,1,77,1,100,0,0,10,101,37,3700,0,0,231021,0,"Salinas, CA","N/A (not applicable)"
"10180317",3601,41180,2022,2020,202203,2181022,23,131.2,5,305721,1,12,39320,23,2,66,1,100,0,0,6,63,0,0,0,0,39320,13,"St. Louis, MO-IL","Home health aides"
"4189750",0,33100,2022,2020,202203,1524473,85,9610.9,2,5564635,2,22,121926,212,1,4,1,100,0,0,0,2,0,0,0,0,9999999,0,"Miami-Fort Lauderdale-West Palm Beach, FL","N/A (not applicable)"
"12164612",4760,41860,2022,2019,202203,496798,20,16070.6,1,4335391,0,0,9999999,20,2,19,8,811,0,0,6,65,0,0,0,0,5741,47,"San Francisco-Oakland-Hayward, CA","Retail salespersons"
"9180369",2320,35620,2022,2018,202203,4101057,12,2793.2,2,19567410,1,13,438397,11,1,58,1,100,0,0,11,114,23,2306,0,0,151978,72,"New York-Newark-Jersey City, NY-NJ-PA","Secondary school teachers"
"6607008",52,19100,2022,2019,202203,5997193,19,4058.5,3,6426214,1,13,332983,19,1,52,1,100,0,0,10,101,37,3700,0,0,229643,72,"Dallas-Fort Worth-Arlington, TX","Sales managers"
"15268193",9365,35620,2022,2022,202203,4020456,3,2188.7,2,19567410,2,22,132200,3,1,39,8,826,1,100,2,23,0,0,0,0,32000,19,"New York-Newark-Jersey City, NY-NJ-PA","Transportation service attendants"
"5142004",0,35620,2022,2021,202203,3989481,12,5270.8,2,19567410,1,13,238341,10,2,16,1,100,0,0,3,30,0,0,0,0,0,0,"New York-Newark-Jersey City, NY-NJ-PA","N/A (not applicable)"
"9141796",2320,31080,2022,2020,202203,733569,10,10895.4,1,12828837,1,13,151161,8,2,64,1,100,0,0,11,114,23,2313,0,0,87252,72,"Los Angeles-Long Beach-Anaheim, CA","Secondary school teachers"
"7222187",440,38300,2022,2020,202203,5360275,3,460.9,5,2356285,1,12,63456,3,1,54,1,100,0,0,10,101,24,2414,0,0,63456,68,"Pittsburgh, PA","Other managers"
"13434140",5740,17460,2022,2019,202203,4835398,14,2888.3,1,2077240,1,13,59018,13,2,73,1,100,0,0,6,63,0,0,0,0,25261,61,"Cleveland-Elyria, OH","Secretaries and administrative assistants, except legal, medical, and executive"
"1815182",0,44140,2022,2021,202203,3069243,2,479,5,621570,0,0,9999999,2,2,75,8,826,2,200,2,25,0,0,0,0,19456,0,"Springfield, MA","N/A (not applicable)"
"6517548",20,0,2022,2019,202203,2129809,7,125.7,0,85067,2,22,89561,8,1,30,1,100,0,0,10,101,24,2405,0,0,89561,68,"Not in identifiable area","General and operations managers"
"5635432",0,37980,2022,2022,202203,5471341,123,20010.2,2,5965343,1,13,38000,92,2,17,4,400,0,0,5,50,0,0,0,0,0,0,"Philadelphia-Camden-Wilmington, PA-NJ-DE-MD","N/A (not applicable)"
"7656690",726,46060,2022,2021,202203,239580,23,440.9,1,980263,1,12,129926,19,2,48,1,100,0,0,11,114,55,5501,0,0,75880,47,"Tucson, AZ","Fundraisers"
"14951357",9030,0,2022,2021,202203,2948309,17,430.3,0,650441,2,22,128629,16,1,32,1,100,0,0,10,101,24,2401,0,0,128629,18,"Not in identifiable area","Aircraft pilots and flight engineers"
"1751683",0,10420,2022,2018,202203,4766801,3,586.9,1,703200,0,0,9999999,3,2,80,1,100,0,0,5,50,0,0,0,0,16718,0,"Akron, OH","N/A (not applicable)"
"12195250",4760,0,2022,2022,202203,2463022,11,124.4,0,38767,1,13,111000,15,1,26,1,100,0,0,2,26,0,0,0,0,63000,47,"Not in identifiable area","Retail salespersons"
"8965110",2310,0,2022,2019,202203,2019302,65,338.9,0,82176,2,21,45125,65,2,28,1,100,1,100,10,101,23,2304,49,4901,45125,72,"Not in identifiable area","Elementary and middle school teachers"
"11150062",4210,12060,2022,2018,202203,1800875,87,2021,4,5286728,1,13,180035,76,1,34,1,100,0,0,7,71,0,0,0,0,70144,49,"Atlanta-Sandy Springs-Roswell, GA","First-line supervisors of landscaping, lawn service, and groundskeeping workers"
"867219",0,0,2022,2018,202203,2472893,6,76.8,0,23479,1,13,39280,5,2,5,1,100,0,0,1,11,0,0,0,0,9999999,0,"Not in identifiable area","N/A (not applicable)"
"9033676",2310,0,2022,2019,202203,5065470,18,458.8,0,937478,2,22,173381,17,2,51,1,100,0,0,10,101,23,2300,0,0,42484,72,"Not in identifiable area","Elementary and middle school teachers"
"8280891",1430,31080,2022,2020,202203,735314,13,3950.9,1,12828837,1,13,111048,13,1,56,5,500,0,0,10,101,25,2502,0,0,111048,86,"Los Angeles-Long Beach-Anaheim, CA","Industrial engineers, including health and safety"
"8964893",2310,19100,2022,2020,202203,6107454,12,4768.2,3,6426214,1,12,133711,10,2,36,1,100,0,0,11,114,19,1903,0,0,20397,72,"Dallas-Fort Worth-Arlington, TX","Elementary and middle school teachers"
"1687122",0,0,2022,2018,202203,4806143,11,559.5,0,69486,1,12,59739,17,1,79,1,100,0,0,6,63,0,0,0,0,34370,0,"Not in identifiable area","N/A (not applicable)"
"9869460",3255,0,2022,2019,202203,1846462,7,53,0,22911,1,12,121596,7,2,70,1,100,0,0,8,81,0,0,0,0,107818,46,"Not in identifiable area","Registered nurses"
"8901852",2300,49180,2022,2020,202203,4638958,14,1877.8,6,640595,1,13,290311,14,2,42,6,620,0,0,10,101,60,6004,0,0,7025,72,"Winston-Salem, NC","Preschool and kindergarten teachers"
"9660777",3090,0,2022,2022,202203,2306719,7,1075.7,0,379186,1,12,1232000,3,2,43,6,610,0,0,11,115,23,2300,0,0,616000,92,"Not in identifiable area","Physicians"
"4847499",0,31860,2022,2022,202203,3473272,4,540.7,1,96740,1,13,100000,4,1,5,1,100,0,0,1,12,0,0,0,0,9999999,0,"Mankato-North Mankato, MN","N/A (not applicable)"
"1154836",0,0,2022,2018,202203,2007845,20,40,0,28804,1,13,70962,25,2,5,1,100,0,0,0,2,0,0,0,0,9999999,0,"Not in identifiable area","N/A (not applicable)"
"13772723",6230,35620,2022,2019,202203,3922079,13,15440,2,19567410,2,22,65334,12,1,21,7,700,1,100,6,61,0,0,0,0,9071,19,"New York-Newark-Jersey City, NY-NJ-PA","Carpenters"
"9765963",3245,41620,2022,2020,202203,6389314,7,304.4,4,824626,1,13,95410,7,2,35,1,100,0,0,10,101,29,2901,0,0,3626,58,"Salt Lake City, UT","Other therapists"
"9209168",2350,0,2022,2020,202203,6427683,10,134,0,46646,1,13,58515,10,2,66,1,100,0,0,10,101,52,5200,23,2307,38074,52,"Not in identifiable area","Tutors"
"4058476",0,47900,2022,2022,202203,6606694,20,3926.6,4,5636232,1,13,227000,27,1,15,1,100,0,0,2,26,0,0,0,0,0,0,"Washington-Arlington-Alexandria, DC-VA-MD-WV","N/A (not applicable)"
"9251629",2360,35300,2022,2018,202203,1215342,13,2126.3,1,862477,2,22,49101,13,1,32,1,100,0,0,6,65,0,0,0,0,49101,52,"New Haven-Milford, CT","Other teachers and instructors"
"14134889",6730,0,2022,2021,202203,2527678,6,35.5,0,12947,1,13,127612,5,1,51,1,100,0,0,6,65,0,0,0,0,56272,8,"Not in identifiable area","Highway maintenance workers"
"11820382",4700,29180,2022,2021,202203,2782175,30,175.7,6,466750,1,12,157597,14,2,57,1,100,0,0,6,63,0,0,0,0,107010,68,"Lafayette, LA","First-line supervisors of retail sales workers"
"1368853",0,0,2022,2022,202203,6434308,66,911.6,0,211239,1,12,140000,63,2,1,1,100,0,0,0,1,0,0,0,0,9999999,0,"Not in identifiable area","N/A (not applicable)"
"6303158",0,40140,2022,2021,202203,831506,12,3125.5,1,4224851,2,22,116847,13,2,14,8,826,1,100,2,26,0,0,0,0,9999999,0,"Riverside-San Bernardino-Ontario, CA","N/A (not applicable)"
"7252252",440,47900,2022,2022,202203,2953188,22,6929,4,5636232,2,22,260000,22,2,60,6,610,0,0,11,116,50,5003,0,0,140000,68,"Washington-Arlington-Alexandria, DC-VA-MD-WV","Other managers"
"9820028",3255,19100,2022,2018,202203,5913281,23,2719.7,3,6426214,2,22,203416,23,2,27,1,100,0,0,11,114,19,1901,0,0,107554,46,"Dallas-Fort Worth-Arlington, TX","Registered nurses"
"15347163",9620,49740,2022,2019,202203,165971,48,1358.2,1,195751,1,13,21586,48,1,61,1,100,0,0,5,50,0,0,0,0,21586,8,"Yuma, AZ","Laborers and freight, stock, and material movers, hand"
"5406024",0,47900,2022,2018,202203,2859919,19,3555,5,5636232,1,13,197571,16,1,11,2,200,0,0,2,22,0,0,0,0,9999999,0,"Washington-Arlington-Alexandria, DC-VA-MD-WV","N/A (not applicable)"
"10269187",3602,31080,2022,2022,202203,936654,14,12549.4,1,12828837,0,0,9999999,14,2,69,6,600,0,0,2,23,0,0,0,0,13400,13,"Los Angeles-Long Beach-Anaheim, CA","Personal care aides"
"5771538",0,41740,2022,2022,202203,962791,10,3176.5,1,3095313,1,12,405000,11,2,63,1,100,0,0,8,81,0,0,0,0,0,0,"San Diego-Carlsbad, CA","N/A (not applicable)"
"1354785",0,0,2022,2022,202203,2698059,2,4578.7,0,472099,0,0,9999999,2,2,36,2,200,0,0,3,30,0,0,0,0,9600,0,"Not in identifiable area","N/A (not applicable)"
"10277678",3603,0,2022,2018,202203,5135889,5,64.7,0,47265,1,12,56115,5,1,65,1,100,0,0,8,81,0,0,0,0,56115,13,"Not in identifiable area","Nursing assistants"
"5476658",0,31080,2022,2019,202203,642247,15,8778.5,1,12828837,1,13,213568,13,1,5,6,673,0,0,0,2,0,0,0,0,9999999,0,"Los Angeles-Long Beach-Anaheim, CA","N/A (not applicable)"
"10583003",3930,16980,2022,2021,202203,2221074,20,3071.4,2,9461105,2,21,31887,20,2,36,2,200,0,0,8,81,0,0,0,0,31887,8,"Chicago-Naperville-Elgin, IL-IN-WI","Security guards and gaming surveillance officers"
"1393981",0,0,2022,2021,202203,6227769,7,1000.9,0,165252,2,22,0,7,2,47,7,700,1,100,0,2,0,0,0,0,0,0,"Not in identifiable area","N/A (not applicable)"
"15716364",9920,49620,2022,2019,202203,5309919,20,2729.4,1,434972,1,13,59478,18,1,66,1,100,0,0,6,63,0,0,0,0,0,0,"York-Hanover, PA","Unemployed, with no work experience in the last 5 years or earlier or never worked"
"7221819",440,33100,2022,2022,202203,1728212,20,11171.1,2,5564635,1,13,69800,20,2,33,8,826,3,300,6,63,0,0,0,0,9000,68,"Miami-Fort Lauderdale-West Palm Beach, FL","Other managers"
"5734534",0,44180,2022,2019,202203,3588280,9,2204.8,6,436712,2,22,84164,9,1,49,1,100,0,0,10,101,19,1902,0,0,61200,0,"Springfield, MO","N/A (not applicable)"
"5259515",0,33340,2022,2018,202203,6833484,15,10223.5,1,1555908,2,22,57518,15,2,66,2,200,0,0,6,64,0,0,0,0,13093,0,"Milwaukee-Waukesha-West Allis, WI","N/A (not applicable)"
"8416121",1720,0,2022,2022,202203,4732169,2,116.4,0,88107,1,12,236000,2,1,40,3,314,0,0,10,101,53,5301,0,0,140000,79,"Not in identifiable area","Chemists and materials scientists"
"12083749",4720,19100,2022,2022,202203,6346954,27,4893.1,3,6426214,2,22,56000,28,1,18,8,826,1,100,5,50,0,0,0,0,21000,44,"Dallas-Fort Worth-Arlington, TX","Cashiers"
"5794439",0,38060,2022,2022,202203,261813,39,3622.1,2,4192887,1,13,1036000,32,2,13,1,100,0,0,2,25,0,0,0,0,9999999,0,"Phoenix-Mesa-Scottsdale, AZ","N/A (not applicable)"
"274758",0,0,2022,2019,202203,6499833,5,160.9,0,218093,2,21,21701,4,2,87,1,100,0,0,2,26,0,0,0,0,21701,0,"Not in identifiable area","N/A (not applicable)"
"12061521",4720,12060,2022,2019,202203,1853274,41,1342.9,4,5286728,2,22,112181,39,1,23,2,200,0,0,6,63,0,0,0,0,13779,44,"Atlanta-Sandy Springs-Roswell, GA","Cashiers"
"7085595",410,12420,2022,2019,202203,6020113,38,99.5,4,526316,1,12,198642,39,1,68,1,100,0,0,6,65,0,0,0,0,96450,32,"Austin-Round Rock, TX","Property, real estate, and community association managers"
"12193028",4760,38900,2022,2022,202203,6768423,21,728.4,4,2226009,1,13,40000,24,2,35,1,100,0,0,6,64,0,0,0,0,0,47,"Portland-Vancouver-Hillsboro, OR-WA","Retail salespersons"
"12095496",4720,47260,2022,2021,202203,6557563,46,2691,5,1676822,2,22,48641,39,2,18,2,200,0,0,5,50,0,0,0,0,16214,44,"Virginia Beach-Norfolk-Newport News, VA-NC","Cashiers"
"9612805",3010,38060,2022,2019,202203,170791,15,4298.2,2,4192887,1,13,264090,14,1,59,1,100,0,0,11,115,50,5003,0,0,206679,96,"Phoenix-Mesa-Scottsdale, AZ","Dentists"
"2010846",0,0,2022,2021,202203,4069009,3,96.7,0,21984,1,12,43993,3,2,67,1,100,0,0,6,63,0,0,0,0,7783,0,"Not in identifiable area","N/A (not applicable)"
"8458901",1825,13980,2022,2020,202203,6537198,38,342.6,1,178237,1,13,118980,38,2,54,1,100,0,0,11,114,52,5200,0,0,62323,81,"Blacksburg-Christiansburg-Radford, VA","Other psychologists"
"4176627",0,44060,2022,2022,202203,6784114,29,23.7,5,143497,2,22,47300,29,1,34,1,100,0,0,7,71,0,0,0,0,10100,0,"Spokane-Spokane Valley, WA","N/A (not applicable)"
"14931876",8990,29100,2022,2022,202203,6959441,23,1016.6,6,133661,2,22,30000,23,1,23,1,100,0,0,7,71,0,0,0,0,30000,18,"La Crosse-Onalaska, WI-MN","Miscellaneous production workers, including equipment operators and tenders"
"12568291",4920,41860,2022,2022,202203,959826,38,2844.6,1,4335391,1,13,284200,35,1,57,7,700,4,426,11,114,24,2400,0,0,150000,62,"San Francisco-Oakland-Hayward, CA","Real estate brokers and sales agents"
"9961654",3255,35620,2022,2019,202203,4187440,22,3148,2,19567410,1,13,246867,21,2,39,1,100,0,0,11,114,61,6107,0,0,229643,46,"New York-Newark-Jersey City, NY-NJ-PA","Registered nurses"
"3113590",0,15940,2022,2018,202203,4798241,58,2746.2,1,404422,2,22,11036,58,1,0,1,100,0,0,0,1,0,0,0,0,9999999,0,"Canton-Massillon, OH","N/A (not applicable)"
"10942704",4055,12060,2022,2022,202203,1943867,16,2459.5,4,5286728,1,13,196500,19,1,18,1,100,0,0,6,63,0,0,0,0,5000,11,"Atlanta-Sandy Springs-Roswell, GA","Fast food and counter workers"
"10741741",4020,26420,2022,2020,202203,6111223,22,3457.2,3,5920416,1,13,327931,22,1,24,7,700,4,413,6,63,0,0,0,0,1586,15,"Houston-The Woodlands-Sugar Land, TX","Cooks"
"15604563",9645,16740,2022,2022,202203,4733757,10,5044.1,5,2217012,1,12,31900,9,1,68,1,100,0,0,8,81,0,0,0,0,31900,44,"Charlotte-Concord-Gastonia, NC-SC","Stockers and order fillers"
"613543",0,15180,2022,2018,202203,5932502,18,999.8,1,406220,1,12,89199,18,1,63,1,100,1,100,8,81,0,0,0,0,56699,0,"Brownsville-Harlingen, TX","N/A (not applicable)"
"12794635",5120,46220,2022,2019,202203,37904,21,90.4,5,230162,1,13,163828,12,2,26,1,100,0,0,7,71,0,0,0,0,33987,51,"Tuscaloosa, AL","Bookkeeping, accounting, and auditing clerks"
"8152470",1108,16980,2022,2019,202203,2128712,10,2794.3,2,9461105,1,13,301981,11,1,51,1,100,0,0,10,101,62,6207,0,0,126304,65,"Chicago-Naperville-Elgin, IL-IN-WI","Computer occupations, all other"
"596981",0,0,2022,2018,202203,282237,22,85.6,0,28605,1,12,23849,21,1,78,1,100,0,0,3,30,0,0,0,0,23849,0,"Not in identifiable area","N/A (not applicable)"
"10997691",4110,35620,2022,2019,202203,4214298,55,47853.1,2,19567410,2,22,155009,55,2,24,1,100,0,0,10,101,19,1904,0,0,17223,16,"New York-Newark-Jersey City, NY-NJ-PA","Waiters and waitresses"
"6170820",0,39300,2022,2021,202203,3087112,21,526.9,4,2322518,1,12,75880,20,2,71,1,100,0,0,11,116,24,2400,0,0,36967,0,"Providence-Warwick, RI-MA","N/A (not applicable)"
"12038516",4720,31340,2022,2022,202203,6584298,7,760.9,1,252634,0,0,9999999,7,2,18,4,400,0,0,6,65,0,0,0,0,9500,44,"Lynchburg, VA","Cashiers"
"37271",0,0,2022,2020,202203,6069154,3,69.6,0,39020,1,13,128611,2,2,13,1,100,0,0,2,23,0,0,0,0,9999999,0,"Not in identifiable area","N/A (not applicable)"
"13476295",5810,25540,2022,2021,202203,1262846,19,936.1,1,1212381,1,13,0,19,2,69,1,100,0,0,8,81,0,0,0,0,0,45,"Hartford-West Hartford-East Hartford, CT","Data entry keyers"
"13814679",6230,0,2022,2022,202203,4496708,5,368.1,0,52942,1,13,86000,4,2,55,1,100,0,0,6,64,0,0,0,0,49000,19,"Not in identifiable area","Carpenters"
"7242467",440,34940,2022,2020,202203,1536560,34,1727.7,1,321520,1,12,233824,35,1,75,1,100,0,0,11,114,11,1102,0,0,218470,68,"Naples-Immokalee-Marco Island, FL","Other managers"
"5492284",0,34740,2022,2019,202203,3204875,11,797.3,1,172188,2,22,28361,20,2,15,2,200,0,0,3,30,0,0,0,0,-1493,0,"Muskegon, MI","N/A (not applicable)"
"12054148",4720,0,2022,2020,202203,1872015,1,63.7,0,26571,1,12,37280,1,2,84,1,100,0,0,6,63,0,0,0,0,15977,44,"Not in identifiable area","Cashiers"
"6560577",51,35620,2022,2022,202203,4473034,14,49001.8,2,19567410,2,22,206500,13,2,31,1,100,0,0,10,101,64,6402,19,1901,75000,72,"New York-Newark-Jersey City, NY-NJ-PA","Marketing managers"
"9506311",2723,38060,2022,2020,202203,192468,6,4065.5,2,4192887,1,13,196033,5,1,17,1,100,0,0,4,40,0,0,0,0,2266,64,"Phoenix-Mesa-Scottsdale, AZ","Umpires, referees, and other sports officials"
"2418151",0,16740,2022,2022,202203,4718570,9,2577.6,5,2217012,1,12,14800,11,2,78,2,200,0,0,7,71,0,0,0,0,13000,0,"Charlotte-Concord-Gastonia, NC-SC","N/A (not applicable)"
"4881386",0,35380,2022,2021,202203,2786778,18,6504.4,1,1189866,2,22,216182,16,1,4,1,100,0,0,1,11,0,0,0,0,9999999,0,"New Orleans-Metairie, LA","N/A (not applicable)"
"6101349",0,19820,2022,2020,202203,3254254,12,547.1,4,4296250,1,12,33711,12,2,81,1,100,0,0,7,71,0,0,0,0,33711,0,"Detroit-Warren-Dearborn, MI","N/A (not applicable)"
"11029497",4110,44140,2022,2022,202203,3116196,12,1471.7,5,621570,1,13,248000,8,1,18,1,100,0,0,5,50,0,0,0,0,8000,16,"Springfield, MA","Waiters and waitresses"
"7828595",845,26420,2022,2022,202203,6344938,20,3014.8,3,5920416,1,12,269000,14,2,51,6,610,0,0,6,65,0,0,0,0,62000,68,"Houston-The Woodlands-Sugar Land, TX","Financial and investment analysts"
"9853785",3255,10740,2022,2022,202203,4075205,55,5024.3,3,887077,1,13,121100,55,2,63,1,100,0,0,10,101,62,6203,0,0,93100,46,"Albuquerque, NM","Registered nurses"
"10273718",3603,0,2022,2022,202203,2714634,17,194.8,0,47230,2,22,36000,18,2,32,1,100,0,0,0,2,0,0,0,0,36000,13,"Not in identifiable area","Nursing assistants"
"8817838",2205,31080,2022,2019,202203,610870,28,1137.7,1,12828837,1,13,120563,29,1,52,1,100,0,0,11,116,23,2300,0,0,103340,84,"Los Angeles-Long Beach-Anaheim, CA","Postsecondary teachers"
"9556576",2850,41860,2022,2018,202203,464323,15,2423.2,1,4335391,2,22,245503,15,2,38,1,100,0,0,10,101,33,3301,0,0,0,76,"San Francisco-Oakland-Hayward, CA","Writers and authors"
"12838537",5220,16980,2022,2020,202203,2183055,8,17525.2,2,9461105,2,22,122379,9,2,50,2,200,0,0,6,63,0,0,0,0,72521,44,"Chicago-Naperville-Elgin, IL-IN-WI","Court, municipal, and license clerks"
"1641960",0,0,2022,2019,202203,2105963,18,1168.3,0,379186,1,13,18371,20,2,77,1,100,0,0,6,63,0,0,0,0,0,0,"Not in identifiable area","N/A (not applicable)"
"7503240",630,42660,2022,2022,202203,6761121,12,4630.3,1,3439809,2,22,144800,13,2,55,1,100,0,0,6,63,0,0,0,0,62800,84,"Seattle-Tacoma-Bellevue, WA","Human resources workers"
"3994818",0,42660,2022,2022,202203,6759817,37,4636,1,3439809,1,13,180000,38,1,13,1,100,0,0,2,25,0,0,0,0,9999999,0,"Seattle-Tacoma-Bellevue, WA","N/A (not applicable)"
"10260808",3602,0,2022,2018,202203,4556852,43,224.7,0,179649,1,12,97616,71,2,45,2,200,0,0,6,63,0,0,0,0,24784,13,"Not in identifiable area","Personal care aides"
"6255135",0,46060,2022,2021,202203,223953,23,4746.6,1,980263,2,22,216,25,1,12,8,801,1,100,2,22,0,0,0,0,9999999,0,"Tucson, AZ","N/A (not applicable)"
"14090837",6442,33100,2022,2018,202203,1358902,10,11029,2,5564635,2,22,27590,10,1,66,1,100,3,300,8,81,0,0,0,0,11340,34,"Miami-Fort Lauderdale-West Palm Beach, FL","Plumbers, pipefitters, and steamfitters"
"234738",0,0,2022,2021,202203,5443730,9,492,0,148289,1,12,43258,3,1,4,8,802,0,0,0,2,0,0,0,0,9999999,0,"Not in identifiable area","N/A (not applicable)"
"3311075",0,16740,2022,2018,202203,4521555,18,293.7,6,676616,1,13,88965,14,2,58,1,100,0,0,5,50,0,0,0,0,12860,0,"Charlotte-Concord-Gastonia, NC-SC","N/A (not applicable)"
"12692085",5100,47900,2022,2018,202203,2873737,24,1981.7,5,5636232,1,13,132852,26,1,62,2,200,0,0,10,101,55,5501,0,0,25252,39,"Washington-Arlington-Alexandria, DC-VA-MD-WV","Bill and account collectors"
"3446425",0,35620,2022,2020,202203,4287178,39,2793.2,2,19567410,1,13,81020,51,1,14,1,100,0,0,3,30,0,0,0,0,9999999,0,"New York-Newark-Jersey City, NY-NJ-PA","N/A (not applicable)"
"3709603",0,35620,2022,2021,202203,4413854,12,776.5,2,19567410,1,13,16862,12,2,69,1,100,0,0,3,30,0,0,0,0,10377,0,"New York-Newark-Jersey City, NY-NJ-PA","N/A (not applicable)"
"13753838",6200,35620,2022,2018,202203,3888412,18,4343.4,2,19567410,1,13,120179,21,1,56,1,100,0,0,1,17,0,0,0,0,105215,68,"New York-Newark-Jersey City, NY-NJ-PA","First-line supervisors of construction trades and extraction workers"
"7919914",1006,0,2022,2020,202203,3435130,31,57.8,0,13858,2,22,210651,11,2,27,7,700,4,412,2,23,0,0,0,0,56657,65,"Not in identifiable area","Computer systems analysts"
"6990299",310,31080,2022,2019,202203,567888,12,6249.1,1,12828837,1,12,30428,18,2,45,1,100,0,0,6,63,0,0,0,0,7693,68,"Los Angeles-Long Beach-Anaheim, CA","Food service managers"
"15032089",9130,0,2022,2019,202203,2369511,5,166,0,110645,2,22,57296,4,1,57,1,100,0,0,6,63,0,0,0,0,25605,15,"Not in identifiable area","Driver/sales workers and truck drivers"
"9484511",2710,47900,2022,2022,202203,6605302,13,4311,4,5636232,1,13,157200,13,1,66,1,100,0,0,11,114,37,3700,50,5007,97200,68,"Washington-Arlington-Alexandria, DC-VA-MD-WV","Producers and directors"
"6081876",0,47900,2022,2022,202203,6621459,13,13622.9,4,5636232,1,12,276000,13,2,56,1,100,0,0,10,101,19,1902,0,0,30000,0,"Washington-Arlington-Alexandria, DC-VA-MD-WV","N/A (not applicable)"
"9555279",2840,39580,2022,2019,202203,4599128,12,1481,5,1130490,1,13,366281,12,2,54,1,100,0,0,11,116,50,5003,0,0,159602,31,"Raleigh, NC","Technical writers"
"13707575",6115,0,2022,2021,202203,2939409,36,182.4,0,109463,1,13,108091,36,1,37,1,100,0,0,6,63,0,0,0,0,10809,10,"Not in identifiable area","Fishing and hunting workers"
"6030114",0,31080,2022,2021,202203,798871,15,8778.5,1,12828837,1,13,216182,25,2,16,8,814,0,0,3,30,0,0,0,0,0,0,"Los Angeles-Long Beach-Anaheim, CA","N/A (not applicable)"
"5598670",0,40900,2022,2018,202203,439175,33,429.3,1,2149127,1,12,16577,32,2,85,1,100,0,0,6,63,0,0,0,0,16577,0,"Sacramento--Roseville--Arden-Arcade, CA","N/A (not applicable)"
"6720915",120,38300,2022,2020,202203,5376375,48,2730.2,5,2356285,1,13,90651,49,2,49,1,100,0,0,10,101,33,3301,0,0,0,68,"Pittsburgh, PA","Financial managers"
"10244852",3602,40140,2022,2018,202203,374228,23,4985.2,1,4224851,2,22,31214,27,2,62,7,700,1,100,5,50,0,0,0,0,1169,13,"Riverside-San Bernardino-Ontario, CA","Personal care aides"
"7145458",420,0,2022,2020,202203,1870503,15,1537.1,0,192541,1,13,38527,22,2,31,2,200,0,0,6,65,0,0,0,0,11331,68,"Not in identifiable area","Social and community service managers"
"13130502",5400,0,2022,2021,202203,780549,16,73.7,0,37354,0,0,9999999,16,2,52,1,100,0,0,7,71,0,0,0,0,32427,44,"Not in identifiable area","Receptionists and information clerks"
"8248107",1360,26420,2022,2020,202203,6098042,17,3793,3,5920416,2,22,67762,17,2,29,1,100,0,0,10,101,50,5006,0,0,67762,84,"Houston-The Woodlands-Sugar Land, TX","Civil engineers"
"692855",0,0,2022,2018,202203,5698057,19,91.1,0,33811,1,12,21861,17,2,45,1,100,0,0,6,61,0,0,0,0,10405,0,"Not in identifiable area","N/A (not applicable)"
"9637708",3050,45300,2022,2021,202203,1642991,20,609.3,1,2783243,1,12,365348,20,2,41,6,640,0,0,11,116,61,6108,0,0,151328,82,"Tampa-St. Petersburg-Clearwater, FL","Pharmacists"
"12873312",5240,0,2022,2022,202203,5200445,34,246.2,0,62775,2,22,77000,34,2,22,1,100,0,0,7,71,0,0,0,0,40200,44,"Not in identifiable area","Customer service representatives"
"11177432",4220,35620,2022,2021,202203,3979027,52,15440,2,19567410,1,13,47236,52,1,42,6,610,0,0,6,65,0,0,0,0,22699,9,"New York-Newark-Jersey City, NY-NJ-PA","Janitors and building cleaners"
"9571921",2861,45940,2022,2018,202203,3862644,44,8307.1,1,366513,1,12,76258,56,1,74,1,100,2,200,7,71,0,0,0,0,66052,31,"Trenton, NJ","Interpreters and translators"
"2319156",0,0,2022,2018,202203,3139570,6,225.8,0,50766,2,22,41151,5,2,2,1,100,0,0,0,1,0,0,0,0,9999999,0,"Not in identifiable area","N/A (not applicable)"
"2545118",0,43900,2022,2018,202203,5559405,35,1120.4,5,313268,1,12,51088,34,1,8,1,100,0,0,1,14,0,0,0,0,9999999,0,"Spartanburg, SC","N/A (not applicable)"
"14330262",7330,19820,2022,2019,202203,3215284,14,4406.8,4,4296250,1,12,30887,14,1,47,1,100,0,0,8,81,0,0,0,0,19864,27,"Detroit-Warren-Dearborn, MI","Industrial and refractory machinery mechanics"
"5404536",0,16980,2022,2018,202203,2086860,60,4693.8,2,9461105,1,13,42086,58,1,75,1,100,0,0,6,63,0,0,0,0,23381,0,"Chicago-Naperville-Elgin, IL-IN-WI","N/A (not applicable)"
"3180373",0,26420,2022,2021,202203,6215025,8,1370.3,3,5920416,1,13,168406,7,2,69,8,826,1,100,10,101,62,6201,0,0,81393,0,"Houston-The Woodlands-Sugar Land, TX","N/A (not applicable)"
"6034911",0,34820,2022,2021,202203,5607011,11,250.5,1,376722,1,13,108091,11,1,2,1,100,0,0,0,1,0,0,0,0,9999999,0,"Myrtle Beach-Conway-North Myrtle Beach, SC-NC","N/A (not applicable)"
"1624277",0,41620,2022,2022,202203,6416418,17,5831.7,4,1087873,1,13,74100,25,2,10,1,100,1,100,1,17,0,0,0,0,9999999,0,"Salt Lake City, UT","N/A (not applicable)"
"12292295",4760,46520,2022,2020,202203,1992468,41,22187.9,1,953207,2,22,65042,50,2,26,6,699,0,0,7,71,0,0,0,0,33541,47,"Urban Honolulu, HI","Retail salespersons"
"9745026",3230,17140,2022,2019,202203,4828585,22,1545.7,4,2114580,1,13,132045,13,2,28,2,200,0,0,11,114,61,6102,0,0,86116,58,"Cincinnati, OH-KY-IN","Speech-language pathologists"
"13606039",5910,0,2022,2018,202203,1792458,12,254.5,0,84965,1,13,142625,9,2,66,1,100,0,0,10,101,19,1902,0,0,72482,44,"Not in identifiable area","Proofreaders and copy markers"
"2244314",0,0,2022,2022,202203,959890,6,39.6,0,30653,1,12,57600,6,1,73,3,362,0,0,4,40,0,0,0,0,48800,0,"Not in identifiable area","N/A (not applicable)"
"15570467",9645,0,2022,2020,202203,6085407,17,109.9,0,28401,1,13,58923,15,1,25,7,700,1,100,6,63,0,0,0,0,2266,44,"Not in identifiable area","Stockers and order fillers"
"9152942",2320,0,2022,2022,202203,98283,13,103.7,0,52177,1,13,217000,13,2,45,1,100,0,0,11,115,23,2313,0,0,65000,72,"Not in identifiable area","Secondary school teachers"
"15635746",9810,36540,2022,2018,202203,3723719,10,1674.4,6,865350,2,22,81834,11,2,39,2,200,0,0,10,101,62,6203,0,0,52608,18,"Omaha-Council Bluffs, NE-IA","First-line enlisted military supervisors"
"4154267",0,35620,2022,2020,202203,4310635,6,1757.1,2,19567410,1,13,175637,13,2,13,1,100,0,0,2,26,0,0,0,0,9999999,0,"New York-Newark-Jersey City, NY-NJ-PA","N/A (not applicable)"
"15045443",9130,26140,2022,2022,202203,1707711,86,424.7,1,141236,1,12,92000,87,1,22,1,100,0,0,6,63,0,0,0,0,57000,15,"Homosassa Springs, FL","Driver/sales workers and truck drivers"
"6387892",0,41860,2022,2020,202203,681339,12,2423.2,1,4335391,1,13,498582,17,1,16,4,400,0,0,5,50,0,0,0,0,0,0,"San Francisco-Oakland-Hayward, CA","N/A (not applicable)"
"1893724",0,31080,2022,2021,202203,786787,17,7985.8,1,12828837,1,12,129709,19,1,31,6,610,0,0,6,63,0,0,0,0,0,0,"Los Angeles-Long Beach-Anaheim, CA","N/A (not applicable)"
"7827643",845,12060,2022,2019,202203,1824996,32,3689.4,4,5286728,1,13,132045,31,2,30,2,200,0,0,11,114,62,6201,0,0,71189,68,"Atlanta-Sandy Springs-Roswell, GA","Financial and investment analysts"
"14247997",7200,17140,2022,2020,202203,4913065,227,1388.4,4,2114580,2,22,90765,227,1,68,1,100,0,0,6,63,0,0,0,0,90765,19,"Cincinnati, OH-KY-IN","Automotive service technicians and mechanics"
"11968245",4720,0,2022,2020,202203,4063185,12,46.3,0,29109,1,13,137110,9,1,55,1,100,0,0,8,81,0,0,0,0,28329,44,"Not in identifiable area","Cashiers"
"7995175",1021,12420,2022,2020,202203,6098350,13,1410,4,1716289,1,12,247478,7,2,48,4,400,0,0,11,114,21,2102,0,0,239886,65,"Austin-Round Rock, TX","Software developers"
"1049455",0,0,2022,2021,202203,3650095,3,70.2,0,25029,1,12,20754,5,1,10,1,100,0,0,1,17,0,0,0,0,9999999,0,"Not in identifiable area","N/A (not applicable)"
"9880062",3255,37980,2022,2019,202203,5309774,15,2844.6,2,5965343,1,12,110229,15,2,67,1,100,0,0,8,81,0,0,0,0,73027,46,"Philadelphia-Camden-Wilmington, PA-NJ-DE-MD","Registered nurses"
"2389005",0,0,2022,2018,202203,2082048,14,609.1,0,379186,1,13,140790,14,2,59,1,100,0,0,6,63,0,0,0,0,25953,0,"Not in identifiable area","N/A (not applicable)"
"12882116",5240,39300,2022,2021,202203,3068109,14,526.9,4,2322518,0,0,9999999,14,2,19,8,815,0,0,6,65,0,0,0,0,8647,44,"Providence-Warwick, RI-MA","Customer service representatives"
"9948949",3255,16980,2022,2019,202203,2109675,18,5890.7,2,9461105,1,13,129507,19,2,53,2,200,0,0,11,114,52,5200,0,0,117348,46,"Chicago-Naperville-Elgin, IL-IN-WI","Registered nurses"
"6786607",150,45300,2022,2018,202203,1401306,10,1055.9,1,2783243,1,12,4209,10,2,60,1,100,0,0,7,71,0,0,0,0,0,77,"Tampa-St. Petersburg-Clearwater, FL","Purchasing managers"
"8074523",1050,39580,2022,2022,202203,4709049,9,490.4,5,1130259,1,13,80000,11,1,38,1,100,0,0,10,101,40,4002,0,0,0,65,"Raleigh, NC","Computer support specialists"
"14841280",8810,38860,2022,2020,202203,2830046,8,192.3,1,514098,1,13,108668,8,1,60,1,100,0,0,6,64,0,0,0,0,16997,18,"Portland-South Portland, ME","Painting workers"
"1148030",0,0,2022,2021,202203,2240398,8,106,0,50635,1,13,94580,4,2,16,1,100,0,0,3,30,0,0,0,0,8431,0,"Not in identifiable area","N/A (not applicable)"
"15151159",9130,27060,2022,2021,202203,4405776,13,564.1,1,101564,1,12,16322,13,1,70,1,100,0,0,6,64,0,0,0,0,3891,15,"Ithaca, NY","Driver/sales workers and truck drivers"
"15617688",9645,0,2022,2022,202203,5807445,4,116.8,0,32584,1,12,96000,7,2,27,1,100,0,0,6,64,0,0,0,0,0,44,"Not in identifiable area","Stockers and order fillers"
"4705966",0,46700,2022,2022,202203,931560,25,4300.2,1,412808,0,0,9999999,25,1,51,1,100,0,0,0,2,0,0,0,0,0,0,"Vallejo-Fairfield, CA","N/A (not applicable)"
"403130",0,0,2022,2018,202203,2626956,12,208.9,0,121773,1,13,141456,11,1,14,1,100,0,0,2,26,0,0,0,0,9999999,0,"Not in identifiable area","N/A (not applicable)"
"10827421",4030,14260,2022,2018,202203,2011441,14,1306,5,616561,2,22,25252,21,2,18,1,100,0,0,6,65,0,0,0,0,9002,15,"Boise City, ID","Food preparation workers"
"5340541",0,19100,2022,2021,202203,6213955,13,8080.7,3,6426214,1,13,209156,17,2,1,1,100,0,0,0,1,0,0,0,0,9999999,0,"Dallas-Fort Worth-Arlington, TX","N/A (not applicable)"
"9315395",2545,0,2022,2021,202203,3461820,4,227.3,0,127108,1,13,64855,5,2,31,1,100,0,0,6,63,0,0,0,0,21618,65,"Not in identifiable area","Teaching assistants"
"1865998",0,19100,2022,2018,202203,5886050,15,2476,3,6426214,2,22,70144,16,1,3,1,100,4,460,0,2,0,0,0,0,9999999,0,"Dallas-Fort Worth-Arlington, TX","N/A (not applicable)"
"13795578",6230,16980,2022,2019,202203,2115736,56,12850.5,2,9461105,1,13,50522,56,1,59,2,200,0,0,7,71,0,0,0,0,34447,19,"Chicago-Naperville-Elgin, IL-IN-WI","Carpenters"
"10346125",3605,41180,2022,2018,202203,3560890,10,4026.1,5,2787701,1,12,113820,9,2,21,2,200,0,0,7,71,0,0,0,0,3507,13,"St. Louis, MO-IL","Orderlies and psychiatric aides"
"394685",0,0,2022,2018,202203,6787143,7,233.1,0,118760,1,12,39865,7,1,84,1,100,0,0,6,63,0,0,0,0,39865,0,"Not in identifiable area","N/A (not applicable)"
"4801737",0,42660,2022,2019,202203,6677346,21,4501.4,1,3439809,2,22,91857,22,2,0,1,100,0,0,0,1,0,0,0,0,9999999,0,"Seattle-Tacoma-Bellevue, WA","N/A (not applicable)"
"1735957",0,10420,2022,2022,202203,4997795,26,3530.3,1,703200,1,12,33000,26,2,72,1,100,0,0,5,50,0,0,0,0,33000,0,"Akron, OH","N/A (not applicable)"
"11297991",4220,0,2022,2020,202203,4305504,8,228,0,200098,1,13,96317,8,1,41,1,100,0,0,10,101,62,6201,0,0,49858,9,"Not in identifiable area","Janitors and building cleaners"
"8609941",2016,40140,2022,2021,202203,863687,25,5663.9,1,4224851,1,12,74259,24,2,74,6,670,0,0,8,81,0,0,0,0,74259,64,"Riverside-San Bernardino-Ontario, CA","Social and human service assistants"
"4127146",0,10420,2022,2021,202203,4968517,11,2546.4,1,703200,1,13,14917,11,2,73,1,100,0,0,6,65,0,0,0,0,8323,0,"Akron, OH","N/A (not applicable)"
"6445533",10,12420,2022,2022,202203,6324426,11,4079.5,3,1716289,1,13,255000,15,2,40,3,361,1,100,11,116,23,2300,0,0,105000,68,"Austin-Round Rock, TX","Chief executives and legislators"
"9003592",2310,0,2022,2019,202203,5052979,5,90.6,0,25426,1,13,99665,4,2,67,1,100,0,0,11,114,23,2304,0,0,59018,72,"Not in identifiable area","Elementary and middle school teachers"
"5350747",0,40900,2022,2019,202203,639173,20,4581,1,2149127,2,22,67745,26,1,2,9,917,1,100,0,1,0,0,0,0,9999999,0,"Sacramento--Roseville--Arden-Arcade, CA","N/A (not applicable)"
"10103816",3500,40900,2022,2020,202203,731053,5,6565.3,1,2149127,1,13,146175,6,2,57,2,200,0,0,7,71,0,0,0,0,96317,22,"Sacramento--Roseville--Arden-Arcade, CA","Licensed practical and licensed vocational nurses"
"2900872",0,24660,2022,2019,202203,4593737,14,2865.6,5,723801,1,13,42140,16,2,76,1,100,4,424,6,63,0,0,0,0,0,0,"Greensboro-High Point, NC","N/A (not applicable)"
"2199319",0,41940,2022,2019,202203,503163,4,9263.4,4,1836911,0,0,9999999,4,1,65,2,200,0,0,7,71,0,0,0,0,10334,0,"San Jose-Sunnyvale-Santa Clara, CA","N/A (not applicable)"
"12010458",4720,49620,2022,2020,202203,5357218,12,491.7,1,434972,1,13,154220,11,1,19,1,100,0,0,6,63,0,0,0,0,17564,44,"York-Hanover, PA","Cashiers"
"10753794",4020,0,2022,2020,202203,2178833,3,106,0,50635,1,13,178810,2,2,57,1,100,0,0,6,63,0,0,0,0,3173,15,"Not in identifiable area","Cooks"
"4722820",0,34820,2022,2018,202203,5560064,12,1053.1,1,376722,1,13,133273,12,2,66,1,100,0,0,8,81,0,0,0,0,45593,0,"Myrtle Beach-Conway-North Myrtle Beach, SC-NC","N/A (not applicable)"
"15114603",9130,10900,2022,2021,202203,3998937,15,614,1,821173,1,13,859865,14,1,32,7,700,4,424,11,114,62,6203,0,0,43236,15,"Allentown-Bethlehem-Easton, PA-NJ","Driver/sales workers and truck drivers"
"9935766",3255,48660,2022,2019,202203,6001764,37,1022,6,151306,2,22,24113,62,1,22,1,100,0,0,10,101,61,6107,0,0,20668,46,"Wichita Falls, TX","Registered nurses"
"2666262",0,0,2022,2019,202203,4602024,7,89.6,0,23947,1,12,45125,7,2,56,2,200,0,0,7,71,0,0,0,0,10334,0,"Not in identifiable area","N/A (not applicable)"
"6865448",220,0,2022,2018,202203,2327169,2,88.8,0,64944,1,13,48750,2,1,72,1,100,0,0,2,26,0,0,0,0,48750,68,"Not in identifiable area","Construction managers"
"6450636",10,34980,2022,2018,202203,5680253,28,1850.8,5,1670890,1,13,57284,33,2,40,1,100,1,100,10,101,60,6004,0,0,0,68,"Nashville-Davidson--Murfreesboro--Franklin, TN","Chief executives and legislators"
"676500",0,0,2022,2020,202203,4914229,16,559.5,0,69486,1,12,159773,16,2,76,1,100,0,0,10,101,50,5003,0,0,36034,0,"Not in identifiable area","N/A (not applicable)"
"8654089",2050,17140,2022,2022,202203,4991397,47,1321,4,2114580,1,13,147300,46,2,62,1,100,0,0,11,114,62,6200,0,0,45000,56,"Cincinnati, OH-KY-IN","Directors, religious activities and education"
"5773858",0,41180,2022,2020,202203,3617366,11,5434.8,5,2787701,2,22,10198,11,2,64,2,200,0,0,6,63,0,0,0,0,10198,0,"St. Louis, MO-IL","N/A (not applicable)"
"8361993",1551,47260,2022,2022,202203,6598643,22,2214,5,1676822,1,13,79000,25,1,24,1,100,0,0,6,65,0,0,0,0,30000,18,"Virginia Beach-Norfolk-Newport News, VA-NC","Electrical and electronic engineering technologists and technicians"
"4329570",0,40140,2022,2018,202203,445625,9,3408.8,1,4224851,2,22,877,9,2,20,6,675,0,0,7,71,0,0,0,0,0,0,"Riverside-San Bernardino-Ontario, CA","N/A (not applicable)"
"5659211",0,42660,2022,2021,202203,6721704,10,779.2,1,3439809,2,22,132628,5,2,61,3,352,0,0,7,71,0,0,0,0,25726,0,"Seattle-Tacoma-Bellevue, WA","N/A (not applicable)"
"7404485",520,0,2022,2020,202203,6077396,16,192.7,0,107036,1,12,52691,16,1,52,1,100,0,0,6,61,0,0,0,0,27195,72,"Not in identifiable area","Wholesale and retail buyers, except farm products"
"5569943",0,16700,2022,2019,202203,5567525,16,416.1,1,664607,1,13,17223,17,1,12,1,100,0,0,2,23,0,0,0,0,9999999,0,"Charleston-North Charleston, SC","N/A (not applicable)"
"2622281",0,0,2022,2021,202203,6188192,5,204.1,0,100673,1,12,10485,5,2,65,1,100,0,0,6,64,0,0,0,0,10485,0,"Not in identifiable area","N/A (not applicable)"
"441745",0,0,2022,2018,202203,4805261,3,194.7,0,51616,1,12,462246,3,1,77,1,100,0,0,6,63,0,0,0,0,459557,0,"Not in identifiable area","N/A (not applicable)"
"604698",0,25420,2022,2019,202203,5315067,84,304.3,1,549475,2,22,10104,125,1,2,2,200,4,460,0,1,0,0,0,0,9999999,0,"Harrisburg-Carlisle, PA","N/A (not applicable)"
"1029420",0,40140,2022,2022,202203,1031698,22,3507.6,1,4224851,1,13,335600,20,2,60,8,826,1,100,6,61,0,0,0,0,24000,0,"Riverside-San Bernardino-Ontario, CA","N/A (not applicable)"
"11632480",4600,41660,2022,2018,202203,5908856,21,873.1,3,111823,2,22,21394,21,2,25,1,100,1,100,7,71,0,0,0,0,21394,26,"San Angelo, TX","Childcare workers"
"3128160",0,0,2022,2020,202203,3628136,78,53.2,0,19080,1,13,60850,87,1,14,1,100,0,0,2,26,0,0,0,0,9999999,0,"Not in identifiable area","N/A (not applicable)"
"6824061",205,0,2022,2019,202203,2499782,2,49.7,0,13278,2,21,143986,3,1,73,1,100,2,200,6,63,0,0,0,0,134571,14,"Not in identifiable area","Farmers, ranchers, and other agricultural managers"
"8378686",1555,33340,2022,2018,202203,6837144,16,10223.5,1,1555908,1,13,163668,16,1,67,2,200,0,0,8,81,0,0,0,0,99370,62,"Milwaukee-Waukesha-West Allis, WI","Other engineering technologists and technicians, except drafters"
"5368210",0,35620,2022,2021,202203,4416005,9,24779.8,2,19567410,1,13,75664,11,2,6,6,610,0,0,1,14,0,0,0,0,9999999,0,"New York-Newark-Jersey City, NY-NJ-PA","N/A (not applicable)"
"12239197",4760,35620,2022,2022,202203,4456595,8,18100.1,2,19567410,1,12,100200,8,2,79,2,200,0,0,11,114,23,2313,0,0,100000,47,"New York-Newark-Jersey City, NY-NJ-PA","Retail salespersons"
"11896179",4710,41740,2022,2020,202203,677457,26,3090,1,3095313,2,22,158073,51,1,30,1,100,1,100,5,50,0,0,0,0,54391,68,"San Diego-Carlsbad, CA","First-line supervisors of non-retail sales workers"
"1001777",0,0,2022,2022,202203,5511702,21,481.9,0,201890,1,13,87000,22,2,9,1,100,0,0,1,16,0,0,0,0,9999999,0,"Not in identifiable area","N/A (not applicable)"
"4570549",0,37100,2022,2019,202203,561674,5,2085.4,1,823318,1,13,90939,6,2,79,1,100,0,0,7,71,0,0,0,0,90939,0,"Oxnard-Thousand Oaks-Ventura, CA","N/A (not applicable)"
"15248027",9150,0,2022,2020,202203,2198261,6,128.2,0,149329,1,12,95184,7,1,69,1,100,0,0,6,63,0,0,0,0,60963,10,"Not in identifiable area","Motor vehicle operators, all other"
"9773855",3255,0,2022,2022,202203,3852622,129,4876.6,0,400721,1,13,185000,85,2,27,1,100,4,414,8,81,0,0,0,0,40000,46,"Not in identifiable area","Registered nurses"
"4536268",0,45940,2022,2020,202203,3943959,16,2345.3,1,366513,1,12,148101,9,1,4,1,100,0,0,0,2,0,0,0,0,9999999,0,"Trenton, NJ","N/A (not applicable)"
"14070225",6442,41860,2022,2019,202203,556074,32,6396.6,1,4335391,2,22,10334,32,1,43,8,818,0,0,10,101,62,6203,0,0,10334,34,"San Francisco-Oakland-Hayward, CA","Plumbers, pipefitters, and steamfitters"
"4181528",0,13780,2022,2021,202203,4348235,10,3094,5,251725,1,12,67816,10,2,68,8,826,0,0,6,64,0,0,0,0,8431,0,"Binghamton, NY","N/A (not applicable)"
"13028864",5310,35620,2022,2018,202203,3879043,16,3280.1,2,19567410,1,13,217679,20,1,22,1,100,0,0,10,101,62,6200,0,0,8417,44,"New York-Newark-Jersey City, NY-NJ-PA","Interviewers, except eligibility and loan"
"4874354",0,37980,2022,2021,202203,5395698,6,20579.8,2,5965343,0,0,9999999,6,1,60,2,200,0,0,6,63,0,0,0,0,7026,0,"Philadelphia-Camden-Wilmington, PA-NJ-DE-MD","N/A (not applicable)"
"7729871",800,12260,2022,2022,202203,1965148,10,793.6,6,564873,1,13,200200,10,2,56,2,200,0,0,8,81,0,0,0,0,32000,78,"Augusta-Richmond County, GA-SC","Accountants and auditors"
"9805820",3255,39380,2022,2021,202203,1171737,8,1427.1,5,159063,1,12,24104,8,2,63,1,100,4,450,8,81,0,0,0,0,24104,46,"Pueblo, CO","Registered nurses"
"13199987",5522,26420,2022,2018,202203,5873982,10,2485.4,3,5920416,1,13,257193,9,1,31,1,100,0,0,8,81,0,0,0,0,46762,40,"Houston-The Woodlands-Sugar Land, TX","Dispatchers, except police, fire, and ambulance"
"4611437",0,37340,2022,2022,202203,1711434,88,1936.7,1,543376,1,13,40000,83,2,72,1,100,0,0,6,65,0,0,0,0,13000,0,"Palm Bay-Melbourne-Titusville, FL","N/A (not applicable)"
"14415292",7610,31080,2022,2022,202203,990730,12,7895.9,1,12828837,2,22,103200,11,1,46,7,700,1,100,6,63,0,0,0,0,75000,18,"Los Angeles-Long Beach-Anaheim, CA","Helpers--installation, maintenance, and repair workers"
"4480886",0,12060,2022,2019,202203,1855959,23,3670.4,4,5286728,2,22,35365,14,2,7,6,610,0,0,1,14,0,0,0,0,9999999,0,"Atlanta-Sandy Springs-Roswell, GA","N/A (not applicable)"
"10117419",3500,0,2022,2018,202203,5048936,19,87.1,0,54277,1,12,102877,30,2,52,1,100,0,0,7,71,0,0,0,0,47931,22,"Not in identifiable area","Licensed practical and licensed vocational nurses"
"15345106",9620,35620,2022,2021,202203,4377670,25,24779.8,2,19567410,1,12,190565,45,1,34,2,200,0,0,6,63,0,0,0,0,16214,8,"New York-Newark-Jersey City, NY-NJ-PA","Laborers and freight, stock, and material movers, hand"
"9728203",3160,35620,2022,2019,202203,4246832,27,776.5,2,19567410,2,22,63152,27,2,26,1,100,0,0,11,116,36,3600,61,6109,28705,58,"New York-Newark-Jersey City, NY-NJ-PA","Physical therapists"
"6879469",220,0,2022,2021,202203,4950990,23,346.1,0,107841,1,12,256176,23,1,62,1,100,0,0,7,71,0,0,0,0,208616,68,"Not in identifiable area","Construction managers"
"8793998",2205,46520,2022,2018,202203,1983022,13,4976.1,1,953207,1,13,208093,13,2,48,9,911,0,0,11,115,36,3600,0,0,29226,84,"Urban Honolulu, HI","Postsecondary teachers"
"2715334",0,40140,2022,2018,202203,487545,13,6855.2,1,4224851,2,22,75404,12,1,5,1,100,1,100,0,2,0,0,0,0,9999999,0,"Riverside-San Bernardino-Ontario, CA","N/A (not applicable)"
"9453503",2640,29460,2022,2021,202203,1596959,9,1203.1,1,602095,1,12,52965,10,1,65,1,100,0,0,7,71,0,0,0,0,0,73,"Lakeland-Winter Haven, FL","Other designers"
"6578577",51,29820,2022,2019,202203,3786780,31,1530,1,1951269,1,13,269831,23,1,35,2,200,0,0,10,101,62,6200,0,0,195197,72,"Las Vegas-Henderson-Paradise, NV","Marketing managers"
"5336715",0,41620,2022,2019,202203,6382114,16,5696.8,4,1087873,1,13,68893,15,1,13,1,100,0,0,2,25,0,0,0,0,9999999,0,"Salt Lake City, UT","N/A (not applicable)"
"3119519",0,34820,2022,2020,202203,4636176,17,223.4,1,376722,1,13,20431,25,1,23,1,100,0,0,6,63,0,0,0,0,0,0,"Myrtle Beach-Conway-North Myrtle Beach, SC-NC","N/A (not applicable)"
"14898171",8990,21140,2022,2020,202203,2407888,17,796.2,1,197559,1,13,94051,17,1,47,1,100,0,0,6,65,0,0,0,0,62323,18,"Elkhart-Goshen, IN","Miscellaneous production workers, including equipment operators and tenders"
"8911510",2310,37980,2022,2018,202203,3876985,27,2013.4,2,5965343,1,13,204585,24,2,58,1,100,0,0,11,114,23,2300,0,0,81834,72,"Philadelphia-Camden-Wilmington, PA-NJ-DE-MD","Elementary and middle school teachers"
"3355527",0,16980,2022,2019,202203,2112868,4,2992,2,9461105,2,22,32150,4,1,72,1,100,0,0,8,81,0,0,0,0,32150,0,"Chicago-Naperville-Elgin, IL-IN-WI","N/A (not applicable)"
"14584630",7905,44300,2022,2021,202203,5443537,6,724.1,1,153990,1,12,199969,5,1,58,1,100,0,0,7,71,0,0,0,0,172946,53,"State College, PA","Computer numerically controlled tool operators and programmers"
"4495985",0,41860,2022,2018,202203,376547,11,5583.4,1,4335391,2,22,26771,11,2,72,2,200,0,0,5,50,0,0,0,0,12743,0,"San Francisco-Oakland-Hayward, CA","N/A (not applicable)"
"497453",0,0,2022,2019,202203,5567518,4,87,0,44478,1,13,69582,5,2,74,1,100,0,0,6,63,0,0,0,0,8497,0,"Not in identifiable area","N/A (not applicable)"
"471839",0,0,2022,2019,202203,3504818,5,81.2,0,88467,1,12,35595,6,2,63,1,100,0,0,7,71,0,0,0,0,19290,0,"Not in identifiable area","N/A (not applicable)"
"13423551",5740,0,2022,2018,202203,5916906,19,122.2,0,29627,1,12,124622,19,2,18,1,100,1,100,6,63,0,0,0,0,1754,61,"Not in identifiable area","Secretaries and administrative assistants, except legal, medical, and executive"
"6315044",0,41180,2022,2019,202203,3602743,8,1213.5,5,2787701,1,12,173381,7,2,12,1,100,0,0,2,22,0,0,0,0,9999999,0,"St. Louis, MO-IL","N/A (not applicable)"
"2877115",0,24660,2022,2020,202203,4626111,6,385.4,5,723801,1,13,57564,78,1,1,2,200,0,0,0,1,0,0,0,0,9999999,0,"Greensboro-High Point, NC","N/A (not applicable)"
"7357233",440,42200,2022,2021,202203,801157,13,4007.4,1,423895,2,22,130250,14,2,28,1,100,0,0,10,101,40,4001,0,0,54046,68,"Santa Maria-Santa Barbara, CA","Other managers"
"8882769",2300,37860,2022,2019,202203,1464356,23,466.2,1,448991,1,12,22850,24,2,23,1,100,0,0,10,101,23,2300,0,0,22850,72,"Pensacola-Ferry Pass-Brent, FL","Preschool and kindergarten teachers"
"2424927",0,34980,2022,2018,202203,5679912,47,1182,5,1670890,2,22,40917,38,2,0,1,100,1,100,0,1,0,0,0,0,9999999,0,"Nashville-Davidson--Murfreesboro--Franklin, TN","N/A (not applicable)"
"8903349",2300,12420,2022,2019,202203,5969834,19,4544.2,4,1716289,2,22,150416,26,2,43,1,100,0,0,10,101,62,6207,0,0,57411,72,"Austin-Round Rock, TX","Preschool and kindergarten teachers"
"2138514",0,0,2022,2018,202203,5836829,66,839.2,0,214369,2,22,43840,126,1,7,1,100,0,0,1,15,0,0,0,0,9999999,0,"Not in identifiable area","N/A (not applicable)"
"6004894",0,42660,2022,2018,202203,6632416,18,473.8,1,3439809,1,13,50503,26,2,6,1,100,2,200,1,12,0,0,0,0,9999999,0,"Seattle-Tacoma-Bellevue, WA","N/A (not applicable)"
"3208694",0,0,2022,2020,202203,3637357,2,101,0,23787,1,12,29575,3,2,74,1,100,0,0,6,63,0,0,0,0,7139,0,"Not in identifiable area","N/A (not applicable)"
"3535244",0,35620,2022,2021,202203,3980682,29,17255.7,2,19567410,2,22,9620,29,2,62,2,200,0,0,2,23,0,0,0,0,9620,0,"New York-Newark-Jersey City, NY-NJ-PA","N/A (not applicable)"
"4536694",0,22220,2022,2022,202203,333035,34,670.2,5,463202,2,22,40000,22,2,1,1,100,0,0,0,1,0,0,0,0,9999999,0,"Fayetteville-Springdale-Rogers, AR-MO","N/A (not applicable)"
"5438207",0,39300,2022,2021,202203,5532515,41,3926.5,4,1600852,2,22,30266,41,1,23,7,700,4,460,0,2,0,0,0,0,0,0,"Providence-Warwick, RI-MA","N/A (not applicable)"
"455126",0,0,2022,2019,202203,2650361,33,180.1,0,47230,2,22,13204,37,2,15,1,100,0,0,3,30,0,0,0,0,0,0,"Not in identifiable area","N/A (not applicable)"
"1057465",0,0,2022,2018,202203,6848326,4,64.1,0,86520,1,12,40683,4,1,70,1,100,0,0,8,81,0,0,0,0,40683,0,"Not in identifiable area","N/A (not applicable)"
"5377811",0,41860,2022,2019,202203,545986,11,14168.1,1,4335391,1,12,89216,12,2,94,1,100,0,0,6,63,0,0,0,0,21472,0,"San Francisco-Oakland-Hayward, CA","N/A (not applicable)"
"13210165",5540,32820,2022,2019,202203,5706706,81,2589.6,6,1324829,2,22,208976,86,2,31,2,200,0,0,7,71,0,0,0,0,94154,44,"Memphis, TN-MS-AR","Postal service clerks"
"9049017",2310,11460,2022,2018,202203,3166107,12,325.8,1,344791,1,13,180035,11,2,35,1,100,0,0,11,114,23,2300,0,0,105215,72,"Ann Arbor, MI","Elementary and middle school teachers"
"14908314",8990,10420,2022,2020,202203,4886488,50,996.4,1,703200,1,13,106855,52,1,20,1,100,0,0,6,63,0,0,0,0,26062,18,"Akron, OH","Miscellaneous production workers, including equipment operators and tenders"
"12753923",5120,35620,2022,2019,202203,4238696,30,2550.3,2,19567410,1,13,357096,38,2,22,1,100,0,0,10,101,62,6201,0,0,10334,51,"New York-Newark-Jersey City, NY-NJ-PA","Bookkeeping, accounting, and auditing clerks"
"1587492",0,35620,2022,2021,202203,4354519,7,2793.2,2,19567410,1,13,97282,6,2,11,1,100,0,0,2,22,0,0,0,0,9999999,0,"New York-Newark-Jersey City, NY-NJ-PA","N/A (not applicable)"
"4814820",0,33100,2022,2018,202203,1416253,14,2080.7,2,5564635,1,13,288407,15,1,84,1,100,0,0,10,101,62,6205,0,0,159810,0,"Miami-Fort Lauderdale-West Palm Beach, FL","N/A (not applicable)"
"14099439",6515,31700,2022,2020,202203,3844368,19,290.9,6,400721,2,22,57903,19,1,59,8,811,0,0,6,63,0,0,0,0,33994,15,"Manchester-Nashua, NH","Roofers"
"4604280",0,31080,2022,2018,202203,377237,16,3855.1,1,12828837,1,12,119829,16,2,65,1,100,0,0,6,63,0,0,0,0,18705,0,"Los Angeles-Long Beach-Anaheim, CA","N/A (not applicable)"
"10317236",3603,41740,2022,2019,202203,538663,18,4347.2,1,3095313,1,13,97598,16,2,41,7,700,1,100,7,71,0,0,0,0,40188,13,"San Diego-Carlsbad, CA","Nursing assistants"
"11784715",4700,0,2022,2022,202203,5476619,5,395,0,215557,1,13,105000,6,2,35,1,100,0,0,7,71,0,0,0,0,30000,68,"Not in identifiable area","First-line supervisors of retail sales workers"
"9334351",2545,37980,2022,2022,202203,4017159,9,1019.8,2,5965343,2,22,90300,9,1,71,1,100,0,0,6,63,0,0,0,0,77100,65,"Philadelphia-Camden-Wilmington, PA-NJ-DE-MD","Teaching assistants"
"5193111",0,41860,2022,2018,202203,480533,12,4625.7,1,4335391,1,12,201546,11,2,83,1,100,1,100,1,17,0,0,0,0,16834,0,"San Francisco-Oakland-Hayward, CA","N/A (not applicable)"
"4978914",0,35620,2022,2019,202203,3920682,10,2053.7,2,19567410,1,12,231021,10,1,1,4,400,0,0,0,1,0,0,0,0,9999999,0,"New York-Newark-Jersey City, NY-NJ-PA","N/A (not applicable)"
"8443287",1760,41740,2022,2020,202203,673295,18,4051.6,1,3095313,1,13,186968,25,1,31,1,100,1,100,11,116,50,5003,0,0,50991,80,"San Diego-Carlsbad, CA","Physical scientists, all other"
"10349336",3610,0,2022,2020,202203,4908488,21,224.3,0,214669,1,13,40113,9,2,60,1,100,0,0,8,81,0,0,0,0,26855,13,"Not in identifiable area","Occupational therapy assistants and aides"
"4359070",0,31080,2022,2021,202203,839907,12,10976.2,1,12828837,2,22,223965,14,2,15,6,640,0,0,4,40,0,0,0,0,0,0,"Los Angeles-Long Beach-Anaheim, CA","N/A (not applicable)"
"7678698",735,31080,2022,2020,202203,704383,16,11910.3,1,12828837,1,12,294617,10,2,52,6,620,0,0,11,114,62,6203,0,0,0,81,"Los Angeles-Long Beach-Anaheim, CA","Market research analysts and marketing specialists"
"14221807",7200,0,2022,2021,202203,4354177,5,86.1,0,66583,1,13,116198,5,1,24,1,100,0,0,8,81,0,0,0,0,34589,19,"Not in identifiable area","Automotive service technicians and mechanics"
"1352460",0,0,2022,2019,202203,4857604,26,275.7,0,132175,1,12,71993,26,1,76,1,100,0,0,10,101,64,6402,0,0,52588,0,"Not in identifiable area","N/A (not applicable)"
"15273823",9415,21340,2022,2019,202203,6036845,6,3785.8,2,804123,1,13,95187,6,2,68,1,100,4,450,6,63,0,0,0,0,4363,31,"El Paso, TX","Passenger attendants"
"9392185",2555,42140,2022,2019,202203,4050663,16,554.6,1,144170,1,13,872645,13,2,66,1,100,0,0,11,114,60,6000,0,0,376615,52,"Santa Fe, NM","Other educational instruction and library workers"
"3237657",0,0,2022,2019,202203,5727143,29,78.4,0,25417,1,12,16075,29,2,76,1,100,0,0,5,50,0,0,0,0,16075,0,"Not in identifiable area","N/A (not applicable)"
"12349138",4760,35840,2022,2018,202203,1400206,17,854.4,1,702281,1,13,94226,17,2,71,1,100,0,0,6,65,0,0,0,0,44424,47,"North Port-Sarasota-Bradenton, FL","Retail salespersons"
"5685972",0,16740,2022,2021,202203,4667025,16,293.7,6,676616,1,12,128629,17,1,70,1,100,0,0,10,101,34,3401,0,0,44317,0,"Charlotte-Concord-Gastonia, NC-SC","N/A (not applicable)"
"2141604",0,12060,2022,2020,202203,1880496,13,312.9,4,658899,1,13,114447,12,2,60,1,100,0,0,6,63,0,0,0,0,0,0,"Atlanta-Sandy Springs-Roswell, GA","N/A (not applicable)"
"10832835",4030,38300,2022,2018,202203,5265671,18,460.9,5,2356285,2,22,4209,28,1,55,2,200,0,0,6,65,0,0,0,0,2806,15,"Pittsburgh, PA","Food preparation workers"
"307546",0,0,2022,2018,202203,5848172,5,45.2,0,12838,1,12,0,12,2,69,1,100,1,100,6,65,0,0,0,0,0,0,"Not in identifiable area","N/A (not applicable)"
"12921246",5240,0,2022,2018,202203,1083574,25,3393.2,0,294567,2,22,0,25,1,34,1,100,0,0,10,101,21,2102,0,0,0,44,"Not in identifiable area","Customer service representatives"
"4565841",0,12060,2022,2018,202203,1788738,10,2541.4,4,5286728,1,12,50737,10,1,27,2,200,0,0,6,63,0,0,0,0,10522,0,"Atlanta-Sandy Springs-Roswell, GA","N/A (not applicable)"
"2501961",0,0,2022,2022,202203,6820413,26,471.2,0,100781,2,22,81000,11,2,3,1,100,0,0,0,2,0,0,0,0,9999999,0,"Not in identifiable area","N/A (not applicable)"
"5170245",0,46520,2022,2020,202203,1989596,10,10723,1,953207,0,0,9999999,10,2,92,1,100,0,0,6,63,0,0,0,0,5552,0,"Urban Honolulu, HI","N/A (not applicable)"
"10728655",4020,18580,2022,2022,202203,6242288,10,277.2,5,176467,0,0,9999999,10,1,24,8,826,1,100,4,40,0,0,0,0,0,15,"Corpus Christi, TX","Cooks"
"721726",0,0,2022,2022,202203,339485,3,46.3,0,21643,1,13,13000,2,1,82,1,100,0,0,0,2,0,0,0,0,13000,0,"Not in identifiable area","N/A (not applicable)"
"12627892",5000,16980,2022,2020,202203,2206907,3,8136.7,2,9461105,1,13,139036,4,2,62,2,200,0,0,10,101,53,5301,0,0,69915,68,"Chicago-Naperville-Elgin, IL-IN-WI","First-line supervisors of office and administrative support workers"
"12501268",4850,40140,2022,2022,202203,1008297,15,6284.3,1,4224851,1,12,28000,15,2,83,1,100,0,0,10,101,23,2304,0,0,28000,47,"Riverside-San Bernardino-Ontario, CA","Sales representatives, wholesale and manufacturing"
"780717",0,0,2022,2021,202203,4674688,8,133.3,0,29045,1,12,109172,11,1,71,1,100,0,0,10,101,50,5003,0,0,61612,0,"Not in identifiable area","N/A (not applicable)"
"1158750",0,0,2022,2018,202203,3699608,2,118.1,0,59433,1,13,48048,3,2,9,1,100,0,0,1,16,0,0,0,0,9999999,0,"Not in identifiable area","N/A (not applicable)"
"5114021",0,36220,2022,2019,202203,5975883,32,1334.7,1,137130,1,13,213568,31,1,17,1,100,0,0,5,50,0,0,0,0,0,0,"Odessa, TX","N/A (not applicable)"
"5227869",0,26620,2022,2020,202203,54107,5,1568.7,5,417593,1,13,57564,8,2,11,8,826,2,200,2,23,0,0,0,0,9999999,0,"Huntsville, AL","N/A (not applicable)"
"10971734",4110,41180,2022,2020,202203,2192273,65,1122.3,5,2787701,1,13,121359,57,2,19,1,100,0,0,7,71,0,0,0,0,7365,16,"St. Louis, MO-IL","Waiters and waitresses"
"15702866",9920,0,2022,2018,202203,3495097,23,148.9,0,32503,1,13,137598,15,1,16,1,100,0,0,4,40,0,0,0,0,0,0,"Not in identifiable area","Unemployed, with no work experience in the last 5 years or earlier or never worked"
"12277155",4760,0,2022,2020,202203,3431087,2,62.1,0,134323,1,12,40226,7,2,18,1,100,0,0,5,50,0,0,0,0,4533,47,"Not in identifiable area","Retail salespersons"
"13075698",5400,25540,2022,2021,202203,1252718,17,619.4,1,1212381,0,0,9999999,17,2,18,4,400,0,0,6,65,0,0,0,0,1081,44,"Hartford-West Hartford-East Hartford, CT","Receptionists and information clerks"
"14811954",8740,11260,2022,2018,202203,110887,1,2474.5,6,380821,0,0,9999999,1,2,21,1,100,0,0,4,40,0,0,0,0,2221,18,"Anchorage, AK","Inspectors, testers, sorters, samplers, and weighers"
"12222388",4760,35620,2022,2018,202203,4094660,27,5036.1,2,19567410,2,22,109892,25,1,33,1,100,0,0,10,101,62,6212,0,0,14029,47,"New York-Newark-Jersey City, NY-NJ-PA","Retail salespersons"
"2257311",0,37860,2022,2018,202203,1370993,12,1817.5,1,448991,1,13,306294,11,2,39,1,100,0,0,8,81,0,0,0,0,0,0,"Pensacola-Ferry Pass-Brent, FL","N/A (not applicable)"
"14424257",7640,0,2022,2019,202203,6797299,23,233.1,0,118760,1,13,129749,22,1,41,1,100,0,0,6,63,0,0,0,0,110229,27,"Not in identifiable area","Other installation, maintenance, and repair workers"
"7546448",705,43900,2022,2020,202203,5601163,9,1120.4,5,313268,1,13,121246,9,2,50,1,100,0,0,10,101,62,6203,0,0,106515,68,"Spartanburg, SC","Project management specialists"
"9760478",3245,46060,2022,2021,202203,230028,22,1275.2,1,980263,2,22,153489,20,2,32,1,100,0,0,11,114,52,5200,0,0,36751,58,"Tucson, AZ","Other therapists"
"1867720",0,0,2022,2021,202203,5094834,10,130.8,0,213247,2,22,17727,13,2,0,1,100,0,0,0,1,0,0,0,0,9999999,0,"Not in identifiable area","N/A (not applicable)"
"7945180",1007,47900,2022,2021,202203,6573931,24,3668.6,5,5636232,1,13,260500,24,1,35,1,100,0,0,10,101,21,2106,54,5402,145923,65,"Washington-Arlington-Alexandria, DC-VA-MD-WV","Information security analysts"
"12189985",4760,0,2022,2018,202203,2332985,10,145.9,0,49649,1,13,33833,10,2,54,1,100,0,0,6,64,0,0,0,0,30396,47,"Not in identifiable area","Retail salespersons"
"12937544",5240,0,2022,2022,202203,337892,16,163.5,0,49564,1,13,64000,17,2,44,1,100,0,0,8,81,0,0,0,0,12000,44,"Not in identifiable area","Customer service representatives"
"889857",0,0,2022,2021,202203,6811975,10,473.3,0,137732,1,12,22699,10,2,64,1,100,0,0,6,63,0,0,0,0,22699,0,"Not in identifiable area","N/A (not applicable)"
"8313151",1520,33260,2022,2022,202203,6301315,15,1222.8,4,141671,1,13,1088000,13,2,30,6,610,0,0,11,114,24,2419,0,0,545000,85,"Midland, TX","Petroleum, mining and geological engineers, including mining safety engineers"
"7785594",800,17140,2022,2019,202203,4826866,23,1388.4,4,2114580,1,12,76471,23,2,68,1,100,0,0,10,101,62,6201,0,0,34447,78,"Cincinnati, OH-KY-IN","Accountants and auditors"
"1261357",0,0,2022,2019,202203,6664112,4,448.2,0,86810,2,22,20898,4,2,58,1,100,0,0,3,30,0,0,0,0,10219,0,"Not in identifiable area","N/A (not applicable)"
"916345",0,0,2022,2019,202203,1422354,13,55.5,0,111452,0,0,9999999,13,1,28,1,100,0,0,6,63,0,0,0,0,0,0,"Not in identifiable area","N/A (not applicable)"
"9004500",2310,0,2022,2019,202203,6874796,6,182.9,0,55089,1,12,101146,6,2,67,1,100,0,0,10,101,23,2304,0,0,77493,72,"Not in identifiable area","Elementary and middle school teachers"
"12786106",5120,45780,2022,2022,202203,5024250,8,1323.9,6,610001,1,13,147000,9,2,49,1,100,0,0,6,63,0,0,0,0,26000,51,"Toledo, OH","Bookkeeping, accounting, and auditing clerks"
"11161253",4220,36540,2022,2020,202203,2505830,6,217,6,214646,1,13,99716,6,1,63,1,100,0,0,6,63,0,0,0,0,43059,9,"Omaha-Council Bluffs, NE-IA","Janitors and building cleaners"
"14365978",7340,32580,2022,2020,202203,6066905,10,1376.4,1,774769,1,12,106855,10,1,58,7,700,1,100,6,63,0,0,0,0,66855,27,"McAllen-Edinburg-Mission, TX","Maintenance and repair workers, general"
"12969486",5240,28140,2022,2022,202203,3671247,29,746.9,4,2009342,1,13,104000,40,2,16,1,100,0,0,3,30,0,0,0,0,2000,44,"Kansas City, MO-KS","Customer service representatives"
"7616516",710,38900,2022,2018,202203,6627013,19,2288.1,5,2226009,1,13,385790,19,1,54,6,610,0,0,11,114,24,2414,0,0,350718,86,"Portland-Vancouver-Hillsboro, OR-WA","Management analysts"
"11196381",4220,0,2022,2018,202203,2347221,6,88.8,0,64944,1,13,66987,9,2,68,1,100,0,0,6,64,0,0,0,0,33318,9,"Not in identifiable area","Janitors and building cleaners"
"4431614",0,12060,2022,2021,202203,1903095,72,612.6,4,5286728,1,12,134228,81,2,87,2,200,0,0,11,114,23,2300,0,0,59558,0,"Atlanta-Sandy Springs-Roswell, GA","N/A (not applicable)"
"2064430",0,0,2022,2021,202203,3749689,9,82.2,0,25496,1,13,72421,13,1,16,1,100,0,0,3,30,0,0,0,0,0,0,"Not in identifiable area","N/A (not applicable)"
"8533210",2004,42660,2022,2018,202203,6640624,24,4501.4,1,3439809,1,12,63129,24,2,59,1,100,0,0,10,101,52,5299,0,0,63129,65,"Seattle-Tacoma-Bellevue, WA","Mental health counselors"
"7800353",800,47260,2022,2021,202203,6579999,18,5791.9,5,1676822,1,13,54046,19,2,64,1,100,0,0,6,65,0,0,0,0,32427,78,"Virginia Beach-Norfolk-Newport News, VA-NC","Accountants and auditors"
"6738007",120,35620,2022,2018,202203,4133545,15,107844.4,2,19567410,2,22,50270,15,2,37,1,100,0,0,11,114,54,5404,55,5507,50270,68,"New York-Newark-Jersey City, NY-NJ-PA","Financial managers"
"4607844",0,37100,2022,2019,202203,564715,17,3520.3,1,823318,1,12,35710,28,1,49,8,826,1,100,6,61,0,0,0,0,0,0,"Oxnard-Thousand Oaks-Ventura, CA","N/A (not applicable)"
"9709228",3110,0,2022,2019,202203,4582754,4,237.8,0,114678,1,13,230792,5,2,30,1,100,0,0,11,114,50,5003,36,3600,137786,46,"Not in identifiable area","Physician assistants"
"55333",0,0,2022,2019,202203,40202,6,88.5,0,44421,1,13,101617,11,2,8,2,200,0,0,1,15,0,0,0,0,9999999,0,"Not in identifiable area","N/A (not applicable)"
"975326",0,35620,2022,2019,202203,4252670,20,53223.4,2,19567410,2,22,80375,22,1,7,7,700,2,200,1,14,0,0,0,0,9999999,0,"New York-Newark-Jersey City, NY-NJ-PA","N/A (not applicable)"
"8239075",1360,16980,2022,2022,202203,2313943,32,3659.2,3,9461105,1,13,187300,34,1,35,6,600,0,0,10,101,24,2400,0,0,100000,84,"Chicago-Naperville-Elgin, IL-IN-WI","Civil engineers"
"11230948",4220,19100,2022,2022,202203,6356821,14,3327,3,6426214,1,13,171750,19,1,52,1,100,0,0,7,71,0,0,0,0,31000,9,"Dallas-Fort Worth-Arlington, TX","Janitors and building cleaners"
"6752152",136,19740,2022,2019,202203,1117868,19,3077.8,4,2543482,1,13,274642,18,2,49,1,100,0,0,10,101,33,3301,0,0,121929,68,"Denver-Aurora-Lakewood, CO","Human resources managers"
"13843193",6260,41740,2022,2022,202203,969535,10,6814,1,3095313,2,22,181500,18,1,32,7,700,1,100,0,2,0,0,0,0,60000,8,"San Diego-Carlsbad, CA","Construction laborers"
"5089732",0,14260,2022,2022,202203,2038735,33,204.6,5,246824,2,22,40000,23,1,17,7,700,1,100,5,50,0,0,0,0,12000,0,"Boise City, ID","N/A (not applicable)"
"6725690",120,35620,2022,2019,202203,4218766,22,1500.3,2,19567410,1,12,122055,21,2,64,1,100,0,0,10,101,62,6200,32,3202,122055,68,"New York-Newark-Jersey City, NY-NJ-PA","Financial managers"
"10800675",4020,41700,2022,2022,202203,6303549,10,3987.6,4,2142508,1,12,65700,14,1,41,1,100,1,100,4,40,0,0,0,0,18000,15,"San Antonio-New Braunfels, TX","Cooks"
"455169",0,14460,2022,2019,202203,3022725,25,848.7,4,4552402,2,22,39154,22,2,6,1,100,0,0,1,11,0,0,0,0,9999999,0,"Boston-Cambridge-Newton, MA-NH","N/A (not applicable)"
"7861307",850,0,2022,2022,202203,3854909,14,2130,0,400731,1,13,150600,14,2,36,1,100,0,0,11,114,24,2404,0,0,600,73,"Not in identifiable area","Personal financial advisors"
"877144",0,0,2022,2019,202203,3206972,17,88.5,0,28623,2,22,39843,28,2,84,1,100,0,0,6,63,0,0,0,0,9989,0,"Not in identifiable area","N/A (not applicable)"
"7294171",440,28140,2022,2020,202203,2585846,9,1774.6,5,2009342,1,13,203965,8,2,56,1,100,0,0,6,63,0,0,0,0,67988,68,"Kansas City, MO-KS","Other managers"
"9982852",3300,27260,2022,2020,202203,1535855,12,1989.8,3,1345596,2,22,45326,13,1,60,1,100,0,0,8,81,0,0,0,0,45326,48,"Jacksonville, FL","Clinical laboratory technologists and technicians"
"7632813",710,0,2022,2019,202203,3217616,19,552.3,0,96466,2,22,102765,20,1,18,1,100,0,0,6,65,0,0,0,0,5741,86,"Not in identifiable area","Management analysts"
"8795676",2205,27780,2022,2019,202203,5286057,7,482.1,1,143679,1,12,103340,7,2,77,1,100,0,0,10,101,23,2304,0,0,13779,84,"Johnstown, PA","Postsecondary teachers"
"9596995",2910,19740,2022,2018,202203,1092157,28,7017.7,4,2543482,2,22,208093,29,1,33,6,600,0,0,11,114,24,2414,0,0,70144,50,"Denver-Aurora-Lakewood, CO","Photographers"
"5717639",0,26420,2022,2022,202203,6261935,10,4457.8,3,5920416,1,13,263000,10,1,2,1,100,0,0,0,1,0,0,0,0,9999999,0,"Houston-The Woodlands-Sugar Land, TX","N/A (not applicable)"
"5953586",0,48620,2022,2018,202203,2554099,71,794.4,5,630919,1,13,176762,61,2,14,1,100,0,0,2,25,0,0,0,0,9999999,0,"Wichita, KS","N/A (not applicable)"
"10124211",3500,37980,2022,2019,202203,5307301,69,19138.3,2,5965343,2,22,91857,70,2,66,2,200,0,0,7,71,0,0,0,0,91857,22,"Philadelphia-Camden-Wilmington, PA-NJ-DE-MD","Licensed practical and licensed vocational nurses"
"11825666",4700,10420,2022,2022,202203,4993528,6,604.4,1,703200,1,13,158000,7,2,43,1,100,0,0,8,81,0,0,0,0,45000,68,"Akron, OH","First-line supervisors of retail sales workers"
"9928634",3255,0,2022,2021,202203,5415330,14,91.8,0,55967,1,13,107983,19,2,49,1,100,0,0,8,81,0,0,0,0,43236,46,"Not in identifiable area","Registered nurses"
"158905",0,0,2022,2021,202203,5778111,13,455.9,0,309544,2,22,15673,11,2,13,1,100,0,0,2,23,0,0,0,0,9999999,0,"Not in identifiable area","N/A (not applicable)"
"6320922",0,31080,2022,2018,202203,470168,26,13809,1,12828837,1,12,30863,26,2,84,1,100,0,0,6,63,0,0,0,0,11223,0,"Los Angeles-Long Beach-Anaheim, CA","N/A (not applicable)"
"1558271",0,29820,2022,2019,202203,3786538,11,7523.7,1,1951269,1,13,42484,10,2,71,1,100,0,0,6,61,0,0,0,0,0,0,"Las Vegas-Henderson-Paradise, NV","N/A (not applicable)"
"12081896",4720,0,2022,2019,202203,2153977,3,87.3,0,15936,1,13,55574,4,2,64,1,100,0,0,6,63,0,0,0,0,21127,44,"Not in identifiable area","Cashiers"
"6348494",0,47900,2022,2022,202203,2960316,16,3720.6,4,5636232,1,13,185000,15,2,58,8,801,0,0,6,65,0,0,0,0,0,0,"Washington-Arlington-Alexandria, DC-VA-MD-WV","N/A (not applicable)"
"3740195",0,12060,2022,2022,202203,1931289,15,2745.7,4,5286728,0,0,9999999,15,1,55,2,200,0,0,8,81,0,0,0,0,37000,0,"Atlanta-Sandy Springs-Roswell, GA","N/A (not applicable)"
"3573165",0,0,2022,2019,202203,6667702,3,448.2,0,86810,1,13,40991,1,1,51,1,100,0,0,7,71,0,0,0,0,2641,0,"Not in identifiable area","N/A (not applicable)"
"13203347",5540,33460,2022,2018,202203,3374838,8,439.8,5,3348859,1,12,53543,6,2,67,1,100,0,0,6,63,0,0,0,0,19757,44,"Minneapolis-St. Paul-Bloomington, MN-WI","Postal service clerks"
"11182759",4220,0,2022,2022,202203,3476737,3,46,0,13989,1,13,28000,4,1,37,1,100,0,0,6,63,0,0,0,0,28000,9,"Not in identifiable area","Janitors and building cleaners"
"3004901",0,17140,2022,2018,202203,4812711,17,1545.7,4,2114580,1,13,218614,15,1,1,1,100,0,0,0,1,0,0,0,0,9999999,0,"Cincinnati, OH-KY-IN","N/A (not applicable)"
"6317238",0,35620,2022,2019,202203,4185273,9,14807.2,2,19567410,1,12,205531,6,1,16,6,669,0,0,4,40,0,0,0,0,0,0,"New York-Newark-Jersey City, NY-NJ-PA","N/A (not applicable)"
"2201127",0,19660,2022,2018,202203,1402321,5,1818.8,1,590289,1,13,28759,5,1,74,2,200,0,0,8,81,0,0,0,0,16484,0,"Deltona-Daytona Beach-Ormond Beach, FL","N/A (not applicable)"
"6289714",0,19740,2022,2019,202203,1126827,29,2259.3,4,2543482,2,22,27557,33,2,69,1,100,0,0,6,61,0,0,0,0,0,0,"Denver-Aurora-Lakewood, CO","N/A (not applicable)"
"107173",0,0,2022,2019,202203,23702,5,28.9,0,22314,0,0,9999999,5,1,64,2,200,0,0,3,30,0,0,0,0,7808,0,"Not in identifiable area","N/A (not applicable)"
"6935253",230,38300,2022,2018,202203,5261039,17,931.2,5,2356285,1,13,67805,15,2,59,1,100,0,0,6,63,0,0,0,0,11691,72,"Pittsburgh, PA","Education and childcare administrators"
"14752468",8630,12540,2022,2021,202203,817175,32,760.5,1,839631,1,13,172946,36,1,53,7,700,1,100,6,63,0,0,0,0,86473,10,"Bakersfield, CA","Miscellaneous plant and system operators"
"12998274",5240,31080,2022,2018,202203,401553,30,2104.2,1,12828837,1,13,164837,35,1,23,1,100,0,0,6,63,0,0,0,0,29226,44,"Los Angeles-Long Beach-Anaheim, CA","Customer service representatives"
"4169195",0,10580,2022,2019,202203,4229135,15,1130.8,4,870716,1,13,436782,12,2,14,1,100,0,0,2,26,0,0,0,0,9999999,0,"Albany-Schenectady-Troy, NY","N/A (not applicable)"
"13568707",5860,26420,2022,2020,202203,6114632,24,6522.8,3,5920416,1,13,151161,27,2,28,2,200,0,0,10,101,21,2100,0,0,0,44,"Houston-The Woodlands-Sugar Land, TX","Office clerks, general"
"4806307",0,35620,2022,2018,202203,4092376,4,6161.9,2,19567410,0,0,9999999,4,1,46,1,100,0,0,0,2,0,0,0,0,2572,0,"New York-Newark-Jersey City, NY-NJ-PA","N/A (not applicable)"
"4537864",0,49660,2022,2018,202203,4800875,15,1597.8,1,565773,1,13,36241,13,2,84,1,100,0,0,4,40,0,0,0,0,11924,0,"Youngstown-Warren-Boardman, OH-PA","N/A (not applicable)"
"9538772",2825,0,2022,2022,202203,3344004,10,216.3,0,50766,1,13,86000,10,1,58,1,100,0,0,11,114,23,2399,0,0,56000,82,"Not in identifiable area","Public relations specialists"
"1787154",0,0,2022,2019,202203,5058608,11,44.2,0,17584,2,22,44780,12,1,57,1,100,0,0,7,71,0,0,0,0,44780,0,"Not in identifiable area","N/A (not applicable)"
"1208590",0,0,2022,2018,202203,2630473,6,238.4,0,87716,2,22,107203,7,2,7,1,100,0,0,1,12,0,0,0,0,9999999,0,"Not in identifiable area","N/A (not applicable)"
"3360579",0,26420,2022,2021,202203,6167299,33,3873.9,3,5920416,2,22,50154,37,2,8,8,826,1,100,1,16,0,0,0,0,9999999,0,"Houston-The Woodlands-Sugar Land, TX","N/A (not applicable)"
"12701294",5110,19820,2022,2018,202203,3171718,14,547.1,4,4296250,1,13,67805,14,1,32,1,100,0,0,7,71,0,0,0,0,67805,44,"Detroit-Warren-Dearborn, MI","Billing and posting clerks"
"10556767",3930,0,2022,2022,202203,2804926,18,608.2,0,134587,2,22,59000,19,1,20,1,100,0,0,6,63,0,0,0,0,25000,8,"Not in identifiable area","Security guards and gaming surveillance officers"
"892290",0,0,2022,2018,202203,2483766,32,198.2,0,53104,1,13,198740,54,1,3,1,100,0,0,1,11,0,0,0,0,9999999,0,"Not in identifiable area","N/A (not applicable)"
"12633285",5000,31080,2022,2021,202203,788452,31,11663.2,1,12828837,2,22,175108,37,2,60,6,620,0,0,6,65,0,0,0,0,45398,68,"Los Angeles-Long Beach-Anaheim, CA","First-line supervisors of office and administrative support workers"
"13143299",5410,46520,2022,2021,202203,1998055,14,5832.1,1,953207,1,12,170244,11,1,32,6,673,0,0,7,71,0,0,0,0,37832,60,"Urban Honolulu, HI","Reservation and transportation ticket agents and travel clerks"
"14028888",6410,32580,2022,2020,202203,6066905,10,1376.4,1,774769,1,12,106855,8,1,28,7,700,1,100,6,63,0,0,0,0,0,16,"McAllen-Edinburg-Mission, TX","Painters and paperhangers"
"13511973",5850,0,2022,2022,202203,4693417,11,845.7,0,177772,0,0,9999999,11,1,23,2,200,0,0,6,63,0,0,0,0,24000,18,"Not in identifiable area","Mail clerks and mail machine operators, except postal service"
"13198567",5522,33100,2022,2022,202203,1752846,49,4961.7,2,5564635,2,22,26000,50,2,51,8,826,4,423,6,63,0,0,0,0,26000,40,"Miami-Fort Lauderdale-West Palm Beach, FL","Dispatchers, except police, fire, and ambulance"
"8047920",1021,41940,2022,2021,202203,902381,15,9263.4,4,1836911,1,13,429122,19,1,52,1,100,0,0,11,115,36,3601,0,0,421556,65,"San Jose-Sunnyvale-Santa Clara, CA","Software developers"
"2394527",0,19820,2022,2018,202203,3164338,9,3576.3,4,4296250,1,12,0,9,1,73,1,100,0,0,8,81,0,0,0,0,0,0,"Detroit-Warren-Dearborn, MI","N/A (not applicable)"
"5328596",0,37980,2022,2021,202203,3968443,17,910.6,2,5965343,2,22,198023,11,2,17,7,700,4,412,5,50,0,0,0,0,0,0,"Philadelphia-Camden-Wilmington, PA-NJ-DE-MD","N/A (not applicable)"
"3744805",0,49660,2022,2022,202203,5461430,4,405.3,1,565773,1,13,69000,4,2,70,1,100,0,0,6,63,0,0,0,0,6800,0,"Youngstown-Warren-Boardman, OH-PA","N/A (not applicable)"
"2491405",0,0,2022,2019,202203,3215489,10,66.4,0,44972,1,13,183715,8,2,74,1,100,0,0,6,63,0,0,0,0,28705,0,"Not in identifiable area","N/A (not applicable)"
"15391305",9620,33460,2022,2022,202203,3476482,27,3182.4,4,3348859,1,13,114000,22,2,36,1,100,0,0,6,63,0,0,0,0,0,8,"Minneapolis-St. Paul-Bloomington, MN-WI","Laborers and freight, stock, and material movers, hand"
"9502739",2722,19740,2022,2019,202203,1111076,46,6435.2,4,2543482,2,22,72338,35,1,51,1,100,1,100,11,116,55,5501,55,5504,18371,64,"Denver-Aurora-Lakewood, CO","Coaches and scouts"
"8420774",1720,45940,2022,2018,202203,3873855,17,1572.5,1,366513,1,13,224459,17,1,37,1,100,0,0,11,116,24,2405,0,0,151978,79,"Trenton, NJ","Chemists and materials scientists"
"2913034",0,0,2022,2018,202203,3166158,11,225.8,0,50766,1,13,39164,9,2,16,1,100,0,0,4,40,0,0,0,0,0,0,"Not in identifiable area","N/A (not applicable)"
"6845709",205,13380,2022,2022,202203,6780249,7,342.4,1,201140,1,13,59000,7,1,69,1,100,0,0,7,71,0,0,0,0,21700,14,"Bellingham, WA","Farmers, ranchers, and other agricultural managers"
"1952323",0,11700,2022,2019,202203,4597410,12,118.9,6,175537,1,13,121596,17,1,81,1,100,0,0,11,114,62,6200,0,0,96795,0,"Asheville, NC","N/A (not applicable)"
"4015614",0,35620,2022,2020,202203,4314216,13,61005.7,2,19567410,1,13,195580,26,1,5,8,801,0,0,1,11,0,0,0,0,9999999,0,"New York-Newark-Jersey City, NY-NJ-PA","N/A (not applicable)"
"14679629",8225,25860,2022,2021,202203,4689177,3,236.6,6,182684,1,12,25726,5,1,65,1,100,0,0,6,63,0,0,0,0,17619,18,"Hickory-Lenoir-Morganton, NC","Other metal workers and plastic workers"
"7249133",440,0,2022,2020,202203,1881715,14,1579.6,0,294865,1,13,343002,21,1,63,1,100,0,0,6,63,0,0,0,0,88045,68,"Not in identifiable area","Other managers"
"12731607",5120,31140,2022,2021,202203,2436779,6,316.7,3,1235708,1,13,55991,6,2,33,1,100,0,0,6,64,0,0,0,0,1946,51,"Louisville/Jefferson County, KY-IN","Bookkeeping, accounting, and auditing clerks"
"14449325",7700,36260,2022,2020,202203,6393145,55,2449,5,597159,2,22,45326,56,2,29,1,100,0,0,7,71,0,0,0,0,45326,49,"Ogden-Clearfield, UT","First-line supervisors of production and operating workers"
"13854386",6260,33100,2022,2020,202203,1532536,57,5424,2,5564635,2,22,61076,26,2,30,8,845,2,200,10,101,55,5507,0,0,22550,8,"Miami-Fort Lauderdale-West Palm Beach, FL","Construction laborers"
"11106315",4140,37100,2022,2019,202203,539156,57,572.4,1,823318,2,22,117118,82,2,23,1,100,1,100,6,63,0,0,0,0,3445,11,"Oxnard-Thousand Oaks-Ventura, CA","Dishwashers"
"11133872",4150,17140,2022,2020,202203,4917588,239,2428.6,4,2114580,2,22,0,238,2,36,1,100,0,0,6,64,0,0,0,0,0,15,"Cincinnati, OH-KY-IN","Hosts and hostesses, restaurant, lounge, and coffee shop"
"1153604",0,16980,2022,2018,202203,2051778,23,13991.3,2,9461105,1,13,120366,28,2,42,1,100,0,0,7,71,0,0,0,0,0,0,"Chicago-Naperville-Elgin, IL-IN-WI","N/A (not applicable)"
"6124707",0,35620,2022,2021,202203,4331626,4,10019.9,2,19567410,0,0,9999999,4,1,50,1,100,0,0,0,2,0,0,0,0,2594,0,"New York-Newark-Jersey City, NY-NJ-PA","N/A (not applicable)"
"8942225",2310,27260,2022,2022,202203,1721163,19,973.1,4,1345596,1,13,143200,23,1,39,1,100,0,0,10,101,64,6402,0,0,78200,72,"Jacksonville, FL","Elementary and middle school teachers"
"184484",0,13380,2022,2021,202203,6747170,22,667.7,1,201140,1,13,48641,19,1,16,6,600,0,0,4,40,0,0,0,0,0,0,"Bellingham, WA","N/A (not applicable)"
"12041262",4720,14460,2022,2022,202203,3127793,44,7399.8,3,4552402,1,13,20000,45,2,47,7,700,2,200,6,64,0,0,0,0,20000,44,"Boston-Cambridge-Newton, MA-NH","Cashiers"
"10207481",3602,23580,2022,2018,202203,1795617,21,636.9,1,179684,1,12,108723,22,2,33,1,100,1,100,7,71,0,0,0,0,40917,13,"Gainesville, GA","Personal care aides"
"4599626",0,19740,2022,2020,202203,1137338,29,2259.3,4,2543482,1,12,106515,80,1,4,1,100,4,498,0,2,0,0,0,0,9999999,0,"Denver-Aurora-Lakewood, CO","N/A (not applicable)"
"11121310",4150,39580,2022,2018,202203,4533049,24,275.4,5,1130490,1,13,173956,20,2,20,1,100,1,100,6,65,0,0,0,0,701,15,"Raleigh, NC","Hosts and hostesses, restaurant, lounge, and coffee shop"
"6943663",230,0,2022,2019,202203,3704500,15,89.9,0,57990,1,13,66597,15,1,73,1,100,0,0,11,114,23,2311,0,0,56263,72,"Not in identifiable area","Education and childcare administrators"
"4715472",0,19740,2022,2018,202203,1100255,48,3731.2,4,2543482,2,21,84172,54,2,9,1,100,0,0,2,22,0,0,0,0,9999999,0,"Denver-Aurora-Lakewood, CO","N/A (not applicable)"
"8651762",2050,43340,2022,2021,202203,2791525,11,998,5,439811,1,13,147004,13,2,48,1,100,0,0,11,114,54,5404,0,0,77826,56,"Shreveport-Bossier City, LA","Directors, religious activities and education"
"7044584",350,30780,2022,2021,202203,325399,21,324.2,4,699757,1,13,212291,20,1,48,1,100,0,0,10,101,61,6103,0,0,122575,46,"Little Rock-North Little Rock-Conway, AR","Medical and health services managers"
"5279048",0,14460,2022,2021,202203,3092271,9,852.8,4,4552402,1,12,124089,10,1,67,1,100,0,0,6,63,0,0,0,0,67125,0,"Boston-Cambridge-Newton, MA-NH","N/A (not applicable)"
"13119063",5400,28140,2022,2019,202203,3585794,25,530.3,5,2009342,1,12,124582,25,2,72,1,100,0,0,6,63,0,0,0,0,25261,44,"Kansas City, MO-KS","Receptionists and information clerks"
"4685476",0,35620,2022,2020,202203,3947239,107,6525,2,19567410,2,22,86119,31,2,0,2,200,0,0,0,1,0,0,0,0,9999999,0,"New York-Newark-Jersey City, NY-NJ-PA","N/A (not applicable)"
"4425346",0,19100,2022,2018,202203,5928573,36,5030.9,3,6426214,1,12,160161,26,2,53,1,100,1,100,2,26,0,0,0,0,0,0,"Dallas-Fort Worth-Arlington, TX","N/A (not applicable)"
"14915392",8990,0,2022,2021,202203,2426990,52,2916.2,0,319224,1,13,46479,52,1,38,1,100,0,0,6,63,0,0,0,0,29185,18,"Not in identifiable area","Miscellaneous production workers, including equipment operators and tenders"
"7049958",350,0,2022,2020,202203,1873095,52,254.5,0,84965,1,13,176430,16,2,33,1,100,0,0,11,114,52,5200,0,0,40906,46,"Not in identifiable area","Medical and health services managers"
"11837246",4700,0,2022,2021,202203,1620037,15,236.3,0,61413,1,13,49938,14,2,63,1,100,0,0,8,81,0,0,0,0,21618,68,"Not in identifiable area","First-line supervisors of retail sales workers"
"12993571",5240,47900,2022,2022,202203,6586338,4,4464.4,4,5636232,0,0,9999999,4,2,19,1,100,0,0,7,71,0,0,0,0,12000,44,"Washington-Arlington-Alexandria, DC-VA-MD-WV","Customer service representatives"
"2910716",0,0,2022,2019,202203,3406316,6,73.5,0,45982,1,12,64071,5,1,80,1,100,0,0,6,63,0,0,0,0,40188,0,"Not in identifiable area","N/A (not applicable)"
"1794265",0,21340,2022,2022,202203,6306687,8,2316.5,2,804123,1,12,70600,9,1,68,7,700,1,100,6,65,0,0,0,0,28100,0,"El Paso, TX","N/A (not applicable)"
"2928335",0,24860,2022,2020,202203,5601193,24,392.9,5,824112,1,13,66855,8,2,80,2,200,0,0,8,81,0,0,0,0,6799,0,"Greenville-Anderson-Mauldin, SC","N/A (not applicable)"
"15477900",9620,17460,2022,2018,202203,4780379,30,331,1,2077240,1,13,1155031,23,1,23,7,700,1,100,6,63,0,0,0,0,32734,8,"Cleveland-Elyria, OH","Laborers and freight, stock, and material movers, hand"
"6621074",101,28940,2022,2022,202203,5792745,19,207.2,6,205789,1,13,150000,20,2,45,1,100,0,0,8,81,0,0,0,0,50000,68,"Knoxville, TN","Administrative services managers"
"9910663",3255,0,2022,2018,202203,3495299,44,74.3,0,31312,1,12,59622,45,2,27,2,200,0,0,8,81,0,0,0,0,35072,46,"Not in identifiable area","Registered nurses"
"13861463",6260,36740,2022,2021,202203,1631782,35,4504.4,4,2134411,2,22,66368,37,1,40,8,826,4,415,7,71,0,0,0,0,37832,8,"Orlando-Kissimmee-Sanford, FL","Construction laborers"
"5394428",0,29180,2022,2019,202203,2738011,2,175.7,6,466750,0,0,9999999,2,1,18,2,200,0,0,2,26,0,0,0,0,0,0,"Lafayette, LA","N/A (not applicable)"
"9279346",2400,37100,2022,2022,202203,961711,24,2484.4,1,823321,1,13,105500,23,1,54,1,100,0,0,11,114,64,6402,0,0,99000,68,"Oxnard-Thousand Oaks-Ventura, CA","Archivists, curators, and museum technicians"
"61600",0,0,2022,2018,202203,2962,25,112.8,0,60918,1,13,52491,25,1,76,1,100,0,0,6,63,0,0,0,0,20225,0,"Not in identifiable area","N/A (not applicable)"
"7902718",960,12420,2022,2021,202203,6215368,17,410.8,4,1716289,1,13,283739,17,1,55,1,100,0,0,11,114,21,2102,24,2408,260500,68,"Austin-Round Rock, TX","Other financial specialists"
"10641740",4000,16980,2022,2020,202203,2157887,6,5890.7,2,9461105,0,0,9999999,6,1,35,1,100,0,0,6,63,0,0,0,0,0,15,"Chicago-Naperville-Elgin, IL-IN-WI","Chefs and head cooks"
"10995470",4110,16980,2022,2018,202203,2061419,31,21861.4,2,9461105,2,22,134442,30,1,34,1,100,0,0,10,101,60,6001,0,0,58453,16,"Chicago-Naperville-Elgin, IL-IN-WI","Waiters and waitresses"
"15515693",9640,34980,2022,2021,202203,5770381,47,1182,5,1670890,2,22,0,48,2,38,2,200,0,0,5,50,0,0,0,0,0,18,"Nashville-Davidson--Murfreesboro--Franklin, TN","Packers and packagers, hand"
"475726",0,0,2022,2022,202203,2295847,7,175.2,0,39848,1,12,56600,8,1,81,1,100,0,0,6,64,0,0,0,0,56600,0,"Not in identifiable area","N/A (not applicable)"
"11954836",4720,0,2022,2019,202203,6676523,3,96.8,0,33268,1,12,74749,2,2,38,1,100,0,0,6,65,0,0,0,0,16075,44,"Not in identifiable area","Cashiers"
"13188032",5521,37340,2022,2020,202203,1563878,18,1226.7,1,543376,1,13,124872,16,2,37,1,100,0,0,10,101,62,6201,0,0,35921,40,"Palm Bay-Melbourne-Titusville, FL","Public safety telecommunicators"
"15325954",9610,47260,2022,2022,202203,6586025,12,1168.7,5,1676822,0,0,9999999,12,1,48,1,100,0,0,4,40,0,0,0,0,650,8,"Virginia Beach-Norfolk-Newport News, VA-NC","Cleaners of vehicles and equipment"
"4034131",0,35620,2022,2020,202203,3958083,14,1766.9,2,19567410,2,22,26176,14,2,89,1,100,0,0,6,63,0,0,0,0,26176,0,"New York-Newark-Jersey City, NY-NJ-PA","N/A (not applicable)"
"10485337",3802,13140,2022,2020,202203,6077165,6,2056.9,4,403190,1,13,45326,6,2,54,2,200,0,0,7,71,0,0,0,0,45326,34,"Beaumont-Port Arthur, TX","Correctional officers and jailers"
"6569115",51,14460,2022,2021,202203,3096355,31,1534.8,4,4552402,1,13,175108,29,2,46,1,100,0,0,10,101,13,1301,0,0,73502,72,"Boston-Cambridge-Newton, MA-NH","Marketing managers"
"11934016",4710,0,2022,2018,202203,2473591,5,1415.9,0,379690,1,13,54127,7,1,59,1,100,0,0,10,101,23,2314,0,0,52725,68,"Not in identifiable area","First-line supervisors of non-retail sales workers"
"13543630",5860,15380,2022,2022,202203,4468870,35,10008.5,1,1135509,2,22,34100,35,2,64,1,100,0,0,8,81,0,0,0,0,34100,44,"Buffalo-Cheektowaga-Niagara Falls, NY","Office clerks, general"
"7275148",440,0,2022,2020,202203,2514627,8,110.4,0,33864,1,12,88612,7,1,35,1,100,0,0,6,65,0,0,0,0,50085,68,"Not in identifiable area","Other managers"
"11156387",4210,28020,2022,2022,202203,3325584,9,149.9,6,323572,1,13,55000,9,1,36,1,100,0,0,7,71,0,0,0,0,55000,49,"Kalamazoo-Portage, MI","First-line supervisors of landscaping, lawn service, and groundskeeping workers"
"11954888",4720,0,2022,2020,202203,5366154,8,428.4,0,215615,1,13,95750,5,2,17,1,100,0,0,5,50,0,0,0,0,5099,44,"Not in identifiable area","Cashiers"
"13685319",6050,0,2022,2022,202203,2469499,17,227.4,0,64097,1,13,71000,19,1,32,8,826,1,100,6,61,0,0,0,0,21000,6,"Not in identifiable area","Other agricultural workers"
"8460401",1825,0,2022,2022,202203,6956494,7,65.2,0,130024,1,13,247000,7,2,61,1,100,0,0,11,114,52,5200,60,6000,85000,81,"Not in identifiable area","Other psychologists"
"14665101",8225,16980,2022,2018,202203,2074396,40,4098.2,2,9461105,2,22,133273,42,1,58,1,100,0,0,6,63,0,0,0,0,57284,18,"Chicago-Naperville-Elgin, IL-IN-WI","Other metal workers and plastic workers"
"5260952",0,40900,2022,2021,202203,912040,21,6565.3,1,2149127,1,12,242632,23,2,68,4,400,0,0,10,101,29,2901,0,0,52176,0,"Sacramento--Roseville--Arden-Arcade, CA","N/A (not applicable)"
"10013094",3321,44220,2022,2021,202203,4946021,42,930.7,1,138333,1,13,84311,42,2,53,1,100,0,0,6,65,0,0,0,0,41075,48,"Springfield, OH","Cardiovascular technologists and technicians"
"7833575",845,35620,2022,2021,202203,4356751,56,103559.9,2,19567410,2,22,14592,55,2,21,1,100,0,0,10,101,62,6200,0,0,3783,68,"New York-Newark-Jersey City, NY-NJ-PA","Financial and investment analysts"
"5573912",0,39900,2022,2018,202203,3777586,53,746.1,2,425417,2,22,50971,47,1,15,1,100,4,412,3,30,0,0,0,0,0,0,"Reno, NV","N/A (not applicable)"
"13000682",5240,0,2022,2020,202203,3436789,5,125.9,0,102019,2,22,110255,7,2,34,1,100,0,0,6,63,0,0,0,0,45326,44,"Not in identifiable area","Customer service representatives"
"5163063",0,27260,2022,2019,202203,1423967,3,2899.1,3,1345596,0,0,9999999,3,2,88,1,100,0,0,10,101,23,2300,0,0,2985,0,"Jacksonville, FL","N/A (not applicable)"
"11059605",4110,19820,2022,2018,202203,3162568,17,2621.9,4,4296250,1,12,179217,20,2,19,1,100,0,0,7,71,0,0,0,0,11691,16,"Detroit-Warren-Dearborn, MI","Waiters and waitresses"
"15347271",9620,19100,2022,2018,202203,5926688,31,3840.1,3,6426214,2,22,468793,31,1,57,1,100,0,0,4,40,0,0,0,0,22212,8,"Dallas-Fort Worth-Arlington, TX","Laborers and freight, stock, and material movers, hand"
"2227561",0,12260,2022,2019,202203,1817512,8,861.5,5,564873,1,12,42828,8,1,76,1,100,0,0,6,64,0,0,0,0,22964,0,"Augusta-Richmond County, GA-SC","N/A (not applicable)"
"2932314",0,38900,2022,2018,202203,6624162,14,3376.5,5,2226009,0,0,9999999,14,1,82,1,100,0,0,8,81,0,0,0,0,2572,0,"Portland-Vancouver-Hillsboro, OR-WA","N/A (not applicable)"
"6287454",0,47900,2022,2020,202203,2909497,2,3555,5,5636232,1,13,106855,3,1,80,2,200,0,0,7,71,0,0,0,0,24929,0,"Washington-Arlington-Alexandria, DC-VA-MD-WV","N/A (not applicable)"
"3387587",0,40140,2022,2021,202203,856116,20,1704,1,4224851,2,22,160191,18,1,70,1,100,1,100,7,71,0,0,0,0,41507,0,"Riverside-San Bernardino-Ontario, CA","N/A (not applicable)"
"11165840",4220,10580,2022,2022,202203,4421295,17,6374.9,4,870716,0,0,9999999,17,2,19,1,100,0,0,6,65,0,0,0,0,8900,9,"Albany-Schenectady-Troy, NY","Janitors and building cleaners"
"10837604",4030,32820,2022,2022,202203,5796106,20,2516,5,1324829,2,22,152700,20,2,17,1,100,0,0,5,50,0,0,0,0,10000,15,"Memphis, TN-MS-AR","Food preparation workers"
"10501868",3820,35620,2022,2022,202203,4511855,15,1554.1,2,19567410,1,13,188000,13,1,54,9,907,2,200,7,71,0,0,0,0,110000,39,"New York-Newark-Jersey City, NY-NJ-PA","Detectives and criminal investigators"
"10351034",3620,26420,2022,2021,202203,6208778,5,438.8,3,5920416,1,13,58153,6,2,26,1,100,0,0,8,81,0,0,0,0,8431,38,"Houston-The Woodlands-Sugar Land, TX","Physical therapist assistants and aides"
"1955836",0,23420,2022,2020,202203,745957,8,229.7,1,930450,1,13,182436,3,1,73,1,100,1,100,2,23,0,0,0,0,11331,0,"Fresno, CA","N/A (not applicable)"
"5300519",0,38900,2022,2018,202203,5134117,14,1237.7,5,2226009,1,13,125253,16,1,95,1,100,0,0,6,65,0,0,0,0,44424,0,"Portland-Vancouver-Hillsboro, OR-WA","N/A (not applicable)"
"13919917",6260,40900,2022,2018,202203,366370,13,6161.6,1,2149127,2,22,61960,13,1,35,1,100,1,100,6,64,0,0,0,0,50270,8,"Sacramento--Roseville--Arden-Arcade, CA","Construction laborers"
"6439421",10,35620,2022,2021,202203,4373734,15,5386,2,19567410,1,13,351296,15,1,66,1,100,0,0,7,71,0,0,0,0,216182,68,"New York-Newark-Jersey City, NY-NJ-PA","Chief executives and legislators"
"9654980",3090,39300,2022,2019,202203,5522666,14,589.5,4,1600852,1,13,270979,13,2,37,1,100,0,0,11,115,60,6001,0,0,259497,92,"Providence-Warwick, RI-MA","Physicians"
"7485732",630,27260,2022,2018,202203,1397344,7,802.8,3,1345596,1,13,254504,8,1,57,1,100,0,0,8,81,0,0,0,0,117140,84,"Jacksonville, FL","Human resources workers"
"8427097",1760,14460,2022,2018,202203,2993386,22,28129.4,4,4552402,2,22,187634,22,2,41,1,100,0,0,11,116,50,5003,0,0,187634,80,"Boston-Cambridge-Newton, MA-NH","Physical scientists, all other"
"850312",0,34980,2022,2020,202203,5752161,16,1182,5,1670890,2,22,48725,9,1,15,2,200,0,0,2,26,0,0,0,0,0,0,"Nashville-Davidson--Murfreesboro--Franklin, TN","N/A (not applicable)"
"7704386",750,35620,2022,2021,202203,4409228,100,24779.8,2,19567410,1,13,158029,100,2,44,1,100,0,0,8,81,0,0,0,0,25726,66,"New York-Newark-Jersey City, NY-NJ-PA","Business operations specialists, all other"
"15716518",9920,16980,2022,2018,202203,2350709,7,2192.9,2,9461105,2,22,60791,12,2,23,2,200,0,0,6,65,0,0,0,0,0,0,"Chicago-Naperville-Elgin, IL-IN-WI","Unemployed, with no work experience in the last 5 years or earlier or never worked"
"1228032",0,28020,2022,2019,202203,3180545,1,2694.6,6,326589,0,0,9999999,1,1,62,1,100,1,100,6,63,0,0,0,0,13090,0,"Kalamazoo-Portage, MI","N/A (not applicable)"
"4038912",0,29940,2022,2019,202203,2566091,9,1224.3,1,110826,1,13,164769,9,1,73,1,100,0,0,6,63,0,0,0,0,144101,0,"Lawrence, KS","N/A (not applicable)"
"15536835",9645,40140,2022,2021,202203,879702,21,1670.8,1,4224851,1,13,75664,32,1,40,1,100,0,0,7,71,0,0,0,0,27023,44,"Riverside-San Bernardino-Ontario, CA","Stockers and order fillers"
"11566015",4510,47260,2022,2018,202203,6453644,31,915.2,5,1676822,1,13,29226,32,2,31,1,100,0,0,7,71,0,0,0,0,29226,17,"Virginia Beach-Norfolk-Newport News, VA-NC","Hairdressers, hairstylists, and cosmetologists"
"13757920",6220,24860,2022,2018,202203,5543336,27,309.6,5,327196,1,13,121991,24,1,35,1,100,0,0,8,81,0,0,0,0,52608,27,"Greenville-Anderson-Mauldin, SC","Brickmasons, blockmasons, stonemasons, and reinforcing iron and rebar workers"
"1662096",0,0,2022,2022,202203,5002817,2,147.2,0,51839,1,12,11800,2,2,74,1,100,0,0,6,63,0,0,0,0,11800,0,"Not in identifiable area","N/A (not applicable)"
"11759519",4700,42220,2022,2018,202203,426927,21,443.5,1,483878,1,13,178632,21,1,54,1,100,0,0,10,101,15,1501,0,0,17536,68,"Santa Rosa, CA","First-line supervisors of retail sales workers"
"3404942",0,40140,2022,2018,202203,394238,37,1683.7,1,4224851,1,12,3858,38,2,48,1,100,0,0,6,63,0,0,0,0,1169,0,"Riverside-San Bernardino-Ontario, CA","N/A (not applicable)"
"10453960",3725,0,2022,2022,202203,5640421,18,118.3,0,85834,1,12,46900,21,1,52,1,100,0,0,6,63,0,0,0,0,20000,18,"Not in identifiable area","Miscellaneous first-line supervisors, protective service workers"
"4144621",0,35620,2022,2021,202203,3980373,25,13903.3,2,19567410,2,22,61612,33,2,4,8,826,0,0,0,2,0,0,0,0,9999999,0,"New York-Newark-Jersey City, NY-NJ-PA","N/A (not applicable)"
"15464568",9620,0,2022,2019,202203,1815649,2,55.8,0,32605,0,0,9999999,2,1,25,2,200,0,0,5,50,0,0,0,0,0,8,"Not in identifiable area","Laborers and freight, stock, and material movers, hand"
"13408392",5740,44180,2022,2022,202203,3680845,18,2303.6,6,436712,1,13,137700,9,2,76,8,801,0,0,6,63,0,0,0,0,37600,61,"Springfield, MO","Secretaries and administrative assistants, except legal, medical, and executive"
"5814107",0,37980,2022,2018,202203,3893111,17,2387.6,2,5965343,1,12,24316,18,1,56,1,100,0,0,6,64,0,0,0,0,6547,0,"Philadelphia-Camden-Wilmington, PA-NJ-DE-MD","N/A (not applicable)"
"8300171",1460,41860,2022,2018,202203,415000,10,6734.4,1,4335391,1,13,263038,10,1,27,1,100,0,0,10,101,24,2405,0,0,140287,82,"San Francisco-Oakland-Hayward, CA","Mechanical engineers"
"1340144",0,16980,2022,2021,202203,2415570,17,4177.7,2,9461105,1,12,57180,17,2,68,1,100,0,0,7,71,0,0,0,0,11782,0,"Chicago-Naperville-Elgin, IL-IN-WI","N/A (not applicable)"
"5730404",0,37980,2022,2018,202203,5236512,74,18396.9,2,5965343,1,13,67805,74,2,68,2,200,0,0,6,63,0,0,0,0,9352,0,"Philadelphia-Camden-Wilmington, PA-NJ-DE-MD","N/A (not applicable)"
"10525785",3870,0,2022,2021,202203,1899359,8,63.7,0,26571,1,13,135114,7,1,50,1,100,0,0,11,114,62,6207,0,0,91878,39,"Not in identifiable area","Police officers"
"14529428",7750,31080,2022,2018,202203,373859,13,16581.5,1,12828837,2,22,65234,11,2,49,7,700,1,100,6,63,0,0,0,0,21978,18,"Los Angeles-Long Beach-Anaheim, CA","Other assemblers and fabricators"
"8367460",1555,0,2022,2022,202203,6312418,5,567.6,0,405431,1,13,128800,6,1,55,1,100,0,0,7,71,0,0,0,0,56800,62,"Not in identifiable area","Other engineering technologists and technicians, except drafters"
"7065344",350,47900,2022,2018,202203,6459346,13,1068.1,5,5636232,1,13,107904,13,2,55,1,100,0,0,7,71,0,0,0,0,107904,46,"Washington-Arlington-Alexandria, DC-VA-MD-WV","Medical and health services managers"
"3385262",0,19100,2022,2018,202203,5915243,16,2134.8,3,6426214,1,13,38228,19,1,6,1,100,0,0,1,12,0,0,0,0,9999999,0,"Dallas-Fort Worth-Arlington, TX","N/A (not applicable)"
"11143736",4200,16980,2022,2019,202203,2364076,21,876.7,2,9461105,1,13,200938,21,1,39,1,100,0,0,7,71,0,0,0,0,132045,9,"Chicago-Naperville-Elgin, IL-IN-WI","First-line supervisors of housekeeping and janitorial workers"
"4421194",0,38300,2022,2018,202203,5240653,6,1054.6,5,2356285,1,12,173722,7,2,12,1,100,0,0,2,23,0,0,0,0,9999999,0,"Pittsburgh, PA","N/A (not applicable)"
"4791059",0,47900,2022,2018,202203,2861950,37,3222.5,5,5636232,2,22,116906,34,2,13,1,100,0,0,2,25,0,0,0,0,9999999,0,"Washington-Arlington-Alexandria, DC-VA-MD-WV","N/A (not applicable)"
"4514459",0,19300,2022,2020,202203,50055,2,250.7,1,182265,1,12,110821,2,2,71,1,100,0,0,7,71,0,0,0,0,84532,0,"Daphne-Fairhope-Foley, AL","N/A (not applicable)"
"15521273",9645,33460,2022,2018,202203,3362513,15,2365.5,5,3348859,0,0,9999999,15,1,22,1,100,0,0,7,71,0,0,0,0,8067,44,"Minneapolis-St. Paul-Bloomington, MN-WI","Stockers and order fillers"
"9623138",3030,35620,2022,2022,202203,4036949,20,2535.8,2,19567410,1,13,409000,19,2,76,1,100,0,0,6,63,0,0,0,0,56400,39,"New York-Newark-Jersey City, NY-NJ-PA","Dietitians and nutritionists"
"13646427",6005,40140,2022,2019,202203,545290,9,1670.8,1,4224851,2,22,82672,11,2,23,1,100,1,100,6,63,0,0,0,0,11482,20,"Riverside-San Bernardino-Ontario, CA","First-line supervisors of farming, fishing, and forestry workers"
"7688812",750,10740,2022,2020,202203,4060510,53,3537.3,3,887077,2,22,3286,52,1,63,1,100,0,0,10,101,52,5200,0,0,3286,66,"Albuquerque, NM","Business operations specialists, all other"
"8902988",2300,38900,2022,2020,202203,5171102,11,2041.6,5,2226009,1,13,133711,11,2,29,1,100,0,0,10,101,29,2901,23,2307,16997,72,"Portland-Vancouver-Hillsboro, OR-WA","Preschool and kindergarten teachers"
"7887555",910,0,2022,2019,202203,5143157,25,4488.8,0,390738,1,13,99895,25,2,35,1,100,0,0,8,81,0,0,0,0,41336,68,"Not in identifiable area","Credit counselors and loan officers"
"11534269",4510,29820,2022,2021,202203,3811581,6,5634,1,1951269,1,13,21618,6,2,37,6,663,0,0,10,101,62,6211,0,0,21618,17,"Las Vegas-Henderson-Paradise, NV","Hairdressers, hairstylists, and cosmetologists"
"1817108",0,0,2022,2020,202203,5072665,11,268.1,0,46498,2,22,80453,16,2,15,3,302,0,0,3,30,0,0,0,0,0,0,"Not in identifiable area","N/A (not applicable)"
"13968042",6330,0,2022,2021,202203,5665059,20,97.6,0,105828,1,12,243313,35,1,67,1,100,0,0,6,63,0,0,0,0,139546,18,"Not in identifiable area","Drywall installers, ceiling tile installers, and tapers"
"4476762",0,36740,2022,2021,202203,1622417,9,4504.4,4,2134411,1,12,7999,9,1,73,1,100,0,0,6,63,0,0,0,0,7999,0,"Orlando-Kissimmee-Sanford, FL","N/A (not applicable)"
"12471495",4850,35620,2022,2022,202203,4019100,22,1028.2,2,19567410,1,13,176000,22,1,34,1,100,4,450,10,101,19,1901,0,0,100000,47,"New York-Newark-Jersey City, NY-NJ-PA","Sales representatives, wholesale and manufacturing"
"3772054",0,28940,2022,2018,202203,5685762,12,317,6,837571,1,13,74235,11,2,64,1,100,0,0,10,101,23,2306,0,0,9937,0,"Knoxville, TN","N/A (not applicable)"
"5661673",0,47900,2022,2019,202203,6510951,24,11162.8,5,5636232,1,12,287054,24,2,42,1,100,0,0,10,101,62,6203,62,6205,0,0,"Washington-Arlington-Alexandria, DC-VA-MD-WV","N/A (not applicable)"
"5705660",0,38300,2022,2018,202203,5269449,5,1154.8,5,2356285,1,12,18120,5,1,83,1,100,0,0,4,40,0,0,0,0,18120,0,"Pittsburgh, PA","N/A (not applicable)"
"8207729",1305,19740,2022,2018,202203,1088127,14,7017.7,4,2543482,1,13,184945,14,2,30,1,100,0,0,10,101,14,1401,0,0,66636,90,"Denver-Aurora-Lakewood, CO","Architects, except landscape and naval"
"3189641",0,26420,2022,2022,202203,6297564,11,6777.7,3,5920416,1,13,316000,13,1,10,1,100,0,0,1,16,0,0,0,0,9999999,0,"Houston-The Woodlands-Sugar Land, TX","N/A (not applicable)"
"8947683",2310,12420,2022,2021,202203,6213350,21,2937.3,4,1716289,1,13,564236,19,2,40,1,100,0,0,10,101,23,2300,0,0,12971,72,"Austin-Round Rock, TX","Elementary and middle school teachers"
"8273949",1410,37980,2022,2019,202203,5300496,25,10343.9,2,5965343,1,13,301407,25,1,51,1,100,0,0,11,114,24,2408,0,0,265812,84,"Philadelphia-Camden-Wilmington, PA-NJ-DE-MD","Electrical and electronics engineers"
"11200584",4220,29820,2022,2019,202203,3786376,41,7990.5,1,1951269,2,22,11482,41,1,25,1,100,1,100,6,63,0,0,0,0,11482,9,"Las Vegas-Henderson-Paradise, NV","Janitors and building cleaners"
"11593681",4530,19100,2022,2018,202203,5918666,11,4883.1,3,6426214,2,22,29460,11,2,83,1,100,0,0,6,65,0,0,0,0,29460,4,"Dallas-Fort Worth-Arlington, TX","Baggage porters, bellhops, and concierges"
"10408257",3645,26980,2022,2018,202203,2476222,29,924.8,6,152586,1,13,95278,29,2,55,1,100,0,0,7,71,0,0,0,0,44424,38,"Iowa City, IA","Medical assistants"
"1217943",0,0,2022,2021,202203,5447566,5,235.9,0,372048,2,22,26158,4,1,14,1,100,0,0,2,26,0,0,0,0,9999999,0,"Not in identifiable area","N/A (not applicable)"
"3634962",0,35620,2022,2019,202203,3914604,17,3911.6,2,19567410,2,22,2296,20,1,21,6,610,0,0,8,81,0,0,0,0,0,0,"New York-Newark-Jersey City, NY-NJ-PA","N/A (not applicable)"
"10934398",4055,27900,2022,2018,202203,3578733,34,375.2,1,175518,2,22,48048,43,2,17,1,100,0,0,5,50,0,0,0,0,0,11,"Joplin, MO","Fast food and counter workers"
"2341770",0,0,2022,2018,202203,3149198,11,88.5,0,28623,1,12,22914,9,2,80,1,100,0,0,6,63,0,0,0,0,8183,0,"Not in identifiable area","N/A (not applicable)"
"9523663",2755,42020,2022,2018,202203,391053,18,1457,1,269637,2,22,67805,18,2,31,1,100,0,0,6,63,0,0,0,0,18705,31,"San Luis Obispo-Paso Robles-Arroyo Grande, CA","Disc jockeys, except radio"
"14369456",7340,16980,2022,2018,202203,2093127,11,5723.8,2,9461105,2,22,78327,11,1,25,1,100,0,0,7,71,0,0,0,0,52608,27,"Chicago-Naperville-Elgin, IL-IN-WI","Maintenance and repair workers, general"
"10797994",4020,39340,2022,2021,202203,6395130,4,5181.9,3,526810,0,0,9999999,4,2,18,1,100,0,0,7,71,0,0,0,0,6485,15,"Provo-Orem, UT","Cooks"
"8701397",2100,16980,2022,2018,202203,2071860,20,2794.3,2,9461105,1,13,123920,19,2,59,1,100,0,0,11,116,21,2102,0,0,123920,93,"Chicago-Naperville-Elgin, IL-IN-WI","Lawyers, and judges, magistrates, and other judicial workers"
"1460270",0,0,2022,2022,202203,1675815,9,93.9,0,46809,0,0,9999999,9,1,67,8,802,0,0,6,63,0,0,0,0,3200,0,"Not in identifiable area","N/A (not applicable)"
"6785397",150,39300,2022,2022,202203,5533960,10,1756.5,1,1600852,1,13,99400,10,1,70,1,100,0,0,8,81,0,0,0,0,54100,77,"Providence-Warwick, RI-MA","Purchasing managers"
"2641133",0,38060,2022,2021,202203,217441,8,3531.4,2,4192887,1,12,47992,8,1,6,7,700,1,100,0,2,0,0,0,0,9999999,0,"Phoenix-Mesa-Scottsdale, AZ","N/A (not applicable)"
"10977213",4110,0,2022,2020,202203,2178745,2,304,0,154908,1,13,39660,3,2,46,1,100,0,0,6,63,0,0,0,0,0,16,"Not in identifiable area","Waiters and waitresses"
"6340210",0,37980,2022,2020,202203,5362318,4,2603.2,2,5965343,1,13,280566,5,1,1,6,678,0,0,0,1,0,0,0,0,9999999,0,"Philadelphia-Camden-Wilmington, PA-NJ-DE-MD","N/A (not applicable)"
"6714778",120,0,2022,2022,202203,1189971,4,27.6,0,35869,2,22,126000,5,2,59,1,100,0,0,6,63,0,0,0,0,126000,68,"Not in identifiable area","Financial managers"
"3470732",0,0,2022,2021,202203,6542677,11,84.4,0,61764,0,0,9999999,11,1,89,1,100,0,0,6,65,0,0,0,0,0,0,"Not in identifiable area","N/A (not applicable)"
"11391592",4251,24340,2022,2019,202203,3195313,23,777.5,6,988938,1,12,167640,29,1,21,1,100,0,0,7,71,0,0,0,0,4593,11,"Grand Rapids-Wyoming, MI","Landscaping and groundskeeping workers"
"10479565",3802,0,2022,2019,202203,4203202,6,86.1,0,66583,1,13,96450,4,2,59,1,100,0,0,6,63,0,0,0,0,68434,34,"Not in identifiable area","Correctional officers and jailers"
"14543702",7800,12060,2022,2020,202203,1882373,116,5661.2,4,5286728,2,22,67988,116,2,50,2,200,0,0,8,81,0,0,0,0,67988,22,"Atlanta-Sandy Springs-Roswell, GA","Bakers"
"5344798",0,49700,2022,2018,202203,388268,8,850.8,1,166892,1,13,91771,18,2,15,1,100,1,100,2,26,0,0,0,0,0,0,"Yuba City, CA","N/A (not applicable)"
"8324851",1530,41860,2022,2022,202203,1005376,7,6930.2,1,4335312,1,12,687000,7,1,54,1,100,0,0,10,101,24,2408,0,0,687000,87,"San Francisco-Oakland-Hayward, CA","Other engineers"
"442648",0,0,2022,2022,202203,2281885,12,116,0,129135,1,12,81000,12,1,83,1,100,0,0,4,40,0,0,0,0,35000,0,"Not in identifiable area","N/A (not applicable)"
"7545464",705,0,2022,2020,202203,678041,7,320.1,0,134623,1,12,219376,8,2,59,1,100,0,0,11,114,21,2102,0,0,61190,68,"Not in identifiable area","Project management specialists"
"6551537",40,38060,2022,2019,202203,161340,18,5216.5,2,4192887,1,13,85198,18,1,51,1,100,1,100,10,101,33,3301,0,0,85198,72,"Phoenix-Mesa-Scottsdale, AZ","Advertising and promotions managers"
"12283924",4760,0,2022,2019,202203,3213596,40,117.3,0,34123,2,22,37776,33,2,22,1,100,0,0,7,71,0,0,0,0,11482,47,"Not in identifiable area","Retail salespersons"
"1366644",0,0,2022,2018,202203,5881424,4,52.6,0,20173,1,12,136780,7,2,85,1,100,0,0,11,114,36,3600,0,0,46412,0,"Not in identifiable area","N/A (not applicable)"
"11959908",4720,16980,2022,2021,202203,2249195,28,2077.1,2,9461105,1,12,152949,34,2,17,1,100,0,0,5,50,0,0,0,0,1621,44,"Chicago-Naperville-Elgin, IL-IN-WI","Cashiers"
"7916924",1006,0,2022,2021,202203,6405579,58,20.3,0,27557,1,13,145275,56,1,67,1,100,0,0,10,101,23,2300,0,0,78150,65,"Not in identifiable area","Computer systems analysts"
"11944928",4720,16740,2022,2022,202203,5630253,16,219.3,5,1833449,2,21,47000,16,2,37,1,100,0,0,7,71,0,0,0,0,18000,44,"Charlotte-Concord-Gastonia, NC-SC","Cashiers"
"3194160",0,0,2022,2019,202203,1817488,8,98.8,0,58192,1,13,42943,9,2,11,1,100,0,0,2,22,0,0,0,0,9999999,0,"Not in identifiable area","N/A (not applicable)"
"5341387",0,40900,2022,2019,202203,526329,13,429.3,1,2149127,1,13,159487,13,1,6,1,100,0,0,1,14,0,0,0,0,9999999,0,"Sacramento--Roseville--Arden-Arcade, CA","N/A (not applicable)"
"14039794",6410,27180,2022,2018,202203,5685500,10,423.7,6,130011,1,12,5845,10,2,56,1,100,0,0,6,64,0,0,0,0,5845,16,"Jackson, TN","Painters and paperhangers"
"5240899",0,40580,2022,2020,202203,4621399,5,283.3,1,152392,1,13,71841,5,1,75,1,100,0,0,10,101,50,5003,0,0,46685,0,"Rocky Mount, NC","N/A (not applicable)"
"1225226",0,40380,2022,2018,202203,4114699,6,145.8,6,302853,1,13,35072,9,2,0,1,100,0,0,0,1,0,0,0,0,9999999,0,"Rochester, NY","N/A (not applicable)"
"774972",0,0,2022,2022,202203,4714830,33,136.9,0,146791,1,12,125500,23,2,6,1,100,0,0,1,12,0,0,0,0,9999999,0,"Not in identifiable area","N/A (not applicable)"
"4156475",0,41740,2022,2019,202203,594607,14,4393.3,1,3095313,1,12,71419,14,1,80,1,100,0,0,6,65,0,0,0,0,71419,0,"San Diego-Carlsbad, CA","N/A (not applicable)"
"1676964",0,0,2022,2022,202203,5009287,10,362.4,0,114093,1,13,35100,9,1,79,1,100,0,0,6,63,0,0,0,0,27300,0,"Not in identifiable area","N/A (not applicable)"
"1486122",0,0,2022,2022,202203,5003332,4,137,0,38820,1,13,73200,2,1,6,1,100,0,0,0,2,0,0,0,0,9999999,0,"Not in identifiable area","N/A (not applicable)"
"15599940",9645,0,2022,2019,202203,5319780,5,316.2,0,149618,1,13,168329,6,2,59,1,100,0,0,6,63,0,0,0,0,28705,44,"Not in identifiable area","Stockers and order fillers"
"14425049",7640,0,2022,2019,202203,3595014,15,46,0,10416,1,13,74634,15,1,26,1,100,0,0,7,71,0,0,0,0,74634,27,"Not in identifiable area","Other installation, maintenance, and repair workers"
"6194293",0,42100,2022,2022,202203,1071321,11,5035.3,1,262382,1,13,372000,15,1,2,8,826,1,100,0,1,0,0,0,0,9999999,0,"Santa Cruz-Watsonville, CA","N/A (not applicable)"
"15580594",9645,0,2022,2021,202203,6183116,8,839.2,0,214369,2,22,37075,8,1,46,2,200,0,0,6,63,0,0,0,0,37075,44,"Not in identifiable area","Stockers and order fillers"
"5843257",0,47900,2022,2022,202203,2962669,16,7386,4,5636232,1,13,309900,16,1,80,1,100,0,0,10,101,52,5200,0,0,138600,0,"Washington-Arlington-Alexandria, DC-VA-MD-WV","N/A (not applicable)"
"1937392",0,11700,2022,2020,202203,4620383,6,118.9,6,175537,1,12,35354,6,2,85,1,100,0,0,6,63,0,0,0,0,20397,0,"Asheville, NC","N/A (not applicable)"
"541192",0,0,2022,2022,202203,258321,4,22.8,0,91319,1,12,41600,3,2,66,3,315,0,0,4,40,0,0,0,0,9600,0,"Not in identifiable area","N/A (not applicable)"
"13849999",6260,48900,2022,2020,202203,4636103,44,2004.1,1,254884,1,13,114447,43,1,28,2,200,0,0,10,101,62,6201,0,0,74787,8,"Wilmington, NC","Construction laborers"
"7076266",350,12060,2022,2022,202203,1955116,16,4543.4,4,5286728,2,22,87000,16,2,62,2,200,0,0,11,114,36,3600,0,0,87000,46,"Atlanta-Sandy Springs-Roswell, GA","Medical and health services managers"
"6628298",102,37980,2022,2018,202203,5219978,13,2302.1,2,5965343,1,13,175359,13,1,60,1,100,0,0,7,71,0,0,0,0,128597,68,"Philadelphia-Camden-Wilmington, PA-NJ-DE-MD","Facilities managers"
"1426020",0,0,2022,2019,202203,5980634,7,194.1,0,30028,1,12,68663,7,1,6,1,100,1,100,1,12,0,0,0,0,9999999,0,"Not in identifiable area","N/A (not applicable)"
"13426621",5740,0,2022,2019,202203,40645,3,200.1,0,110848,1,13,196115,5,2,31,1,100,0,0,7,71,0,0,0,0,17223,61,"Not in identifiable area","Secretaries and administrative assistants, except legal, medical, and executive"
"5198755",0,27780,2022,2021,202203,5434279,4,482.1,1,143679,1,12,112523,4,1,81,1,100,0,0,11,114,24,2408,0,0,54154,0,"Johnstown, PA","N/A (not applicable)"
"8077029",1050,0,2022,2019,202203,4574473,24,149.6,0,62539,2,22,57514,24,1,29,8,830,1,100,10,101,62,6200,0,0,57514,65,"Not in identifiable area","Computer support specialists"
"11669123",4600,35620,2022,2021,202203,3970514,16,9761.5,2,19567410,1,12,150679,16,2,62,1,100,0,0,6,63,0,0,0,0,11187,26,"New York-Newark-Jersey City, NY-NJ-PA","Childcare workers"
"11607917",4600,35620,2022,2019,202203,4218794,14,47366.7,2,19567410,1,13,257775,13,2,69,4,400,0,0,6,65,0,0,0,0,80375,26,"New York-Newark-Jersey City, NY-NJ-PA","Childcare workers"
"4314748",0,41860,2022,2019,202203,594487,12,5583.4,1,4335391,1,13,172233,12,1,10,6,600,0,0,1,17,0,0,0,0,9999999,0,"San Francisco-Oakland-Hayward, CA","N/A (not applicable)"
"10948111",4110,31080,2022,2021,202203,812672,25,13809,1,12828837,2,22,85176,21,2,47,1,100,0,0,10,101,60,6001,0,0,4107,16,"Los Angeles-Long Beach-Anaheim, CA","Waiters and waitresses"
"12859093",5240,41620,2022,2022,202203,6415215,27,4935.6,4,1087873,2,22,66000,27,1,33,1,100,1,100,6,65,0,0,0,0,38000,44,"Salt Lake City, UT","Customer service representatives"
"507557",0,14460,2022,2022,202203,3853799,16,634.3,3,4552402,1,13,179400,18,2,6,1,100,0,0,0,2,0,0,0,0,9999999,0,"Boston-Cambridge-Newton, MA-NH","N/A (not applicable)"
"14052355",6410,16740,2022,2019,202203,4571293,23,2844.4,6,2217012,2,22,62578,36,1,30,7,700,4,412,2,23,0,0,0,0,32724,16,"Charlotte-Concord-Gastonia, NC-SC","Painters and paperhangers"
"13761205",6220,28140,2022,2019,202203,3606151,12,2404.5,5,2009342,1,12,44895,12,1,72,1,100,0,0,6,61,0,0,0,0,22620,27,"Kansas City, MO-KS","Brickmasons, blockmasons, stonemasons, and reinforcing iron and rebar workers"
"6661778",110,19740,2022,2018,202203,1099447,18,6959.1,4,2543482,1,13,35072,17,2,44,1,100,0,0,10,101,64,6402,0,0,11691,68,"Denver-Aurora-Lakewood, CO","Computer and information systems managers"
"10142929",3520,35620,2022,2019,202203,4201626,19,44472.1,2,19567410,1,13,17223,19,2,36,1,100,0,0,10,101,60,6000,0,0,8038,39,"New York-Newark-Jersey City, NY-NJ-PA","Opticians, dispensing"
"9862856",3255,0,2022,2021,202203,2687493,9,91.4,0,33479,1,13,157813,9,2,34,1,100,0,0,10,101,61,6107,0,0,75664,46,"Not in identifiable area","Registered nurses"
"3650998",0,12060,2022,2018,202203,1791129,40,3598.4,4,5286728,1,13,105215,37,2,3,1,100,0,0,0,2,0,0,0,0,9999999,0,"Atlanta-Sandy Springs-Roswell, GA","N/A (not applicable)"
"3948561",0,29820,2022,2019,202203,3782452,13,2773.3,1,1951269,2,22,120735,14,1,11,1,100,1,100,2,22,0,0,0,0,9999999,0,"Las Vegas-Henderson-Paradise, NV","N/A (not applicable)"
"5681179",0,32580,2022,2020,202203,6116032,41,2258.2,1,774769,2,22,14618,44,1,11,1,100,1,100,1,17,0,0,0,0,9999999,0,"McAllen-Edinburg-Mission, TX","N/A (not applicable)"
"11105802",4140,35620,2022,2019,202203,4232972,15,4596.4,2,19567410,1,13,155009,21,1,36,1,100,1,100,6,65,0,0,0,0,32150,11,"New York-Newark-Jersey City, NY-NJ-PA","Dishwashers"
"12774483",5120,19100,2022,2019,202203,6027205,3,530.1,3,6426214,1,12,133423,4,2,26,1,100,0,0,10,101,52,5200,0,0,41336,51,"Dallas-Fort Worth-Arlington, TX","Bookkeeping, accounting, and auditing clerks"
"4022115",0,29820,2022,2018,202203,3776873,68,4648.9,1,1951269,1,13,105215,63,2,0,1,100,0,0,0,1,0,0,0,0,9999999,0,"Las Vegas-Henderson-Paradise, NV","N/A (not applicable)"
"1501516",0,29620,2022,2018,202203,3136866,5,3727.8,1,464036,0,0,9999999,5,1,49,1,100,0,0,7,71,0,0,0,0,18120,0,"Lansing-East Lansing, MI","N/A (not applicable)"
"136591",0,0,2022,2020,202203,3234540,7,407.3,0,1266211,1,12,46572,6,1,83,1,100,0,0,6,63,0,0,0,0,34561,0,"Not in identifiable area","N/A (not applicable)"
"12310372",4760,42660,2022,2018,202203,6630689,43,4071.2,1,3439809,2,22,146717,43,2,40,8,815,0,0,6,65,0,0,0,0,18120,47,"Seattle-Tacoma-Bellevue, WA","Retail salespersons"
"10044118",3402,21340,2022,2021,202203,6223623,12,2296,2,804123,1,12,93607,15,1,32,8,826,1,100,8,81,0,0,0,0,0,48,"El Paso, TX","Paramedics"
"8801509",2205,16620,2022,2019,202203,6801228,16,496.1,6,227078,2,22,102765,18,1,31,6,643,0,0,11,116,50,5007,0,0,31576,84,"Charleston, WV","Postsecondary teachers"
"15157164",9130,41540,2022,2018,202203,1288502,13,284.9,1,373802,1,12,29460,13,1,68,1,100,0,0,8,81,0,0,0,0,29460,15,"Salisbury, MD-DE","Driver/sales workers and truck drivers"
"12788921",5120,0,2022,2018,202203,6837842,5,44.9,0,31660,1,12,117198,5,2,42,1,100,0,0,6,63,0,0,0,0,23381,51,"Not in identifiable area","Bookkeeping, accounting, and auditing clerks"
"7322372",440,10900,2022,2021,202203,5422092,20,882.3,1,821173,1,13,124089,22,2,62,1,100,0,0,6,63,0,0,0,0,36535,68,"Allentown-Bethlehem-Easton, PA-NJ","Other managers"
"7850068",850,19780,2022,2022,202203,2543246,20,1839.9,5,569633,2,22,59790,21,2,76,1,100,0,0,11,114,23,2399,0,0,59790,73,"Des Moines-West Des Moines, IA","Personal financial advisors"
"9819899",3255,12420,2022,2018,202203,5903673,10,1410,4,1716289,1,13,94974,11,2,58,3,308,0,0,10,101,21,2102,0,0,94741,46,"Austin-Round Rock, TX","Registered nurses"
"10039",0,0,2022,2018,202203,3346,82,49.9,0,58637,1,12,11691,83,2,54,1,100,0,0,6,63,0,0,0,0,0,0,"Not in identifiable area","N/A (not applicable)"
"12428062",4840,17460,2022,2021,202203,4936376,38,2424.9,1,2077240,1,13,8647,38,1,46,1,100,0,0,10,101,13,1301,0,0,8647,47,"Cleveland-Elyria, OH","Sales representatives of services, except advertising, insurance, financial services, and travel"
"15672467",9920,35620,2022,2020,202203,4278770,9,6161.9,2,19567410,2,21,23116,10,1,55,1,100,0,0,6,63,0,0,0,0,23116,0,"New York-Newark-Jersey City, NY-NJ-PA","Unemployed, with no work experience in the last 5 years or earlier or never worked"
"812536",0,34980,2022,2021,202203,5776380,65,774.3,5,1670890,1,12,102903,28,1,0,2,200,0,0,0,1,0,0,0,0,9999999,0,"Nashville-Davidson--Murfreesboro--Franklin, TN","N/A (not applicable)"
"11349790",4230,35620,2022,2022,202203,4498683,15,590.1,2,19567410,2,22,105000,11,2,36,7,700,4,424,6,63,0,0,0,0,20000,10,"New York-Newark-Jersey City, NY-NJ-PA","Maids and housekeeping cleaners"
"656549",0,0,2022,2020,202203,309682,9,86.9,0,29899,2,22,96317,9,1,1,1,100,0,0,0,1,0,0,0,0,9999999,0,"Not in identifiable area","N/A (not applicable)"
"2244096",0,0,2022,2019,202203,2373164,11,181.4,0,30811,1,13,59707,13,2,2,1,100,0,0,0,1,0,0,0,0,9999999,0,"Not in identifiable area","N/A (not applicable)"
"2545980",0,19820,2022,2018,202203,3159543,19,2561.6,4,4296250,1,13,499189,27,2,18,1,100,0,0,5,50,0,0,0,0,0,0,"Detroit-Warren-Dearborn, MI","N/A (not applicable)"
"13765857",6230,16980,2022,2018,202203,2051190,16,6446.5,2,9461105,1,13,47090,17,1,64,1,100,0,0,11,114,24,2414,0,0,5822,19,"Chicago-Naperville-Elgin, IL-IN-WI","Carpenters"
"5009059",0,44140,2022,2021,202203,3099210,12,1787.4,5,621570,2,22,270228,12,1,11,1,100,2,200,2,23,0,0,0,0,9999999,0,"Springfield, MA","N/A (not applicable)"
"2280939",0,33860,2022,2022,202203,100133,38,1820.3,6,374536,1,12,101900,38,2,75,2,200,0,0,6,63,0,0,0,0,11900,0,"Montgomery, AL","N/A (not applicable)"
"5369713",0,46060,2022,2019,202203,159778,27,5551.2,1,980263,2,22,82672,33,2,2,2,200,0,0,0,1,0,0,0,0,9999999,0,"Tucson, AZ","N/A (not applicable)"
"1751912",0,0,2022,2018,202203,5042784,24,3737.6,0,937478,1,13,75989,24,2,34,1,100,0,0,8,81,0,0,0,0,0,0,"Not in identifiable area","N/A (not applicable)"
"14014790",6355,0,2022,2021,202203,1580100,1,348.1,0,136740,0,0,9999999,1,1,27,1,100,0,0,6,65,0,0,0,0,18376,44,"Not in identifiable area","Electricians"
"3732014",0,16980,2022,2022,202203,2277518,12,3319.3,3,9461105,1,12,227900,13,1,88,1,100,0,0,10,101,62,6201,0,0,227900,0,"Chicago-Naperville-Elgin, IL-IN-WI","N/A (not applicable)"
"2220968",0,15180,2022,2022,202203,6278419,30,1172.7,1,406220,1,12,68800,23,1,71,1,100,0,0,7,71,0,0,0,0,22800,0,"Brownsville-Harlingen, TX","N/A (not applicable)"
"12940994",5240,29540,2022,2021,202203,5451577,25,450.7,1,519445,1,12,13187,26,2,76,1,100,1,100,7,71,0,0,0,0,13187,44,"Lancaster, PA","Customer service representatives"
"5676315",0,48140,2022,2019,202203,6859874,26,260.8,1,134063,1,13,97484,25,1,72,1,100,0,0,6,63,0,0,0,0,20668,0,"Wausau, WI","N/A (not applicable)"
"1119741",0,40140,2022,2022,202203,932704,16,2655.6,1,4224851,0,0,9999999,16,2,67,1,100,0,0,6,63,0,0,0,0,13100,0,"Riverside-San Bernardino-Ontario, CA","N/A (not applicable)"
"7505451",630,27260,2022,2022,202203,1695257,6,3206,4,1345596,1,13,316000,5,1,35,1,100,0,0,11,114,52,5205,0,0,180000,84,"Jacksonville, FL","Human resources workers"
"8861666",2205,24660,2022,2020,202203,4623662,6,2518.5,5,723801,1,13,139603,6,1,50,1,100,0,0,11,116,50,5007,0,0,60170,84,"Greensboro-High Point, NC","Postsecondary teachers"
"5291730",0,35620,2022,2019,202203,3904320,34,965.6,2,19567410,1,13,99780,15,1,73,2,200,0,0,7,71,0,0,0,0,47307,0,"New York-Newark-Jersey City, NY-NJ-PA","N/A (not applicable)"
"2062247",0,24340,2022,2020,202203,3226412,4,1045.5,6,988938,0,0,9999999,4,2,67,1,100,0,0,6,63,0,0,0,0,2266,0,"Grand Rapids-Wyoming, MI","N/A (not applicable)"
"10370251",3640,35620,2022,2021,202203,4365999,16,47853.1,2,19567410,2,22,52965,15,2,28,7,700,1,100,6,63,0,0,0,0,0,38,"New York-Newark-Jersey City, NY-NJ-PA","Dental assistants"
"6441622",10,37100,2022,2022,202203,1020564,22,2484.4,1,823321,1,13,346000,26,1,50,1,100,0,0,10,101,24,2400,62,6200,250000,68,"Oxnard-Thousand Oaks-Ventura, CA","Chief executives and legislators"
"13471185",5740,0,2022,2018,202203,4773464,11,135.8,0,39848,1,12,411509,10,2,44,1,100,0,0,8,81,0,0,0,0,28057,61,"Not in identifiable area","Secretaries and administrative assistants, except legal, medical, and executive"
"8297675",1460,0,2022,2022,202203,2703468,12,2068,0,472099,2,21,111800,12,1,56,1,100,0,0,10,101,50,5007,24,2400,25800,82,"Not in identifiable area","Mechanical engineers"
"9691317",3090,0,2022,2021,202203,4658534,11,133.3,0,29045,1,12,633414,10,1,63,1,100,0,0,11,115,36,3603,0,0,633414,92,"Not in identifiable area","Physicians"
"4998919",0,21340,2022,2022,202203,6343289,13,718.9,2,804123,2,22,30000,11,2,4,8,826,1,100,0,2,0,0,0,0,9999999,0,"El Paso, TX","N/A (not applicable)"
"7059091",350,41860,2022,2021,202203,911278,11,2423.2,1,4335391,2,22,212183,11,2,59,6,600,0,0,11,114,61,6107,0,0,170784,46,"San Francisco-Oakland-Hayward, CA","Medical and health services managers"
"12892018",5240,17140,2022,2019,202203,4865578,17,4589.1,4,2114580,2,22,10678,17,1,42,2,200,0,0,6,65,0,0,0,0,10678,44,"Cincinnati, OH-KY-IN","Customer service representatives"
"15291478",9600,12060,2022,2019,202203,1854537,17,2580.5,4,5286728,1,13,55114,20,1,26,1,100,0,0,6,63,0,0,0,0,25261,18,"Atlanta-Sandy Springs-Roswell, GA","Industrial truck and tractor operators"
"1355378",0,0,2022,2022,202203,4489930,33,169.4,0,88259,2,22,64000,33,2,6,1,100,0,0,0,2,0,0,0,0,9999999,0,"Not in identifiable area","N/A (not applicable)"
"1176570",0,16980,2022,2022,202203,2276478,14,706.8,3,9461105,1,13,8500,19,1,8,1,100,0,0,1,15,0,0,0,0,9999999,0,"Chicago-Naperville-Elgin, IL-IN-WI","N/A (not applicable)"
"1574005",0,0,2022,2021,202203,4961241,3,133.8,0,32185,1,12,61828,4,2,69,1,100,0,0,6,63,0,0,0,0,41831,0,"Not in identifiable area","N/A (not applicable)"
"1559007",0,0,2022,2019,202203,4582879,19,1418,0,504357,2,22,27902,21,1,74,1,100,0,0,6,63,0,0,0,0,2296,0,"Not in identifiable area","N/A (not applicable)"
"14246356",7200,12580,2022,2020,202203,2904894,106,2316,3,2710489,2,22,233654,84,1,49,2,200,0,0,7,71,0,0,0,0,161812,19,"Baltimore-Columbia-Towson, MD","Automotive service technicians and mechanics"
"10689712",4020,49180,2022,2019,202203,4581910,12,420.4,6,640595,1,13,66941,18,1,18,2,200,0,0,6,61,0,0,0,0,9530,15,"Winston-Salem, NC","Cooks"
"10208327",3602,0,2022,2019,202203,2646281,33,69.7,0,30080,1,13,61659,23,2,65,1,100,0,0,8,81,0,0,0,0,9989,13,"Not in identifiable area","Personal care aides"
"2161494",0,36740,2022,2018,202203,1413671,10,3413.8,4,2134411,1,12,99838,10,1,74,1,100,0,0,5,50,0,0,0,0,26187,0,"Orlando-Kissimmee-Sanford, FL","N/A (not applicable)"
"13444090",5740,39300,2022,2020,202203,3061933,31,5690.1,4,1600852,1,13,116713,32,2,50,1,100,0,0,8,81,0,0,0,0,57790,61,"Providence-Warwick, RI-MA","Secretaries and administrative assistants, except legal, medical, and executive"
"5808090",0,29820,2022,2019,202203,3784650,21,5634,1,1951269,2,22,24572,20,1,79,1,100,0,0,6,63,0,0,0,0,24572,0,"Las Vegas-Henderson-Paradise, NV","N/A (not applicable)"
"9821741",3255,0,2022,2018,202203,6845875,6,70.9,0,69829,1,13,118437,5,2,39,1,100,0,0,10,101,61,6107,0,0,73651,46,"Not in identifiable area","Registered nurses"
"8154096",1108,14460,2022,2018,202203,2980343,12,7433.3,4,4552402,0,0,9999999,12,1,20,1,100,0,0,7,71,0,0,0,0,17536,65,"Boston-Cambridge-Newton, MA-NH","Computer occupations, all other"
"8021827",1021,41860,2022,2021,202203,827156,21,1173,1,4335391,1,13,385388,21,1,46,1,100,0,0,10,101,21,2102,0,0,378427,65,"San Francisco-Oakland-Hayward, CA","Software developers"
"10301363",3603,28140,2022,2019,202203,3604515,12,2390.8,5,2009342,2,22,49316,12,2,43,2,200,0,0,7,71,0,0,0,0,20381,13,"Kansas City, MO-KS","Nursing assistants"
"13251613",5600,31080,2022,2019,202203,520962,9,4416.1,1,12828837,1,13,109540,10,2,63,7,700,4,450,11,114,33,3301,48,4801,21127,44,"Los Angeles-Long Beach-Anaheim, CA","Production, planning, and expediting clerks"
"4579769",0,31080,2022,2019,202203,539095,22,4416.1,1,12828837,1,13,658388,21,2,14,1,100,0,0,2,26,0,0,0,0,9999999,0,"Los Angeles-Long Beach-Anaheim, CA","N/A (not applicable)"
"12510181",4850,0,2022,2019,202203,296551,6,86.9,0,48793,1,12,118266,5,1,56,1,100,0,0,10,101,50,5003,0,0,118266,47,"Not in identifiable area","Sales representatives, wholesale and manufacturing"
"11073573",4130,24020,2022,2019,202203,4209277,7,215.8,1,128923,1,12,34447,7,2,77,1,100,0,0,6,63,0,0,0,0,34447,11,"Glens Falls, NY","Dining room and cafeteria attendants and bartender helpers"
"6278571",0,38900,2022,2018,202203,5132056,18,3394.2,5,2226009,2,22,34137,18,2,68,1,100,0,0,10,101,23,2300,0,0,10755,0,"Portland-Vancouver-Hillsboro, OR-WA","N/A (not applicable)"
"7355130",440,24860,2022,2018,202203,5549377,11,309.6,5,327196,1,13,259531,11,1,63,1,100,0,0,10,101,25,2503,0,0,201078,68,"Greenville-Anderson-Mauldin, SC","Other managers"
"8958344",2310,35620,2022,2020,202203,4276954,7,6161.9,2,19567410,1,13,222096,11,1,45,1,100,0,0,11,114,55,5506,0,0,120113,72,"New York-Newark-Jersey City, NY-NJ-PA","Elementary and middle school teachers"
"6036446",0,26380,2022,2021,202203,2775631,45,381,6,208178,1,12,75664,32,1,3,1,100,2,200,0,2,0,0,0,0,9999999,0,"Houma-Thibodaux, LA","N/A (not applicable)"
"9639104",3050,29200,2022,2022,202203,2440329,22,1581.5,6,201789,0,0,9999999,22,2,22,6,600,0,0,10,101,61,6108,0,0,12000,82,"Lafayette-West Lafayette, IN","Pharmacists"
"9644158",3050,0,2022,2021,202203,1911593,2,38.1,0,65442,1,12,250772,7,2,25,1,100,0,0,11,116,62,6203,0,0,135114,82,"Not in identifiable area","Pharmacists"
"1189415",0,0,2022,2018,202203,2622408,21,295.8,0,85182,1,13,30279,21,2,73,1,100,0,0,3,30,0,0,0,0,30279,0,"Not in identifiable area","N/A (not applicable)"
"13364226",5740,0,2022,2021,202203,3289797,8,123.3,0,126933,1,13,84311,8,2,43,1,100,0,0,10,101,53,5301,0,0,57288,61,"Not in identifiable area","Secretaries and administrative assistants, except legal, medical, and executive"
"9675725",3090,18140,2022,2018,202203,4770483,11,4987.1,5,1901974,1,12,707340,11,2,49,1,100,0,0,11,115,15,1501,0,0,200026,92,"Columbus, OH","Physicians"
"10729721",4020,0,2022,2021,202203,3964933,18,915.5,0,156898,0,0,9999999,18,1,29,2,200,0,0,7,71,0,0,0,0,1081,15,"Not in identifiable area","Cooks"
"12278838",4760,27260,2022,2018,202203,1391617,5,2420.8,3,1345596,1,12,49101,9,1,25,1,100,0,0,7,71,0,0,0,0,21043,47,"Jacksonville, FL","Retail salespersons"
"12942097",5240,42680,2022,2019,202203,1443941,23,917.3,1,138028,1,13,152483,19,2,55,1,100,0,0,6,65,0,0,0,0,49144,44,"Sebastian-Vero Beach, FL","Customer service representatives"
"1950170",0,0,2022,2021,202203,1895484,40,120,0,57462,1,12,229153,92,1,12,1,100,0,0,2,23,0,0,0,0,9999999,0,"Not in identifiable area","N/A (not applicable)"
"4067108",0,37980,2022,2022,202203,5482597,8,706.6,2,5965343,1,12,62300,12,2,26,1,100,0,0,0,2,0,0,0,0,9000,0,"Philadelphia-Camden-Wilmington, PA-NJ-DE-MD","N/A (not applicable)"
"7470419",600,31080,2022,2018,202203,465755,20,13809,1,12828837,2,22,219783,20,1,55,6,600,0,0,11,114,24,2406,0,0,175359,68,"Los Angeles-Long Beach-Anaheim, CA","Cost estimators"
"6292214",0,33100,2022,2021,202203,1654470,6,4160.7,2,5564635,1,12,178350,7,1,94,1,100,0,0,10,101,19,1902,0,0,178350,0,"Miami-Fort Lauderdale-West Palm Beach, FL","N/A (not applicable)"
"14387055",7340,47900,2022,2021,202203,6570617,22,3695.3,5,5636232,2,22,86257,11,1,21,8,816,0,0,6,63,0,0,0,0,19997,27,"Washington-Arlington-Alexandria, DC-VA-MD-WV","Maintenance and repair workers, general"
"8826312",2205,19820,2022,2022,202203,3359138,15,2455.5,3,4296250,1,13,143300,15,2,58,1,100,0,0,10,101,50,5098,0,0,89000,84,"Detroit-Warren-Dearborn, MI","Postsecondary teachers"
"4185114",0,33100,2022,2018,202203,1344184,29,10993.9,2,5564635,1,12,18705,29,1,75,2,200,0,0,5,50,0,0,0,0,18705,0,"Miami-Fort Lauderdale-West Palm Beach, FL","N/A (not applicable)"
"3381493",0,0,2022,2021,202203,6138029,23,66.1,0,298219,1,12,177270,30,1,17,1,100,0,0,5,50,0,0,0,0,0,0,"Not in identifiable area","N/A (not applicable)"
"14926929",8990,34740,2022,2020,202203,3260836,5,797.3,1,172188,1,12,45326,5,1,56,1,100,0,0,4,40,0,0,0,0,45326,18,"Muskegon, MI","Miscellaneous production workers, including equipment operators and tenders"
"82123",0,0,2022,2018,202203,2478148,6,97.9,0,42070,1,12,139469,6,1,70,1,100,0,0,10,101,37,3700,0,0,89199,0,"Not in identifiable area","N/A (not applicable)"
"8397082",1610,47900,2022,2019,202203,6489109,12,2625.4,5,5636232,2,22,166491,12,2,28,1,100,0,0,11,114,36,3603,36,3601,86116,80,"Washington-Arlington-Alexandria, DC-VA-MD-WV","Biological scientists"
"9350386",2545,28940,2022,2018,202203,5689256,13,495.8,6,837571,2,22,35072,10,1,37,1,100,0,0,8,81,0,0,0,0,11691,65,"Knoxville, TN","Teaching assistants"
"10902664",4055,45300,2022,2021,202203,1608243,14,609.3,1,2783243,1,12,8647,14,2,63,1,100,0,0,6,64,0,0,0,0,8647,11,"Tampa-St. Petersburg-Clearwater, FL","Fast food and counter workers"
"14315778",7315,41740,2022,2020,202203,729326,11,257.5,1,3095313,1,13,96317,11,1,44,1,100,0,0,6,63,0,0,0,0,56657,27,"San Diego-Carlsbad, CA","Heating, air conditioning, and refrigeration mechanics and installers"
"10186673",3601,35620,2022,2021,202203,4354074,28,51164.3,2,19567410,2,22,21726,28,2,33,4,400,0,0,6,63,0,0,0,0,19456,13,"New York-Newark-Jersey City, NY-NJ-PA","Home health aides"
"3533497",0,27260,2022,2018,202203,1352081,4,843.6,3,1345596,1,12,76106,3,2,7,1,100,0,0,1,15,0,0,0,0,9999999,0,"Jacksonville, FL","N/A (not applicable)"
"13441329",5740,0,2022,2021,202203,2435613,5,344.9,0,49519,1,13,107118,5,2,50,1,100,0,0,10,101,23,2304,0,0,2270,61,"Not in identifiable area","Secretaries and administrative assistants, except legal, medical, and executive"
"543956",0,24860,2022,2020,202203,5595744,10,2004.3,5,824112,1,12,117167,15,2,68,1,100,0,0,10,101,23,2313,0,0,31501,0,"Greenville-Anderson-Mauldin, SC","N/A (not applicable)"
"2523147",0,12940,2022,2021,202203,2781944,65,1751.9,1,802484,2,22,32427,74,1,5,2,200,0,0,1,11,0,0,0,0,9999999,0,"Baton Rouge, LA","N/A (not applicable)"
"2774784",0,35620,2022,2022,202203,4036447,8,2224.7,2,19567410,1,12,105600,8,1,78,4,400,0,0,11,114,50,5007,0,0,105600,0,"New York-Newark-Jersey City, NY-NJ-PA","N/A (not applicable)"
"9550168",2830,41180,2022,2019,202203,3605238,12,2989,5,2787701,1,13,92248,11,2,59,1,100,0,0,11,114,52,5200,0,0,92248,82,"St. Louis, MO-IL","Editors"
"13562865",5860,35620,2022,2021,202203,4363244,22,10694.5,2,19567410,1,12,109604,21,1,85,1,100,0,0,10,101,55,5501,0,0,68530,44,"New York-Newark-Jersey City, NY-NJ-PA","Office clerks, general"
"14471156",7700,0,2022,2019,202203,5143339,10,99.5,0,107667,2,22,48225,9,1,59,8,802,0,0,6,64,0,0,0,0,48225,49,"Not in identifiable area","First-line supervisors of production and operating workers"
"10141182",3520,12060,2022,2021,202203,1895820,19,313.3,4,5286728,1,13,92958,19,2,32,1,100,0,0,10,101,48,4801,0,0,65936,39,"Atlanta-Sandy Springs-Roswell, GA","Opticians, dispensing"
"5251680",0,24340,2022,2019,202203,3212907,34,4764.4,6,988938,2,22,22964,42,2,0,1,100,1,100,0,1,0,0,0,0,9999999,0,"Grand Rapids-Wyoming, MI","N/A (not applicable)"
"8083672",1050,41180,2022,2018,202203,3560827,8,4026.1,5,2787701,1,13,192895,7,2,36,1,100,0,0,10,101,21,2105,0,0,72482,65,"St. Louis, MO-IL","Computer support specialists"
"6347691",0,41940,2022,2019,202203,522411,17,7395.7,4,1836911,1,13,222754,16,2,16,6,640,0,0,4,40,0,0,0,0,0,0,"San Jose-Sunnyvale-Santa Clara, CA","N/A (not applicable)"
"14749242",8620,0,2022,2020,202203,5074916,5,130.8,0,213247,1,12,156600,1,1,68,1,100,0,0,11,114,23,2308,0,0,50991,47,"Not in identifiable area","Water and wastewater treatment plant and system operators"
"12597856",4965,26420,2022,2022,202203,6334986,43,8394.6,3,5920416,2,22,90000,44,2,36,1,100,1,100,10,101,55,5501,62,6210,90000,47,"Houston-The Woodlands-Sugar Land, TX","Sales and related workers, all other"
"2007306",0,36500,2022,2022,202203,6784675,10,2658.7,1,252264,1,12,107400,11,2,78,1,100,0,0,8,81,0,0,0,0,107400,0,"Olympia-Tumwater, WA","N/A (not applicable)"
"1744563",0,10420,2022,2018,202203,4771264,26,4050.9,1,703200,2,22,37761,32,1,1,2,200,0,0,0,1,0,0,0,0,9999999,0,"Akron, OH","N/A (not applicable)"
"11158637",4220,32820,2022,2022,202203,5796859,69,2134.2,5,1324829,2,22,87000,79,1,39,2,200,0,0,0,2,0,0,0,0,37000,9,"Memphis, TN-MS-AR","Janitors and building cleaners"
"15458859",9620,0,2022,2019,202203,3505126,5,95.7,0,41329,1,13,33643,5,1,18,2,200,0,0,6,64,0,0,0,0,4593,8,"Not in identifiable area","Laborers and freight, stock, and material movers, hand"
"11036860",4110,31700,2022,2018,202203,3829186,43,4612.2,6,400721,2,22,31682,40,2,20,1,100,0,0,7,71,0,0,0,0,16367,16,"Manchester-Nashua, NH","Waiters and waitresses"
"4487340",0,19100,2022,2018,202203,5923300,19,5665.7,3,6426214,1,13,169514,17,1,3,1,100,0,0,1,11,0,0,0,0,9999999,0,"Dallas-Fort Worth-Arlington, TX","N/A (not applicable)"
"2440630",0,31460,2022,2020,202203,669676,12,488.7,1,150865,2,22,36827,20,1,17,7,700,1,100,5,50,0,0,0,0,0,0,"Madera, CA","N/A (not applicable)"
"13323535",5740,31080,2022,2020,202203,753916,19,8899.8,1,12828837,2,22,61190,20,2,39,5,500,0,0,10,101,62,6201,0,0,27195,61,"Los Angeles-Long Beach-Anaheim, CA","Secretaries and administrative assistants, except legal, medical, and executive"
"7832011",845,41740,2022,2022,202203,1003489,33,4624.3,1,3095313,2,22,200000,33,2,40,1,100,0,0,10,101,55,5501,0,0,100000,68,"San Diego-Carlsbad, CA","Financial and investment analysts"
"14149956",6950,0,2022,2022,202203,3719823,19,117.3,0,57990,1,12,69800,18,1,73,1,100,0,0,6,63,0,0,0,0,25800,10,"Not in identifiable area","Other extraction workers"
"515216",0,24780,2022,2018,202203,4548652,27,697.9,1,168148,1,13,98201,17,2,17,1,100,4,450,5,50,0,0,0,0,0,0,"Greenville, NC","N/A (not applicable)"
"9934432",3255,19300,2022,2021,202203,68316,17,250.7,1,182265,1,13,169703,20,2,50,1,100,0,0,10,101,61,6107,0,0,83230,46,"Daphne-Fairhope-Foley, AL","Registered nurses"
"346336",0,0,2022,2022,202203,3329881,4,63.4,0,44972,2,22,81000,3,2,15,1,100,0,0,3,30,0,0,0,0,0,0,"Not in identifiable area","N/A (not applicable)"
"1425182",0,0,2022,2018,202203,5256411,5,553.5,0,93015,1,12,32500,6,2,82,1,100,0,0,6,63,0,0,0,0,9119,0,"Not in identifiable area","N/A (not applicable)"
"6945103",230,0,2022,2019,202203,3510594,19,74.3,0,31312,1,13,148120,16,2,39,1,100,0,0,10,101,62,6206,0,0,3445,72,"Not in identifiable area","Education and childcare administrators"
"7239653",440,15380,2022,2021,202203,4407335,10,9529.6,1,1135509,2,22,24212,10,1,50,6,665,0,0,0,2,0,0,0,0,6485,68,"Buffalo-Cheektowaga-Niagara Falls, NY","Other managers"
"1193776",0,35620,2022,2021,202203,3969426,22,3250.6,2,19567410,1,13,129709,21,2,9,2,200,0,0,1,16,0,0,0,0,9999999,0,"New York-Newark-Jersey City, NY-NJ-PA","N/A (not applicable)"
"3274076",0,16740,2022,2019,202203,5561914,9,133.8,6,297553,0,0,9999999,9,1,52,2,200,0,0,0,2,0,0,0,0,9186,0,"Charlotte-Concord-Gastonia, NC-SC","N/A (not applicable)"
"6823833",205,30700,2022,2018,202203,3729762,56,1922.4,5,302157,1,13,24550,56,1,63,1,100,0,0,7,71,0,0,0,0,-10522,14,"Lincoln, NE","Farmers, ranchers, and other agricultural managers"
"14489340",7750,0,2022,2021,202203,2835155,6,45.1,0,43345,1,13,79987,4,1,41,1,100,0,0,6,64,0,0,0,0,47560,18,"Not in identifiable area","Other assemblers and fabricators"
"14431493",7700,10580,2022,2018,202203,4114800,5,335.4,4,870716,1,13,102877,5,1,58,1,100,0,0,6,63,0,0,0,0,83003,49,"Albany-Schenectady-Troy, NY","First-line supervisors of production and operating workers"
"12078708",4720,47900,2022,2020,202203,2912856,9,1981.7,5,5636232,1,13,543908,13,2,20,2,200,0,0,6,61,0,0,0,0,0,44,"Washington-Arlington-Alexandria, DC-VA-MD-WV","Cashiers"
"7569521",705,38300,2022,2021,202203,5441503,26,5006.1,5,2356285,2,22,132952,27,1,38,6,610,0,0,11,114,21,2105,0,0,129709,68,"Pittsburgh, PA","Project management specialists"
"10055224",3421,12260,2022,2021,202203,1895945,10,861.5,5,564873,1,13,96201,9,1,71,2,200,0,0,10,101,62,6203,0,0,86149,48,"Augusta-Richmond County, GA-SC","Pharmacy technicians"
"12698561",5110,0,2022,2019,202203,5296578,15,463.4,0,96997,1,13,90709,13,2,31,1,100,0,0,6,63,0,0,0,0,27557,44,"Not in identifiable area","Billing and posting clerks"
"6540466",20,45300,2022,2021,202203,1662976,9,3220.2,1,2783243,1,13,91878,10,1,30,1,100,0,0,10,101,55,5503,0,0,59450,68,"Tampa-St. Petersburg-Clearwater, FL","General and operations managers"
"13892333",6260,32900,2022,2021,202203,769642,10,1817,1,255793,0,0,9999999,10,1,31,1,100,4,498,2,26,0,0,0,0,0,8,"Merced, CA","Construction laborers"
"6672948",120,37100,2022,2022,202203,990890,11,2591.8,1,823464,1,13,150000,12,2,44,1,100,0,0,10,101,48,4801,0,0,120000,68,"Oxnard-Thousand Oaks-Ventura, CA","Financial managers"
"14938885",9005,31140,2022,2018,202203,2634964,27,2088.5,3,1235708,1,13,147302,27,2,60,1,100,0,0,6,64,0,0,0,0,63129,68,"Louisville/Jefferson County, KY-IN","Supervisors of transportation and material moving workers"
"15587386",9645,16980,2022,2022,202203,2317838,16,4804.3,3,9461105,1,13,41100,17,2,60,4,400,0,0,10,101,21,2102,0,0,41100,44,"Chicago-Naperville-Elgin, IL-IN-WI","Stockers and order fillers"
"4126242",0,38060,2022,2019,202203,165906,29,631.5,2,4192887,1,13,186011,35,1,9,1,100,0,0,1,16,0,0,0,0,9999999,0,"Phoenix-Mesa-Scottsdale, AZ","N/A (not applicable)"
"11982677",4720,36780,2022,2018,202203,6842391,10,1385.3,1,166994,1,12,63714,12,1,61,1,100,0,0,11,114,23,2314,0,0,37410,44,"Oshkosh-Neenah, WI","Cashiers"
"12399726",4820,19820,2022,2022,202203,3360657,31,794.7,3,4296250,1,13,100000,29,2,42,1,100,0,0,7,71,0,0,0,0,45000,73,"Detroit-Warren-Dearborn, MI","Securities, commodities, and financial services sales agents"
"8281250",1430,19820,2022,2019,202203,3198348,27,4129.9,4,4296250,1,12,78251,27,1,73,1,100,0,0,7,71,0,0,0,0,72223,86,"Detroit-Warren-Dearborn, MI","Industrial engineers, including health and safety"
"2119198",0,0,2022,2021,202203,3289570,11,334.3,0,248256,1,13,140519,15,1,16,1,100,0,0,4,40,0,0,0,0,0,0,"Not in identifiable area","N/A (not applicable)"
"14497264",7750,25540,2022,2018,202203,1213638,11,2903.8,1,1212381,1,13,111061,12,1,37,1,100,0,0,6,63,0,0,0,0,40917,18,"Hartford-West Hartford-East Hartford, CT","Other assemblers and fabricators"
"9865233",3255,19740,2022,2018,202203,1091782,31,653.6,4,2543482,1,12,198740,22,1,26,1,100,0,0,11,115,61,6107,0,0,11691,46,"Denver-Aurora-Lakewood, CO","Registered nurses"
"10374320",3640,45300,2022,2019,202203,1507476,9,1055.9,1,2783243,1,12,30428,8,2,65,1,100,0,0,6,63,0,0,0,0,12630,38,"Tampa-St. Petersburg-Clearwater, FL","Dental assistants"
"2061585",0,0,2022,2022,202203,4452216,6,99.7,0,172546,1,12,164000,6,2,70,1,100,0,0,11,114,23,2399,0,0,50000,0,"Not in identifiable area","N/A (not applicable)"
"6429991",10,35620,2022,2019,202203,3907825,12,2704.8,2,19567410,1,13,264090,13,2,41,1,100,0,0,6,64,0,0,0,0,172233,68,"New York-Newark-Jersey City, NY-NJ-PA","Chief executives and legislators"
"3250498",0,39740,2022,2018,202203,5251447,48,582,1,411442,1,12,60943,51,1,14,1,100,0,0,2,26,0,0,0,0,9999999,0,"Reading, PA","N/A (not applicable)"
"10580726",3930,40140,2022,2022,202203,950493,13,1888.8,1,4224851,1,13,57000,13,1,26,8,826,1,100,7,71,0,0,0,0,57000,8,"Riverside-San Bernardino-Ontario, CA","Security guards and gaming surveillance officers"
"13149851",5420,14460,2022,2018,202203,3001825,27,9943.9,4,4552402,2,22,222121,27,1,32,1,100,0,0,11,114,24,2407,0,0,175359,44,"Boston-Cambridge-Newton, MA-NH","Other information and records clerks"
"13667806",6050,0,2022,2018,202203,6833890,5,70.3,0,109908,1,12,138417,4,1,19,1,100,0,0,6,61,0,0,0,0,64298,6,"Not in identifiable area","Other agricultural workers"
"9982188",3300,0,2022,2018,202203,6840058,94,7727.5,0,605435,2,22,52608,74,2,21,6,610,0,0,7,71,0,0,0,0,11691,48,"Not in identifiable area","Clinical laboratory technologists and technicians"
"9199994",2330,35620,2022,2020,202203,4311360,15,67979.4,2,19567410,1,12,93824,15,2,67,2,200,0,0,11,114,23,2310,0,0,50991,52,"New York-Newark-Jersey City, NY-NJ-PA","Special education teachers"
"13325393",5740,42660,2022,2019,202203,6672182,8,2156.8,1,3439809,1,13,51670,9,2,63,1,100,0,0,7,71,0,0,0,0,0,61,"Seattle-Tacoma-Bellevue, WA","Secretaries and administrative assistants, except legal, medical, and executive"
"9388991",2555,41740,2022,2022,202203,981114,16,3176.5,1,3095313,1,13,121000,15,2,41,1,100,0,0,11,114,55,5507,0,0,11000,52,"San Diego-Carlsbad, CA","Other educational instruction and library workers"
"10589400",3930,12580,2022,2019,202203,2880002,48,2316,3,2710489,1,13,0,48,1,33,1,100,0,0,11,114,62,6200,0,0,0,8,"Baltimore-Columbia-Towson, MD","Security guards and gaming surveillance officers"
"6135318",0,26420,2022,2018,202203,5845782,12,6143.2,3,5920416,2,22,54127,12,2,40,1,100,1,100,6,64,0,0,0,0,10522,0,"Houston-The Woodlands-Sugar Land, TX","N/A (not applicable)"
"2114564",0,38900,2022,2021,202203,6731914,10,2288.1,5,2226009,1,12,4324,11,2,71,1,100,0,0,10,101,61,6107,0,0,4324,0,"Portland-Vancouver-Hillsboro, OR-WA","N/A (not applicable)"
"11369223",4230,16980,2022,2018,202203,2074290,16,1502.3,2,9461105,1,13,149055,16,2,48,7,700,1,100,10,101,62,6201,0,0,33669,10,"Chicago-Naperville-Elgin, IL-IN-WI","Maids and housekeeping cleaners"
"52490",0,19820,2022,2020,202203,3255833,5,865,4,4296250,1,12,59830,6,2,95,1,100,0,0,0,2,0,0,0,0,33768,0,"Detroit-Warren-Dearborn, MI","N/A (not applicable)"
"8757343",2145,39580,2022,2020,202203,4619693,32,882.9,5,1130490,1,13,155694,25,1,31,1,100,0,0,11,114,49,4901,0,0,11331,44,"Raleigh, NC","Paralegals and legal assistants"
"14467680",7700,0,2022,2018,202203,4807432,9,216.3,0,43703,1,12,76106,9,1,78,1,100,0,0,6,63,0,0,0,0,25719,49,"Not in identifiable area","First-line supervisors of production and operating workers"
"1909180",0,41860,2022,2018,202203,386832,26,1173,1,4335391,1,13,47931,27,2,41,1,100,4,426,10,101,23,2304,0,0,0,0,"San Francisco-Oakland-Hayward, CA","N/A (not applicable)"
"2153292",0,0,2022,2018,202203,5226899,7,151.2,0,69752,1,13,146132,8,2,3,1,100,0,0,0,2,0,0,0,0,9999999,0,"Not in identifiable area","N/A (not applicable)"
"420460",0,0,2022,2018,202203,3726833,12,142.2,0,42260,2,22,18822,12,2,88,1,100,0,0,11,114,52,5200,0,0,18822,0,"Not in identifiable area","N/A (not applicable)"
"4266405",0,31080,2022,2022,202203,1016182,27,8220.8,1,12828837,1,12,82300,20,2,63,8,826,4,416,6,65,0,0,0,0,0,0,"Los Angeles-Long Beach-Anaheim, CA","N/A (not applicable)"
"13886378",6260,0,2022,2018,202203,2554871,48,66.3,0,15516,2,22,11691,48,1,19,3,361,0,0,6,63,0,0,0,0,11691,8,"Not in identifiable area","Construction laborers"
"11530020",4510,19100,2022,2019,202203,5995725,27,5067.9,3,6426214,2,22,132045,31,1,28,1,100,0,0,7,71,0,0,0,0,91857,17,"Dallas-Fort Worth-Arlington, TX","Hairdressers, hairstylists, and cosmetologists"
"4963450",0,16980,2022,2018,202203,2055960,124,3534.8,2,9461105,2,22,21043,96,1,11,1,100,1,100,1,17,0,0,0,0,9999999,0,"Chicago-Naperville-Elgin, IL-IN-WI","N/A (not applicable)"
"2185650",0,41940,2022,2021,202203,784739,22,5748.9,4,1836911,2,22,428041,18,1,1,1,100,0,0,0,1,0,0,0,0,9999999,0,"San Jose-Sunnyvale-Santa Clara, CA","N/A (not applicable)"
"161986",0,0,2022,2022,202203,91225,4,185,0,50100,2,21,1500,6,2,2,8,801,0,0,0,1,0,0,0,0,9999999,0,"Not in identifiable area","N/A (not applicable)"
"5040185",0,13900,2022,2021,202203,4758883,16,333.3,6,81996,1,13,101498,37,2,14,6,671,0,0,2,26,0,0,0,0,9999999,0,"Bismarck, ND","N/A (not applicable)"
"391992",0,0,2022,2021,202203,1176278,11,46.3,0,37827,1,13,72421,14,2,13,1,100,0,0,2,25,0,0,0,0,9999999,0,"Not in identifiable area","N/A (not applicable)"
"10211427",3602,31080,2022,2019,202203,636174,12,8604.3,1,12828837,1,13,152713,11,2,61,9,963,1,100,6,65,0,0,0,0,13779,13,"Los Angeles-Long Beach-Anaheim, CA","Personal care aides"
"8980795",2310,16980,2022,2022,202203,2275672,15,2434.6,3,9461105,1,12,347000,10,2,47,6,610,0,0,11,114,26,2603,0,0,87000,72,"Chicago-Naperville-Elgin, IL-IN-WI","Elementary and middle school teachers"
"15679344",9920,31080,2022,2020,202203,677682,37,12990.9,1,12828837,2,22,62436,46,1,18,8,826,1,100,6,63,0,0,0,0,0,0,"Los Angeles-Long Beach-Anaheim, CA","Unemployed, with no work experience in the last 5 years or earlier or never worked"
"14600442",8030,31080,2022,2019,202203,600005,15,11620.1,1,12828837,1,12,117118,22,1,50,1,100,0,0,6,63,0,0,0,0,35595,33,"Los Angeles-Long Beach-Anaheim, CA","Machinists"
"5736492",0,27900,2022,2022,202203,3686322,21,405.3,1,175518,2,22,53000,41,1,0,8,826,4,450,0,1,0,0,0,0,9999999,0,"Joplin, MO","N/A (not applicable)"
"7723471",800,35620,2022,2020,202203,4273689,7,2290.9,2,19567410,2,22,151274,11,1,64,1,100,0,0,10,101,62,6201,0,0,83286,78,"New York-Newark-Jersey City, NY-NJ-PA","Accountants and auditors"
"14722290",8365,0,2022,2021,202203,3537749,25,81.2,0,88467,1,13,21618,25,2,53,7,700,1,100,4,40,0,0,0,0,21618,18,"Not in identifiable area","Textile machine setters, operators, and tenders"
"7644227",710,35300,2022,2020,202203,1249683,33,8285.9,1,862477,2,22,105382,33,2,56,1,100,0,0,11,114,55,5501,0,0,105382,86,"New Haven-Milford, CT","Management analysts"
"12600814",4965,45060,2022,2018,202203,4095637,14,1283.4,6,662577,1,12,180152,14,2,55,1,100,0,0,6,63,0,0,0,0,56232,47,"Syracuse, NY","Sales and related workers, all other"
"12894685",5240,41860,2022,2018,202203,402018,19,33959,1,4335391,2,22,27274,24,2,48,7,700,4,416,6,65,0,0,0,0,23381,44,"San Francisco-Oakland-Hayward, CA","Customer service representatives"
"3089321",0,25860,2022,2020,202203,4625475,6,547.1,6,365497,1,13,78187,6,2,50,1,100,0,0,6,64,0,0,0,0,13598,0,"Hickory-Lenoir-Morganton, NC","N/A (not applicable)"
"3248666",0,0,2022,2019,202203,4751086,22,34.3,0,9713,1,13,104488,17,2,14,1,100,0,0,2,26,0,0,0,0,9999999,0,"Not in identifiable area","N/A (not applicable)"
"1162725",0,35620,2022,2020,202203,4261422,3,2550.3,2,19567410,0,0,9999999,3,1,59,1,100,0,0,0,2,0,0,0,0,3173,0,"New York-Newark-Jersey City, NY-NJ-PA","N/A (not applicable)"
"10174913",3601,35620,2022,2018,202203,4158839,7,37393.2,2,19567410,1,12,187050,6,2,64,4,400,0,0,6,63,0,0,0,0,0,13,"New York-Newark-Jersey City, NY-NJ-PA","Home health aides"
"8926158",2310,0,2022,2019,202203,3390439,4,46.4,0,26138,1,12,35824,3,1,63,1,100,0,0,7,71,0,0,0,0,7578,72,"Not in identifiable area","Elementary and middle school teachers"
"8271043",1410,35620,2022,2019,202203,4234551,13,8999.2,2,19567410,1,13,189915,16,1,29,1,100,4,426,11,114,24,2408,0,0,91857,84,"New York-Newark-Jersey City, NY-NJ-PA","Electrical and electronics engineers"
"14782919",8740,0,2022,2021,202203,2680126,12,65.7,0,45507,2,22,118684,12,1,57,1,100,0,0,6,63,0,0,0,0,31995,18,"Not in identifiable area","Inspectors, testers, sorters, samplers, and weighers"
"13149691",5410,33100,2022,2019,202203,1470872,9,5266.2,2,5564635,2,22,71534,10,1,67,1,100,3,300,6,61,0,0,0,0,35480,60,"Miami-Fort Lauderdale-West Palm Beach, FL","Reservation and transportation ticket agents and travel clerks"
"5442077",0,46520,2022,2022,202203,2003441,10,23662.8,1,953207,2,22,154700,14,2,2,9,963,0,0,0,1,0,0,0,0,9999999,0,"Urban Honolulu, HI","N/A (not applicable)"
"14806598",8740,19820,2022,2021,202203,3307091,19,977.5,4,4296250,1,12,66476,18,1,60,1,100,0,0,7,71,0,0,0,0,56207,18,"Detroit-Warren-Dearborn, MI","Inspectors, testers, sorters, samplers, and weighers"
"433950",0,0,2022,2018,202203,3369202,29,101.6,0,53708,1,12,23849,28,1,83,1,100,0,0,11,114,55,5507,0,0,16834,0,"Not in identifiable area","N/A (not applicable)"
"15078602",9130,33340,2022,2018,202203,6849289,29,513.8,1,1555908,1,13,201195,26,1,47,1,100,0,0,6,64,0,0,0,0,70144,15,"Milwaukee-Waukesha-West Allis, WI","Driver/sales workers and truck drivers"
"9028539",2310,35620,2022,2020,202203,3938278,23,967.8,2,19567410,1,12,79546,10,2,73,1,100,0,0,11,114,23,2304,0,0,28782,72,"New York-Newark-Jersey City, NY-NJ-PA","Elementary and middle school teachers"
"388335",0,0,2022,2021,202203,4411694,34,63.9,0,60268,1,13,68854,48,2,14,1,100,0,0,2,26,0,0,0,0,9999999,0,"Not in identifiable area","N/A (not applicable)"
"3579080",0,0,2022,2021,202203,3712978,13,92,0,27563,2,22,38913,21,1,15,1,100,0,0,2,26,0,0,0,0,0,0,"Not in identifiable area","N/A (not applicable)"
"6335836",0,48620,2022,2021,202203,2600160,13,960.5,5,630919,1,13,108091,29,2,11,1,100,0,0,2,22,0,0,0,0,9999999,0,"Wichita, KS","N/A (not applicable)"
"11643831",4600,35620,2022,2020,202203,3940413,4,14354,2,19567410,1,13,94164,3,1,75,2,200,0,0,6,65,0,0,0,0,59377,26,"New York-Newark-Jersey City, NY-NJ-PA","Childcare workers"
"960824",0,26420,2022,2022,202203,6275316,24,2606.4,3,5920416,1,12,61000,25,1,77,2,200,0,0,11,114,24,2414,0,0,61000,0,"Houston-The Woodlands-Sugar Land, TX","N/A (not applicable)"
"1428160",0,0,2022,2018,202203,5870819,34,192.7,0,107036,1,13,95863,14,2,49,6,620,0,0,6,63,0,0,0,0,0,0,"Not in identifiable area","N/A (not applicable)"
"3281792",0,35300,2022,2018,202203,1219342,18,1927.6,1,862477,1,13,162499,19,1,70,4,400,0,0,0,2,0,0,0,0,0,0,"New Haven-Milford, CT","N/A (not applicable)"
"13165061",5510,48900,2022,2022,202203,4704867,25,379.4,1,254874,2,22,37500,25,1,76,7,700,2,200,6,63,0,0,0,0,26000,28,"Wilmington, NC","Couriers and messengers"
"9081915",2310,40900,2022,2022,202203,977476,11,4838.7,1,2149127,1,13,265000,11,2,38,1,100,0,0,11,114,52,5200,0,0,110000,72,"Sacramento--Roseville--Arden-Arcade, CA","Elementary and middle school teachers"
"6230218",0,37980,2022,2021,202203,3983656,37,4624.7,2,5965343,2,22,96417,29,2,88,2,200,0,0,10,101,23,2310,0,0,14268,0,"Philadelphia-Camden-Wilmington, PA-NJ-DE-MD","N/A (not applicable)"
"10371029",3640,36740,2022,2021,202203,1642903,7,1207.1,4,2134411,2,22,46479,8,2,22,1,100,0,0,7,71,0,0,0,0,28104,38,"Orlando-Kissimmee-Sanford, FL","Dental assistants"
"950450",0,0,2022,2021,202203,4671486,10,133.3,0,29045,1,13,163218,11,2,15,1,100,0,0,3,30,0,0,0,0,0,0,"Not in identifiable area","N/A (not applicable)"
"14321870",7315,35620,2022,2018,202203,3883666,19,6652.5,2,19567410,1,13,154316,19,1,49,1,100,0,0,6,63,0,0,0,0,81834,27,"New York-Newark-Jersey City, NY-NJ-PA","Heating, air conditioning, and refrigeration mechanics and installers"
"666881",0,0,2022,2021,202203,314291,13,85.6,0,28605,0,0,9999999,13,1,38,2,200,0,0,2,23,0,0,0,0,0,0,"Not in identifiable area","N/A (not applicable)"
"15113952",9130,35620,2022,2018,202203,3862383,33,5270.8,2,19567410,2,22,70144,33,1,49,2,200,0,0,6,63,0,0,0,0,30396,15,"New York-Newark-Jersey City, NY-NJ-PA","Driver/sales workers and truck drivers"
"5729440",0,35380,2022,2019,202203,2751672,66,6504.4,1,1189866,2,22,48340,118,2,15,2,200,0,0,2,26,0,0,0,0,0,0,"New Orleans-Metairie, LA","N/A (not applicable)"
"808687",0,39580,2022,2022,202203,4717853,13,2019,5,1130490,1,13,100000,13,2,14,1,100,0,0,2,25,0,0,0,0,9999999,0,"Raleigh, NC","N/A (not applicable)"
"612289",0,0,2022,2019,202203,289283,20,170,0,54963,0,0,9999999,20,1,93,1,100,0,0,11,115,50,5098,0,0,11253,0,"Not in identifiable area","N/A (not applicable)"
"480517",0,0,2022,2022,202203,6950432,15,154.3,0,184372,1,13,215000,12,1,53,1,100,0,0,6,64,0,0,0,0,65000,0,"Not in identifiable area","N/A (not applicable)"
"8332783",1530,27260,2022,2018,202203,1380947,29,802.8,3,1345596,1,13,239657,30,1,47,6,620,0,0,11,114,24,2400,0,0,111061,87,"Jacksonville, FL","Other engineers"
"7235840",440,31080,2022,2019,202203,546278,52,11663.2,1,12828837,1,13,155009,52,1,37,1,100,4,412,10,101,62,6203,0,0,74634,68,"Los Angeles-Long Beach-Anaheim, CA","Other managers"
"9014464",2310,14010,2022,2018,202203,2057847,13,1045,5,186133,1,13,87446,21,2,45,7,700,1,100,10,101,23,2300,0,0,35072,72,"Bloomington, IL","Elementary and middle school teachers"
"8446980",1800,47900,2022,2019,202203,2890117,8,4616.4,5,5636232,1,13,199675,9,1,64,4,400,0,0,11,114,62,6207,0,0,126304,81,"Washington-Arlington-Alexandria, DC-VA-MD-WV","Economists"
"12669950",5000,45300,2022,2020,202203,1541652,9,2473.5,1,2783243,1,12,138243,9,2,63,1,100,0,0,8,81,0,0,0,0,86119,68,"Tampa-St. Petersburg-Clearwater, FL","First-line supervisors of office and administrative support workers"
"8725361",2100,47900,2022,2021,202203,6555282,9,5172.2,5,5636232,1,13,225370,16,1,30,8,890,2,200,11,114,55,5506,0,0,79987,93,"Washington-Arlington-Alexandria, DC-VA-MD-WV","Lawyers, and judges, magistrates, and other judicial workers"
"12010177",4720,45300,2022,2020,202203,1520914,98,2892.2,1,2783243,1,13,51558,98,1,24,1,100,0,0,8,81,0,0,0,0,0,44,"Tampa-St. Petersburg-Clearwater, FL","Cashiers"
"5892123",0,41700,2022,2018,202203,5879821,14,637.5,4,2142508,1,13,120296,17,2,77,1,100,0,0,6,65,0,0,0,0,37176,0,"San Antonio-New Braunfels, TX","N/A (not applicable)"
"5939698",0,41860,2022,2018,202203,409465,26,3449.1,1,4335391,2,22,105215,26,2,30,6,610,0,0,11,114,21,2100,0,0,0,0,"San Francisco-Oakland-Hayward, CA","N/A (not applicable)"
"12190502",4760,0,2022,2022,202203,4444313,9,99.7,0,172546,1,12,94000,10,1,55,1,100,0,0,6,63,0,0,0,0,42000,47,"Not in identifiable area","Retail salespersons"
"15355881",9620,16980,2022,2018,202203,2057735,19,5890.7,2,9461105,1,13,108769,21,1,31,1,100,0,0,6,63,0,0,0,0,30396,8,"Chicago-Naperville-Elgin, IL-IN-WI","Laborers and freight, stock, and material movers, hand"
"8065159",1031,40220,2022,2020,202203,6524021,4,2349.7,5,308707,2,22,165439,7,1,31,1,100,0,0,10,101,60,6001,60,6003,101983,65,"Roanoke, VA","Web developers"
"14818906",8750,46700,2022,2018,202203,447880,10,3993.6,1,413344,1,12,95220,10,1,75,1,100,0,0,10,101,62,6206,0,0,45769,36,"Vallejo-Fairfield, CA","Jewelers and precious stone and metal workers"
"13982967",6355,0,2022,2019,202203,4857756,13,224.3,0,214669,1,13,86116,13,1,38,1,100,0,0,6,63,0,0,0,0,86116,44,"Not in identifiable area","Electricians"
"15370804",9620,26420,2022,2019,202203,5935785,5,3641.5,3,5920416,0,0,9999999,5,1,61,2,200,0,0,8,81,0,0,0,0,0,8,"Houston-The Woodlands-Sugar Land, TX","Laborers and freight, stock, and material movers, hand"
"2843716",0,45300,2022,2020,202203,1530213,133,1103.4,1,2783243,1,12,28329,149,1,90,1,100,0,0,6,63,0,0,0,0,16317,0,"Tampa-St. Petersburg-Clearwater, FL","N/A (not applicable)"
"14702965",8300,0,2022,2021,202203,4691713,15,105,0,54954,2,22,12971,15,2,33,2,200,0,0,6,64,0,0,0,0,12971,15,"Not in identifiable area","Laundry and dry-cleaning workers"
"10281301",3603,12580,2022,2021,202203,2940195,16,7927.4,3,2710489,1,13,33941,16,2,69,8,801,0,0,6,63,0,0,0,0,10161,13,"Baltimore-Columbia-Towson, MD","Nursing assistants"
"12253673",4760,41180,2022,2021,202203,3653718,19,2989,5,2787701,1,13,95877,20,1,77,1,100,0,0,10,101,62,6200,0,0,52640,47,"St. Louis, MO-IL","Retail salespersons"
"4481649",0,41860,2022,2022,202203,1028397,28,3765.2,1,4335391,1,13,465000,22,1,2,8,811,0,0,0,1,0,0,0,0,9999999,0,"San Francisco-Oakland-Hayward, CA","N/A (not applicable)"
"2711844",0,14460,2022,2018,202203,2996840,10,10151.6,4,4552402,1,13,163668,13,2,3,1,100,0,0,0,2,0,0,0,0,9999999,0,"Boston-Cambridge-Newton, MA-NH","N/A (not applicable)"
"3263941",0,26420,2022,2019,202203,5965105,8,1374.8,3,5920416,1,13,289351,8,2,62,1,100,0,0,8,81,0,0,0,0,2296,0,"Houston-The Woodlands-Sugar Land, TX","N/A (not applicable)"
"2600025",0,33100,2022,2019,202203,1462251,10,3259.9,2,5564635,1,13,453546,10,2,7,1,100,0,0,1,14,0,0,0,0,9999999,0,"Miami-Fort Lauderdale-West Palm Beach, FL","N/A (not applicable)"
"12044787",4720,16740,2022,2020,202203,4633332,22,1224.8,6,2217012,1,12,61756,42,2,58,2,200,0,0,8,81,0,0,0,0,22663,44,"Charlotte-Concord-Gastonia, NC-SC","Cashiers"
"11495806",4400,0,2022,2018,202203,6627432,3,150.3,0,67023,2,22,105683,2,1,40,3,362,0,0,6,63,0,0,0,0,46762,19,"Not in identifiable area","Gambling services workers"
"1759191",0,31080,2022,2018,202203,398960,28,17991.5,1,12828837,2,22,102643,29,1,17,7,700,4,416,3,30,0,0,0,0,0,0,"Los Angeles-Long Beach-Anaheim, CA","N/A (not applicable)"
"3526242",0,16980,2022,2022,202203,2271321,11,2170.1,3,9461105,1,12,80700,15,1,90,1,100,0,0,6,63,0,0,0,0,54300,0,"Chicago-Naperville-Elgin, IL-IN-WI","N/A (not applicable)"
"11436324",4251,0,2022,2022,202203,4977665,6,332.4,0,114520,0,0,9999999,6,1,21,1,100,0,0,7,71,0,0,0,0,12000,11,"Not in identifiable area","Landscaping and groundskeeping workers"
"9362047",2545,37100,2022,2018,202203,381075,10,2085.4,1,823318,1,13,223290,10,2,62,1,100,0,0,7,71,0,0,0,0,18705,65,"Oxnard-Thousand Oaks-Ventura, CA","Teaching assistants"
"14704649",8300,41700,2022,2019,202203,5980194,10,4157.1,4,2142508,1,13,32873,10,1,59,1,100,1,100,2,22,0,0,0,0,32150,15,"San Antonio-New Braunfels, TX","Laundry and dry-cleaning workers"
"9766353",3245,35620,2022,2022,202203,4036887,21,2188.7,2,19567410,1,12,110600,21,2,64,1,100,0,0,10,101,61,6107,0,0,85000,58,"New York-Newark-Jersey City, NY-NJ-PA","Other therapists"
"9275485",2400,28940,2022,2021,202203,5757411,2,89.5,6,143806,0,0,9999999,2,1,20,1,100,0,0,7,71,0,0,0,0,5405,68,"Knoxville, TN","Archivists, curators, and museum technicians"
"1855802",0,0,2022,2019,202203,6970791,15,43.1,0,30256,1,13,135742,13,1,12,1,100,0,0,2,23,0,0,0,0,9999999,0,"Not in identifiable area","N/A (not applicable)"
"14546570",7800,0,2022,2019,202203,617093,3,57.4,0,35035,2,22,44092,4,2,48,1,100,0,0,7,71,0,0,0,0,42140,22,"Not in identifiable area","Bakers"
"1521751",0,0,2022,2021,202203,3303575,6,123.3,0,126933,1,12,50803,5,2,15,1,100,0,0,3,30,0,0,0,0,0,0,"Not in identifiable area","N/A (not applicable)"
"6251190",0,40140,2022,2022,202203,975086,6,3371,1,4224854,1,13,125000,9,1,10,4,400,0,0,2,22,0,0,0,0,9999999,0,"Riverside-San Bernardino-Ontario, CA","N/A (not applicable)"
"4093365",0,42660,2022,2022,202203,6779183,11,831.1,1,3439809,1,13,72000,10,2,70,1,100,0,0,8,81,0,0,0,0,13300,0,"Seattle-Tacoma-Bellevue, WA","N/A (not applicable)"
"3344078",0,10420,2022,2020,202203,4877586,10,2546.4,1,703200,0,0,9999999,10,1,53,1,100,0,0,6,63,0,0,0,0,11785,0,"Akron, OH","N/A (not applicable)"
"13795013",6230,0,2022,2021,202203,6811817,16,66.6,0,27938,1,12,36643,16,2,52,1,100,0,0,7,71,0,0,0,0,757,19,"Not in identifiable area","Carpenters"
"6601634",52,39580,2022,2021,202203,4684439,11,275.4,5,1130490,1,13,233045,11,1,56,1,100,0,0,10,101,24,2408,0,0,220074,72,"Raleigh, NC","Sales managers"
"485629",0,0,2022,2021,202203,233204,18,174.8,0,100242,1,13,49290,12,2,12,1,100,1,100,2,23,0,0,0,0,9999999,0,"Not in identifiable area","N/A (not applicable)"
"4796809",0,44700,2022,2021,202203,918988,66,2491.9,1,685306,1,13,162137,66,2,48,9,907,1,100,6,64,0,0,0,0,0,0,"Stockton-Lodi, CA","N/A (not applicable)"
"14088459",6442,26900,2022,2021,202203,2413292,25,2172.6,1,1887877,1,13,116738,19,1,19,1,100,0,0,6,63,0,0,0,0,32427,34,"Indianapolis-Carmel-Anderson, IN","Plumbers, pipefitters, and steamfitters"
"11855542",4700,0,2022,2018,202203,6849406,5,76,0,35221,1,13,622174,4,1,69,1,100,0,0,7,71,0,0,0,0,84874,68,"Not in identifiable area","First-line supervisors of retail sales workers"
"9634336",3050,19820,2022,2020,202203,3258954,6,3576.3,4,4296250,1,12,228101,5,1,75,1,100,0,0,11,115,61,6108,0,0,146402,82,"Detroit-Warren-Dearborn, MI","Pharmacists"
"6567863",51,17140,2022,2021,202203,4967772,14,1388.4,4,2114580,1,13,208616,13,2,60,1,100,0,0,10,101,62,6203,0,0,59450,72,"Cincinnati, OH-KY-IN","Marketing managers"
"9320071",2545,41860,2022,2021,202203,809925,24,1173,1,4335391,1,12,184728,24,1,73,1,100,0,0,11,114,64,6402,0,0,97931,65,"San Francisco-Oakland-Hayward, CA","Teaching assistants"
"8929890",2310,31080,2022,2021,202203,833150,36,13429.7,1,12828837,2,22,73502,36,2,36,7,700,4,416,10,101,64,6402,15,1501,73502,72,"Los Angeles-Long Beach-Anaheim, CA","Elementary and middle school teachers"
"1955868",0,19100,2022,2022,202203,6277502,51,5206.3,3,6426214,1,12,122000,31,2,53,8,826,4,416,2,22,0,0,0,0,0,0,"Dallas-Fort Worth-Arlington, TX","N/A (not applicable)"
"11701621",4622,12060,2022,2019,202203,1829333,20,901.8,4,5286728,1,13,701561,62,2,21,2,200,0,0,10,101,21,2105,0,0,8038,52,"Atlanta-Sandy Springs-Roswell, GA","Recreation workers"
"13974930",6355,41180,2022,2021,202203,2213970,6,131.2,5,305721,1,12,66908,6,1,79,1,100,0,0,6,63,0,0,0,0,58369,44,"St. Louis, MO-IL","Electricians"
"14376700",7340,0,2022,2020,202203,1861604,3,238,0,118355,0,0,9999999,3,1,27,1,100,0,0,7,71,0,0,0,0,31728,18,"Not in identifiable area","Maintenance and repair workers, general"
"4100256",0,31080,2022,2018,202203,367364,28,10725.6,1,12828837,2,22,56115,30,2,2,1,100,0,0,0,1,0,0,0,0,9999999,0,"Los Angeles-Long Beach-Anaheim, CA","N/A (not applicable)"
"9718701",3150,40140,2022,2019,202203,582774,8,4985.2,1,4224851,1,13,250541,9,2,42,1,100,0,0,11,114,61,6104,0,0,75782,58,"Riverside-San Bernardino-Ontario, CA","Occupational therapists"
"6963488",230,19100,2022,2022,202203,6348181,6,4153.9,3,6426214,1,13,195000,6,2,40,1,100,0,0,11,114,40,4000,0,0,70000,72,"Dallas-Fort Worth-Arlington, TX","Education and childcare administrators"
"1672065",0,12580,2022,2022,202203,2969810,34,7798.4,3,2710489,2,22,22000,25,2,58,3,304,0,0,1,17,0,0,0,0,11000,0,"Baltimore-Columbia-Towson, MD","N/A (not applicable)"
"12386317",4810,31340,2022,2018,202203,6442015,19,707.7,1,252634,1,12,251570,19,1,71,1,100,0,0,11,114,62,6203,0,0,251570,66,"Lynchburg, VA","Insurance sales agents"
"12665550",5000,38060,2022,2019,202203,166516,17,3947,2,4192887,1,13,79916,16,2,35,1,100,0,0,11,114,62,6203,0,0,24801,68,"Phoenix-Mesa-Scottsdale, AZ","First-line supervisors of office and administrative support workers"
"3386252",0,16980,2022,2018,202203,2064892,23,469,2,9461105,1,12,327687,23,2,66,1,100,0,0,7,71,0,0,0,0,14029,0,"Chicago-Naperville-Elgin, IL-IN-WI","N/A (not applicable)"
"1406134",0,0,2022,2022,202203,6311377,2,73.5,0,39020,1,12,62800,3,1,6,7,700,1,100,1,12,0,0,0,0,9999999,0,"Not in identifiable area","N/A (not applicable)"
"13733500",6200,13220,2022,2022,202203,6825320,13,193,1,124898,1,12,86400,13,1,65,1,100,0,0,3,30,0,0,0,0,42000,68,"Beckley, WV","First-line supervisors of construction trades and extraction workers"
"4328702",0,36260,2022,2022,202203,6407975,2,2408.6,6,597159,0,0,9999999,2,2,16,1,100,0,0,3,30,0,0,0,0,0,0,"Ogden-Clearfield, UT","N/A (not applicable)"
"10140293",3520,0,2022,2021,202203,6815502,23,251.3,0,355172,1,13,26915,23,2,68,1,100,0,0,6,65,0,0,0,0,26915,39,"Not in identifiable area","Opticians, dispensing"
"6101463",0,39820,2022,2018,202203,480428,37,490.5,1,177223,2,22,8885,38,1,9,1,100,0,0,1,15,0,0,0,0,9999999,0,"Redding, CA","N/A (not applicable)"
"14345322",7330,0,2022,2020,202203,6531689,35,95.8,0,54567,1,13,191501,17,1,20,1,100,0,0,7,71,0,0,0,0,33994,27,"Not in identifiable area","Industrial and refractory machinery mechanics"
"5457672",0,35620,2022,2021,202203,4404284,21,3928.7,2,19567410,1,13,479276,21,2,68,1,100,2,200,8,81,0,0,0,0,393452,0,"New York-Newark-Jersey City, NY-NJ-PA","N/A (not applicable)"
"5238579",0,45300,2022,2018,202203,1347256,11,609.3,1,2783243,1,12,54946,10,2,69,1,100,0,0,6,65,0,0,0,0,30629,0,"Tampa-St. Petersburg-Clearwater, FL","N/A (not applicable)"
"14654371",8140,0,2022,2021,202203,5776425,10,115,0,43657,1,13,43236,10,1,50,1,100,0,0,6,63,0,0,0,0,43236,24,"Not in identifiable area","Welding, soldering, and brazing workers"
"12117516",4720,0,2022,2021,202203,6430760,5,91.9,0,38251,1,13,86689,10,2,18,1,100,0,0,6,63,0,0,0,0,5405,44,"Not in identifiable area","Cashiers"
"6384503",0,28140,2022,2018,202203,3558844,31,1000,5,2009342,1,13,91187,30,2,6,1,100,0,0,1,12,0,0,0,0,9999999,0,"Kansas City, MO-KS","N/A (not applicable)"
"1349642",0,0,2022,2020,202203,3422003,6,62.1,0,134323,1,12,29462,6,2,16,1,100,0,0,4,40,0,0,0,0,0,0,"Not in identifiable area","N/A (not applicable)"
"10546800",3870,11500,2022,2018,202203,10267,16,364.8,1,118572,1,13,187050,29,1,26,8,826,4,498,10,101,53,5301,0,0,46762,39,"Anniston-Oxford-Jacksonville, AL","Police officers"
"4629456",0,37340,2022,2020,202203,1567743,12,2091.3,1,543376,1,12,281246,12,1,74,1,100,0,0,11,115,55,5506,0,0,270254,0,"Palm Bay-Melbourne-Titusville, FL","N/A (not applicable)"
"13445675",5740,36740,2022,2018,202203,1373927,55,1889.3,4,2134411,2,22,66870,54,2,33,1,100,0,0,7,71,0,0,0,0,66870,61,"Orlando-Kissimmee-Sanford, FL","Secretaries and administrative assistants, except legal, medical, and executive"
"6140838",0,44140,2022,2022,202203,3123647,12,1532.6,5,621569,1,13,255000,12,2,7,1,100,0,0,1,14,0,0,0,0,9999999,0,"Springfield, MA","N/A (not applicable)"
"13035194",5310,41700,2022,2019,202203,6000854,11,4338.2,4,2142508,1,13,35710,14,1,60,1,100,1,100,7,71,0,0,0,0,28705,44,"San Antonio-New Braunfels, TX","Interviewers, except eligibility and loan"
"12324125",4760,41620,2022,2019,202203,6376221,73,4346.9,4,1087873,2,22,38580,63,2,25,1,100,0,0,7,71,0,0,0,0,8267,47,"Salt Lake City, UT","Retail salespersons"
"10614889",3946,35380,2022,2018,202203,2733185,9,7641.5,1,1189866,1,13,35890,9,2,61,2,200,0,0,6,63,0,0,0,0,12509,19,"New Orleans-Metairie, LA","School bus monitors"
"6195480",0,41860,2022,2019,202203,548716,12,2423.2,1,4335391,1,13,89446,14,2,36,6,620,0,0,0,2,0,0,0,0,0,0,"San Francisco-Oakland-Hayward, CA","N/A (not applicable)"
"15134509",9130,39580,2022,2022,202203,4733277,46,3760.5,5,1130490,2,22,35000,46,1,23,1,100,0,0,7,71,0,0,0,0,35000,15,"Raleigh, NC","Driver/sales workers and truck drivers"
"1029893",0,0,2022,2022,202203,5811512,11,215,0,75910,1,12,63100,12,2,1,1,100,0,0,0,1,0,0,0,0,9999999,0,"Not in identifiable area","N/A (not applicable)"
"10666611",4010,43900,2022,2018,202203,5543942,12,332.5,5,313268,2,22,51906,9,2,63,1,100,0,0,6,63,0,0,0,0,37878,68,"Spartanburg, SC","First-line supervisors of food preparation and serving workers"
"14900960",8990,33460,2022,2022,202203,3485910,22,3919.6,4,3348859,1,13,43000,19,1,30,1,100,0,0,10,101,50,5003,0,0,43000,18,"Minneapolis-St. Paul-Bloomington, MN-WI","Miscellaneous production workers, including equipment operators and tenders"
"14088927",6442,15380,2022,2018,202203,4138360,6,3137.2,1,1135509,1,13,111002,6,1,59,1,100,2,200,6,63,0,0,0,0,1169,34,"Buffalo-Cheektowaga-Niagara Falls, NY","Plumbers, pipefitters, and steamfitters"
"7177136",440,0,2022,2018,202203,3725227,6,61.8,0,15232,1,12,64298,6,1,66,1,100,0,0,6,65,0,0,0,0,28057,68,"Not in identifiable area","Other managers"
"4059485",0,12580,2022,2020,202203,2911396,20,2321.2,3,2710489,1,12,203965,30,1,19,1,100,0,0,6,63,0,0,0,0,0,0,"Baltimore-Columbia-Towson, MD","N/A (not applicable)"
"2940944",0,0,2022,2020,202203,5591954,10,141.3,0,153340,2,21,3173,17,2,19,2,200,0,0,0,2,0,0,0,0,0,0,"Not in identifiable area","N/A (not applicable)"
"9421519",2634,29200,2022,2020,202203,2399733,4,1532.8,6,201789,1,13,115014,5,2,49,1,100,0,0,8,81,0,0,0,0,10991,73,"Lafayette-West Lafayette, IN","Graphic designers"
"2930315",0,40900,2022,2022,202203,986108,19,564.1,1,2148947,2,22,127400,14,1,15,6,600,0,0,4,40,0,0,0,0,0,0,"Sacramento--Roseville--Arden-Arcade, CA","N/A (not applicable)"
"10044269",3402,40140,2022,2022,202203,946181,13,1581.5,1,4224851,1,13,80100,13,2,53,7,700,1,100,7,71,0,0,0,0,45000,48,"Riverside-San Bernardino-Ontario, CA","Paramedics"
"11214560",4220,16980,2022,2021,202203,2432912,15,4177.7,2,9461105,1,13,127548,18,1,50,8,856,1,100,6,63,0,0,0,0,64855,9,"Chicago-Naperville-Elgin, IL-IN-WI","Janitors and building cleaners"
"3400486",0,0,2022,2019,202203,4215678,16,88.4,0,56477,1,13,39039,18,1,4,1,100,0,0,0,2,0,0,0,0,9999999,0,"Not in identifiable area","N/A (not applicable)"
"3236334",0,34980,2022,2018,202203,5692335,28,149.2,5,1670890,1,13,151978,33,1,11,1,100,0,0,1,17,0,0,0,0,9999999,0,"Nashville-Davidson--Murfreesboro--Franklin, TN","N/A (not applicable)"
"1143048",0,0,2022,2021,202203,4927800,13,216.3,0,43703,2,22,19565,13,1,54,1,100,0,0,6,64,0,0,0,0,19565,0,"Not in identifiable area","N/A (not applicable)"
"8841114",2205,38060,2022,2018,202203,132506,26,4442.1,2,4192887,1,12,438397,27,2,68,1,100,0,0,11,114,23,2300,0,0,249010,84,"Phoenix-Mesa-Scottsdale, AZ","Postsecondary teachers"
"4861025",0,35300,2022,2020,202203,1250263,161,4888,1,862477,2,22,14051,161,1,67,2,200,0,0,6,63,0,0,0,0,14051,0,"New Haven-Milford, CT","N/A (not applicable)"
"4086738",0,35620,2022,2022,202203,4426836,3,39708.5,2,19567410,0,0,9999999,3,2,42,1,100,0,0,6,61,0,0,0,0,0,0,"New York-Newark-Jersey City, NY-NJ-PA","N/A (not applicable)"
"10389751",3645,19100,2022,2021,202203,6157276,63,4679.6,3,6426214,2,22,38913,63,2,55,1,100,0,0,8,81,0,0,0,0,38913,38,"Dallas-Fort Worth-Arlington, TX","Medical assistants"
"6269987",0,46700,2022,2018,202203,364855,12,2252.7,1,413344,1,12,114498,12,2,9,1,100,0,0,1,16,0,0,0,0,9999999,0,"Vallejo-Fairfield, CA","N/A (not applicable)"
"4863204",0,39820,2022,2021,202203,814932,7,490.5,1,177223,1,12,45290,7,2,77,1,100,0,0,8,81,0,0,0,0,45290,0,"Redding, CA","N/A (not applicable)"
"7030418",310,17140,2022,2018,202203,4796306,13,586.1,4,2114580,1,13,128597,13,1,38,1,100,0,0,7,71,0,0,0,0,93525,68,"Cincinnati, OH-KY-IN","Food service managers"
"6355414",0,49660,2022,2020,202203,4919911,6,1808,1,565773,1,13,118640,6,2,8,1,100,0,0,1,15,0,0,0,0,9999999,0,"Youngstown-Warren-Boardman, OH-PA","N/A (not applicable)"
"14827689",8800,17860,2022,2020,202203,3630733,4,735.4,1,162642,2,22,175637,19,1,32,1,100,0,0,8,81,0,0,0,0,33994,18,"Columbia, MO","Packaging and filling machine operators and tenders"
"11048886",4110,40140,2022,2018,202203,345494,2,1448.3,1,4224851,0,0,9999999,2,2,22,6,600,0,0,10,101,62,6211,0,0,16951,16,"Riverside-San Bernardino-Ontario, CA","Waiters and waitresses"
"3800233",0,0,2022,2021,202203,3448028,5,125.9,0,102019,1,13,239962,5,2,7,1,100,0,0,1,12,0,0,0,0,9999999,0,"Not in identifiable area","N/A (not applicable)"
"1710307",0,0,2022,2019,202203,2134909,3,80.2,0,17626,1,13,49718,2,1,73,1,100,0,0,7,71,0,0,0,0,24801,0,"Not in identifiable area","N/A (not applicable)"
"4798820",0,38060,2022,2018,202203,132083,18,1164.6,2,4192887,1,13,105215,19,2,10,1,100,0,0,1,17,0,0,0,0,9999999,0,"Phoenix-Mesa-Scottsdale, AZ","N/A (not applicable)"
"13390968",5740,17460,2022,2018,202203,4813532,16,4251.9,1,2077240,1,13,67221,16,2,58,1,100,0,0,6,63,0,0,0,0,26304,61,"Cleveland-Elyria, OH","Secretaries and administrative assistants, except legal, medical, and executive"
"14943370",9005,0,2022,2021,202203,888460,10,57.4,0,35035,1,12,118900,10,2,62,1,100,0,0,6,63,0,0,0,0,0,68,"Not in identifiable area","Supervisors of transportation and material moving workers"
"2210341",0,12100,2022,2018,202203,3871476,8,680.9,4,274549,1,12,45710,8,1,94,1,100,0,0,6,61,0,0,0,0,19991,0,"Atlantic City-Hammonton, NJ","N/A (not applicable)"
"10140568",3520,0,2022,2020,202203,5386911,60,507.9,0,150107,1,13,45326,60,2,34,1,100,0,0,7,71,0,0,0,0,45326,39,"Not in identifiable area","Opticians, dispensing"
"13906288",6260,26420,2022,2018,202203,5872087,35,2117.6,3,5920416,1,12,28642,35,1,65,7,700,4,416,1,16,0,0,0,0,23966,8,"Houston-The Woodlands-Sugar Land, TX","Construction laborers"
"11875213",4700,31080,2022,2021,202203,794791,7,7985.8,1,12828837,2,22,74799,6,2,27,1,100,4,426,6,65,0,0,0,0,49938,68,"Los Angeles-Long Beach-Anaheim, CA","First-line supervisors of retail sales workers"
"4863000",0,42660,2022,2018,202203,6623478,1,1411.3,1,3439809,0,0,9999999,1,2,54,1,100,0,0,7,71,0,0,0,0,45617,0,"Seattle-Tacoma-Bellevue, WA","N/A (not applicable)"
"1317524",0,0,2022,2021,202203,3446928,17,71.5,0,16907,1,13,124305,15,1,19,1,100,0,0,7,71,0,0,0,0,0,0,"Not in identifiable area","N/A (not applicable)"
"2756602",0,0,2022,2018,202203,5547033,25,87,0,44478,1,13,51906,9,2,78,2,200,0,0,0,2,0,0,0,0,32967,0,"Not in identifiable area","N/A (not applicable)"
"14006343",6355,0,2022,2021,202203,2835499,14,32.5,0,56221,1,13,21618,14,1,20,1,100,0,0,8,81,0,0,0,0,21618,44,"Not in identifiable area","Electricians"
"3425199",0,41740,2022,2021,202203,881586,71,2542.1,1,3095313,2,22,199969,71,2,16,8,883,1,100,5,50,0,0,0,0,0,0,"San Diego-Carlsbad, CA","N/A (not applicable)"
"3152319",0,0,2022,2022,202203,5114821,3,53,0,19495,1,13,5170,3,1,12,1,100,0,0,2,23,0,0,0,0,9999999,0,"Not in identifiable area","N/A (not applicable)"
"9674914",3090,43900,2022,2019,202203,5579386,23,332.5,5,313268,1,13,682041,22,2,33,6,610,0,0,11,115,36,3600,0,0,225051,92,"Spartanburg, SC","Physicians"
"10357810",3630,0,2022,2022,202203,1203551,3,27.6,0,35869,1,12,236600,3,2,41,9,907,1,100,7,71,0,0,0,0,41600,26,"Not in identifiable area","Massage therapists"
"14594204",7950,17460,2022,2019,202203,4865094,26,1467.1,1,2077240,1,13,75553,34,1,57,1,100,0,0,4,40,0,0,0,0,45929,18,"Cleveland-Elyria, OH","Cutting, punching, and press machine setters, operators, and tenders, metal and plastic"
"3619350",0,10420,2022,2020,202203,4907836,7,996.4,1,703200,1,13,495183,7,2,54,1,100,0,0,10,101,41,4101,0,0,0,0,"Akron, OH","N/A (not applicable)"
"8323157",1530,26420,2022,2018,202203,5911806,26,7591.3,3,5920416,1,12,127428,26,1,61,4,400,0,0,11,114,24,2414,0,0,80665,87,"Houston-The Woodlands-Sugar Land, TX","Other engineers"
"2388745",0,37980,2022,2022,202203,1304953,13,2844.2,2,5965343,1,12,148000,10,2,79,6,600,0,0,10,101,62,6207,0,0,0,0,"Philadelphia-Camden-Wilmington, PA-NJ-DE-MD","N/A (not applicable)"
"13145820",5410,33100,2022,2021,202203,1612863,20,6670.9,2,5564635,2,22,11458,20,1,36,8,826,3,300,6,63,0,0,0,0,11458,60,"Miami-Fort Lauderdale-West Palm Beach, FL","Reservation and transportation ticket agents and travel clerks"
"14306048",7315,41740,2022,2021,202203,845794,11,5943,1,3095313,2,21,5188,11,1,45,1,100,0,0,6,63,0,0,0,0,5188,27,"San Diego-Carlsbad, CA","Heating, air conditioning, and refrigeration mechanics and installers"
"3592055",0,12060,2022,2022,202203,1965496,47,3113.4,4,5286728,1,12,128000,39,2,59,7,700,1,100,2,23,0,0,0,0,0,0,"Atlanta-Sandy Springs-Roswell, GA","N/A (not applicable)"
"4341220",0,31080,2022,2021,202203,844274,21,8778.5,1,12828837,1,13,245367,21,2,68,2,200,0,0,11,114,29,2901,0,0,112415,0,"Los Angeles-Long Beach-Anaheim, CA","N/A (not applicable)"
"230444",0,13820,2022,2021,202203,76017,26,1773.9,6,1128047,1,12,64779,41,1,2,1,100,0,0,0,1,0,0,0,0,9999999,0,"Birmingham-Hoover, AL","N/A (not applicable)"
"6196996",0,49620,2022,2021,202203,5404845,8,491.7,1,434972,2,22,12214,8,1,65,1,100,0,0,6,63,0,0,0,0,12214,0,"York-Hanover, PA","N/A (not applicable)"
"12029845",4720,0,2022,2018,202203,4555769,7,224.7,0,134168,2,22,73885,6,2,20,2,200,4,415,7,71,0,0,0,0,0,44,"Not in identifiable area","Cashiers"
"5396087",0,47900,2022,2019,202203,6477818,15,3668.6,5,5636232,2,22,125156,18,1,34,6,620,0,0,10,101,26,2603,0,0,0,0,"Washington-Arlington-Alexandria, DC-VA-MD-WV","N/A (not applicable)"
"10004201",3310,12420,2022,2020,202203,6096488,26,375.5,4,1716289,1,13,203852,26,2,40,1,100,0,0,10,101,61,6104,0,0,29802,48,"Austin-Round Rock, TX","Dental hygienists"
"4257483",0,40140,2022,2019,202203,580873,24,1704,1,4224851,1,13,101388,24,1,7,3,399,1,100,1,14,0,0,0,0,9999999,0,"Riverside-San Bernardino-Ontario, CA","N/A (not applicable)"
"6597448",52,47900,2022,2020,202203,2907102,176,6553.8,5,5636232,1,13,891782,176,1,52,8,826,4,450,11,114,62,6203,0,0,226628,72,"Washington-Arlington-Alexandria, DC-VA-MD-WV","Sales managers"
"11328578",4230,34940,2022,2019,202203,1455048,39,1727.7,1,321520,2,22,74634,39,2,27,1,100,0,0,6,63,0,0,0,0,28705,10,"Naples-Immokalee-Marco Island, FL","Maids and housekeeping cleaners"
"4276290",0,38060,2022,2022,202203,260767,6,4048.7,2,4192887,1,13,63900,6,1,7,7,700,1,100,1,15,0,0,0,0,9999999,0,"Phoenix-Mesa-Scottsdale, AZ","N/A (not applicable)"
"4016541",0,34980,2022,2019,202203,5732738,23,149.2,5,1670890,2,22,135490,13,1,2,7,700,1,100,0,1,0,0,0,0,9999999,0,"Nashville-Davidson--Murfreesboro--Franklin, TN","N/A (not applicable)"
"11439615",4251,17900,2022,2022,202203,5645883,108,955.7,5,767598,1,13,99800,97,1,40,2,200,0,0,5,50,0,0,0,0,23800,11,"Columbia, SC","Landscaping and groundskeeping workers"
"5345684",0,49700,2022,2021,202203,880165,13,850.8,1,166892,1,12,115441,13,2,79,1,100,0,0,6,65,0,0,0,0,115441,0,"Yuba City, CA","N/A (not applicable)"
"3554501",0,0,2022,2022,202203,5670480,25,54.4,0,14203,1,13,104000,33,1,16,1,100,0,0,4,40,0,0,0,0,0,0,"Not in identifiable area","N/A (not applicable)"
"10561087",3930,31080,2022,2020,202203,729493,5,12946.4,1,12828837,1,13,201246,5,1,27,7,700,1,100,6,61,0,0,0,0,39660,8,"Los Angeles-Long Beach-Anaheim, CA","Security guards and gaming surveillance officers"
"13173272",5510,0,2022,2019,202203,6663863,23,362.4,0,71271,1,13,55689,19,2,69,1,100,0,0,6,63,0,0,0,0,26983,28,"Not in identifiable area","Couriers and messengers"
"6843314",205,0,2022,2019,202203,36041,7,129.3,0,60998,2,22,52129,14,1,27,2,200,0,0,10,101,11,1102,0,0,2296,14,"Not in identifiable area","Farmers, ranchers, and other agricultural managers"
"4881288",0,26420,2022,2021,202203,6140478,9,8271,3,5920416,2,22,10485,9,2,71,8,826,1,100,0,2,0,0,0,0,10485,0,"Houston-The Woodlands-Sugar Land, TX","N/A (not applicable)"
"8445028",1760,41860,2022,2022,202203,961369,11,4156.8,1,4335391,2,22,137200,11,2,42,8,826,0,0,11,116,36,3601,0,0,7200,80,"San Francisco-Oakland-Hayward, CA","Physical scientists, all other"
"565849",0,0,2022,2020,202203,3791037,5,362.7,0,54362,0,0,9999999,5,1,16,1,100,1,100,4,40,0,0,0,0,0,0,"Not in identifiable area","N/A (not applicable)"
"133414",0,0,2022,2021,202203,4416138,18,110.9,0,101006,2,21,0,19,1,54,1,100,0,0,4,40,0,0,0,0,0,0,"Not in identifiable area","N/A (not applicable)"
"2069084",0,12060,2022,2022,202203,1956168,44,2745.7,4,5286728,2,22,134000,43,1,6,9,904,1,100,1,12,0,0,0,0,9999999,0,"Atlanta-Sandy Springs-Roswell, GA","N/A (not applicable)"
"12960525",5240,0,2022,2020,202203,5663408,12,10.7,0,7710,1,12,197166,5,1,17,1,100,0,0,5,50,0,0,0,0,5666,44,"Not in identifiable area","Customer service representatives"
"6299851",0,33100,2022,2018,202203,1334543,14,15824.7,2,5564635,1,12,35773,13,2,9,7,700,4,498,2,22,0,0,0,0,9999999,0,"Miami-Fort Lauderdale-West Palm Beach, FL","N/A (not applicable)"
"2443158",0,0,2022,2019,202203,6874514,44,3000.4,0,306241,2,22,54311,41,1,67,1,100,0,0,7,71,0,0,0,0,15042,0,"Not in identifiable area","N/A (not applicable)"
"11507839",4435,42200,2022,2022,202203,999884,45,5587.4,1,423895,1,12,126000,81,1,19,7,700,1,100,6,63,0,0,0,0,20000,19,"Santa Maria-Santa Barbara, CA","Other entertainment attendants and related workers"
"4596546",0,19660,2022,2020,202203,1521522,7,1818.8,1,590289,1,12,17110,7,2,75,1,100,0,0,6,65,0,0,0,0,11671,0,"Deltona-Daytona Beach-Ormond Beach, FL","N/A (not applicable)"
"6379287",0,39340,2022,2018,202203,6361825,24,1600.4,3,526810,1,12,184711,24,1,17,1,100,0,0,4,40,0,0,0,0,0,0,"Provo-Orem, UT","N/A (not applicable)"
"11880931",4700,0,2022,2022,202203,6300816,39,205.7,0,405601,1,13,78800,49,2,67,1,100,0,0,10,101,29,2901,0,0,43200,68,"Not in identifiable area","First-line supervisors of retail sales workers"
"2394361",0,12580,2022,2018,202203,2863331,18,802.3,3,2710489,1,13,175359,22,1,16,1,100,0,0,3,30,0,0,0,0,0,0,"Baltimore-Columbia-Towson, MD","N/A (not applicable)"
"12138030",4720,0,2022,2019,202203,2372994,17,490.5,0,55254,1,12,20668,18,2,81,1,100,0,0,8,81,0,0,0,0,20668,44,"Not in identifiable area","Cashiers"
"5992002",0,28020,2022,2021,202203,3287860,10,2694.6,6,326589,1,13,30482,10,1,73,1,100,0,0,6,64,0,0,0,0,30482,0,"Kalamazoo-Portage, MI","N/A (not applicable)"
"7348518",440,45060,2022,2021,202203,4415125,5,306.2,6,233315,1,12,96201,5,2,28,1,100,0,0,8,81,0,0,0,0,25942,68,"Syracuse, NY","Other managers"
"6699237",120,39300,2022,2019,202203,3023523,10,5690.1,4,1600852,1,13,327012,14,2,19,1,100,0,0,10,101,60,6002,0,0,94154,68,"Providence-Warwick, RI-MA","Financial managers"
"4687008",0,34580,2022,2022,202203,6771843,12,582.5,1,116901,1,13,145000,13,2,3,1,100,0,0,0,2,0,0,0,0,9999999,0,"Mount Vernon-Anacortes, WA","N/A (not applicable)"
"4152180",0,13140,2022,2022,202203,6240067,9,1272.3,4,403190,0,0,9999999,9,1,36,2,200,0,0,6,63,0,0,0,0,0,0,"Beaumont-Port Arthur, TX","N/A (not applicable)"
"7111034",410,33100,2022,2021,202203,1621511,11,9040.5,2,5564635,1,13,87338,11,1,45,8,826,3,300,10,101,41,4101,0,0,57180,32,"Miami-Fort Lauderdale-West Palm Beach, FL","Property, real estate, and community association managers"
"5352010",0,41620,2022,2022,202203,6414190,9,396.3,4,824605,1,13,70000,7,2,29,1,100,0,0,7,71,0,0,0,0,0,0,"Salt Lake City, UT","N/A (not applicable)"
"493116",0,0,2022,2018,202203,5920867,22,39.8,0,32882,1,12,12860,22,2,88,1,100,0,0,6,65,0,0,0,0,12860,0,"Not in identifiable area","N/A (not applicable)"
"155896",0,0,2022,2019,202203,3604503,11,114.5,0,37969,1,13,117463,10,2,14,1,100,0,0,2,25,0,0,0,0,9999999,0,"Not in identifiable area","N/A (not applicable)"
"12061955",4720,37460,2022,2022,202203,1698155,14,881.5,5,184715,1,12,70400,17,2,20,1,100,0,0,6,63,0,0,0,0,12000,44,"Panama City, FL","Cashiers"
"9772964",3255,42540,2022,2018,202203,5250945,8,342.8,6,563631,1,12,130935,9,2,27,1,100,0,0,10,101,61,6107,0,0,60791,46,"Scranton--Wilkes-Barre--Hazleton, PA","Registered nurses"
"12779370",5120,12420,2022,2022,202203,6296365,95,1773,3,1716289,2,22,132500,65,2,56,8,826,1,100,6,64,0,0,0,0,53000,51,"Austin-Round Rock, TX","Bookkeeping, accounting, and auditing clerks"
"3546704",0,16980,2022,2019,202203,2129518,98,28949.9,2,9461105,2,22,39499,89,2,7,2,200,0,0,1,12,0,0,0,0,9999999,0,"Chicago-Naperville-Elgin, IL-IN-WI","N/A (not applicable)"
"11962526",4720,0,2022,2022,202203,6820083,28,157.2,0,45766,2,22,10800,20,2,22,1,100,0,0,6,64,0,0,0,0,2000,44,"Not in identifiable area","Cashiers"
"10348377",3610,0,2022,2022,202203,6414645,6,45.6,0,19776,2,21,54000,7,2,29,3,315,0,0,8,81,0,0,0,0,13200,13,"Not in identifiable area","Occupational therapy assistants and aides"
"10885819",4040,17460,2022,2020,202203,4902058,34,2427.7,1,2077240,2,22,34674,34,2,25,1,100,0,0,8,81,0,0,0,0,18810,19,"Cleveland-Elyria, OH","Bartenders"
"6911760",230,0,2022,2018,202203,6652539,18,96.8,0,33268,2,22,191726,17,2,42,1,100,0,0,8,81,0,0,0,0,0,72,"Not in identifiable area","Education and childcare administrators"
"4913492",0,31080,2022,2020,202203,675453,4,8604.3,1,12828837,2,22,21530,3,2,82,8,826,1,100,2,23,0,0,0,0,6799,0,"Los Angeles-Long Beach-Anaheim, CA","N/A (not applicable)"
"8391046",1560,46140,2022,2022,202203,5116202,26,1864.3,6,937478,1,13,80900,25,1,62,1,100,0,0,8,81,0,0,0,0,80900,48,"Tulsa, OK","Surveying and mapping technicians"
"11356993",4230,0,2022,2019,202203,5725355,5,274.7,0,117558,1,13,60970,6,2,31,1,100,0,0,6,64,0,0,0,0,0,10,"Not in identifiable area","Maids and housekeeping cleaners"
"14571139",7840,0,2022,2019,202203,6874892,19,182.9,0,55089,1,13,80375,14,2,69,1,100,0,0,6,63,0,0,0,0,40188,18,"Not in identifiable area","Food batchmakers"
"5144306",0,27260,2022,2018,202203,1402512,96,1989.8,3,1345596,2,22,134442,123,1,6,8,801,0,0,1,11,0,0,0,0,9999999,0,"Jacksonville, FL","N/A (not applicable)"
"14421752",7640,38060,2022,2021,202203,221093,42,3531.4,2,4192887,2,22,43236,44,1,39,8,826,2,200,4,40,0,0,0,0,43236,27,"Phoenix-Mesa-Scottsdale, AZ","Other installation, maintenance, and repair workers"
"13772587",6230,0,2022,2020,202203,6808676,5,49.3,0,15330,1,12,117507,5,1,29,8,826,0,0,6,65,0,0,0,0,13598,19,"Not in identifiable area","Carpenters"
"7492695",630,45300,2022,2021,202203,1660877,18,2892.2,1,2783243,1,13,78907,27,1,28,2,200,0,0,8,81,0,0,0,0,0,84,"Tampa-St. Petersburg-Clearwater, FL","Human resources workers"
"4361600",0,41860,2022,2021,202203,854656,55,3969.6,1,4335391,1,13,628010,95,2,15,7,700,4,412,2,26,0,0,0,0,0,0,"San Francisco-Oakland-Hayward, CA","N/A (not applicable)"
"6795201",160,31080,2022,2022,202203,968308,14,10397.5,1,12828837,2,22,75000,14,1,54,8,826,4,416,6,63,0,0,0,0,75000,68,"Los Angeles-Long Beach-Anaheim, CA","Transportation, storage, and distribution managers"
"7693528",750,28140,2022,2021,202203,3642358,10,4064.5,5,2009342,2,22,40534,10,2,23,1,100,0,0,10,101,52,5200,0,0,40534,66,"Kansas City, MO-KS","Business operations specialists, all other"
"12431584",4840,33460,2022,2020,202203,3437062,14,1562.6,5,3348859,1,13,130311,16,1,42,1,100,0,0,10,101,62,6206,0,0,33994,47,"Minneapolis-St. Paul-Bloomington, MN-WI","Sales representatives of services, except advertising, insurance, financial services, and travel"
"10912492",4055,34980,2022,2021,202203,5788590,12,578.9,5,1670890,1,13,61936,9,2,16,9,990,0,0,3,30,0,0,0,0,324,11,"Nashville-Davidson--Murfreesboro--Franklin, TN","Fast food and counter workers"
"12065917",4720,38900,2022,2021,202203,5176748,8,7710.4,5,2226009,1,12,43777,6,2,64,6,699,0,0,8,81,0,0,0,0,27563,44,"Portland-Vancouver-Hillsboro, OR-WA","Cashiers"
"4570426",0,12060,2022,2018,202203,1778883,8,2484.6,4,5286728,1,12,10522,13,1,6,8,801,0,0,1,11,0,0,0,0,9999999,0,"Atlanta-Sandy Springs-Roswell, GA","N/A (not applicable)"
"407283",0,0,2022,2022,202203,1184337,13,51.6,0,36765,1,13,95400,26,2,82,1,100,0,0,6,63,0,0,0,0,18300,0,"Not in identifiable area","N/A (not applicable)"
"11627924",4600,10580,2022,2018,202203,4138568,17,825.3,4,870716,1,13,139703,17,2,36,1,100,0,0,11,114,36,3600,52,5200,9937,26,"Albany-Schenectady-Troy, NY","Childcare workers"
"552824",0,0,2022,2021,202203,2694954,11,238.4,0,87716,1,12,59450,30,1,8,1,100,0,0,1,14,0,0,0,0,9999999,0,"Not in identifiable area","N/A (not applicable)"
"10142661",3520,35620,2022,2021,202203,4416398,47,7221.3,2,19567410,1,13,294008,47,1,40,1,100,0,0,10,101,64,6402,0,0,201050,39,"New York-Newark-Jersey City, NY-NJ-PA","Opticians, dispensing"
"3326200",0,26420,2022,2021,202203,6202762,3,878.4,3,5920416,1,13,62693,4,1,6,7,700,1,100,1,12,0,0,0,0,9999999,0,"Houston-The Woodlands-Sugar Land, TX","N/A (not applicable)"
"4748374",0,37980,2022,2019,202203,3905872,12,2013.4,2,5965343,1,12,13893,11,2,72,1,100,0,0,2,26,0,0,0,0,13893,0,"Philadelphia-Camden-Wilmington, PA-NJ-DE-MD","N/A (not applicable)"
"15214184",9141,29820,2022,2018,202203,3773882,12,5634,1,1951269,2,22,41385,13,1,38,2,200,0,0,6,65,0,0,0,0,29226,10,"Las Vegas-Henderson-Paradise, NV","Shuttle drivers and chauffeurs"
"851973",0,0,2022,2021,202203,2835637,5,32.5,0,56221,1,12,71362,5,2,80,1,100,0,0,11,114,23,2399,23,2300,44858,0,"Not in identifiable area","N/A (not applicable)"
"6300430",0,47900,2022,2022,202203,2974141,3,6245,4,5636232,1,13,205000,3,2,11,1,100,0,0,2,22,0,0,0,0,9999999,0,"Washington-Arlington-Alexandria, DC-VA-MD-WV","N/A (not applicable)"
"7887860",910,42660,2022,2022,202203,6779788,22,4636,1,3439809,1,13,176500,23,1,56,1,100,0,0,8,81,0,0,0,0,67000,68,"Seattle-Tacoma-Bellevue, WA","Credit counselors and loan officers"
"7601571",710,35620,2022,2021,202203,4345778,5,47180.2,2,19567410,2,22,151328,5,2,38,4,400,0,0,10,101,62,6212,0,0,151328,86,"New York-Newark-Jersey City, NY-NJ-PA","Management analysts"
"5696234",0,40140,2022,2022,202203,1006817,30,6284.3,1,4224851,1,13,1400,30,2,78,2,200,0,0,8,81,0,0,0,0,1400,0,"Riverside-San Bernardino-Ontario, CA","N/A (not applicable)"
"10075096",3423,0,2022,2018,202203,1800448,24,150,0,117284,1,12,50270,27,2,55,1,100,0,0,8,81,0,0,0,0,0,48,"Not in identifiable area","Surgical technologists"
"11696556",4622,17460,2022,2022,202203,4998407,12,833,4,2077240,2,22,89000,11,1,32,1,100,0,0,10,101,19,1902,0,0,40000,52,"Cleveland-Elyria, OH","Recreation workers"
"13402850",5740,16980,2022,2021,202203,2224324,7,3168.3,2,9461105,1,13,183636,7,2,62,1,100,0,0,8,81,0,0,0,0,43236,61,"Chicago-Naperville-Elgin, IL-IN-WI","Secretaries and administrative assistants, except legal, medical, and executive"
"962258",0,0,2022,2020,202203,6804206,1,428,0,269849,0,0,9999999,1,2,64,1,100,0,0,6,64,0,0,0,0,10652,0,"Not in identifiable area","N/A (not applicable)"
"8410013",1650,31080,2022,2021,202203,840280,19,6249.1,1,12828837,2,22,86473,20,2,27,7,700,1,100,11,114,52,5299,0,0,54046,80,"Los Angeles-Long Beach-Anaheim, CA","Other life scientists"
"123669",0,0,2022,2020,202203,3227142,10,334.3,0,248256,0,0,9999999,10,2,72,1,100,0,0,0,2,0,0,0,0,7932,0,"Not in identifiable area","N/A (not applicable)"
"4242680",0,47900,2022,2022,202203,6617827,13,1308.2,4,5636232,1,13,225100,8,2,9,1,100,1,100,1,16,0,0,0,0,9999999,0,"Washington-Arlington-Alexandria, DC-VA-MD-WV","N/A (not applicable)"
"9752039",3230,47260,2022,2018,202203,6466031,22,3642.1,5,1676822,1,13,97383,22,2,64,1,100,0,0,11,114,61,6102,0,0,93525,58,"Virginia Beach-Norfolk-Newport News, VA-NC","Speech-language pathologists"
"6859644",205,0,2022,2020,202203,1145565,5,17.1,0,16732,2,22,105495,4,1,27,1,100,0,0,7,71,0,0,0,0,105495,14,"Not in identifiable area","Farmers, ranchers, and other agricultural managers"
"4503057",0,41860,2022,2021,202203,822671,7,4625.7,1,4335391,1,12,1248237,7,2,67,1,100,0,0,11,114,55,5501,0,0,6594,0,"San Francisco-Oakland-Hayward, CA","N/A (not applicable)"
"4681531",0,34060,2022,2020,202203,6808730,2,444.7,1,129709,1,12,69122,4,2,68,1,100,0,0,6,63,0,0,0,0,2946,0,"Morgantown, WV","N/A (not applicable)"
"8196851",1240,0,2022,2018,202203,2091103,48,106,0,50635,1,13,232643,47,1,49,1,100,0,0,10,101,62,6200,0,0,140287,81,"Not in identifiable area","Other mathematical science occupations"
"7705739",750,19820,2022,2022,202203,3344183,15,4638.5,3,4296250,1,13,93000,15,1,26,1,100,0,0,10,101,21,2102,0,0,93000,66,"Detroit-Warren-Dearborn, MI","Business operations specialists, all other"
"3300371",0,16740,2022,2021,202203,4668157,6,614.9,6,2217012,1,12,75664,5,2,1,1,100,0,0,0,1,0,0,0,0,9999999,0,"Charlotte-Concord-Gastonia, NC-SC","N/A (not applicable)"
"6679486",120,37980,2022,2021,202203,5418016,34,1786.3,2,5965343,1,13,100525,33,2,43,1,100,0,0,10,101,50,5098,62,6201,94039,68,"Philadelphia-Camden-Wilmington, PA-NJ-DE-MD","Financial managers"
"12396352",4820,38060,2022,2020,202203,197472,54,6370.5,2,4192887,1,12,144589,43,2,44,6,600,0,0,10,101,62,6203,0,0,140849,73,"Phoenix-Mesa-Scottsdale, AZ","Securities, commodities, and financial services sales agents"
"2948410",0,40900,2022,2018,202203,474690,30,6161.6,1,2149127,1,13,83003,26,2,43,7,700,1,100,5,50,0,0,0,0,0,0,"Sacramento--Roseville--Arden-Arcade, CA","N/A (not applicable)"
"8124202",1105,0,2022,2019,202203,1224998,22,415.4,0,189927,1,13,279017,22,1,39,1,100,0,0,11,114,60,6002,0,0,118266,65,"Not in identifiable area","Network and computer systems administrators"
"723434",0,0,2022,2018,202203,3497834,8,232.9,0,109585,1,12,29893,8,2,77,1,100,0,0,6,63,0,0,0,0,29893,0,"Not in identifiable area","N/A (not applicable)"
"4768518",0,37980,2022,2018,202203,3888298,15,2013.4,2,5965343,1,13,187050,13,1,11,1,100,0,0,2,22,0,0,0,0,9999999,0,"Philadelphia-Camden-Wilmington, PA-NJ-DE-MD","N/A (not applicable)"
"12911614",5240,0,2022,2020,202203,5079446,114,1053.4,0,130291,2,22,15864,114,2,29,1,100,0,0,7,71,0,0,0,0,2266,44,"Not in identifiable area","Customer service representatives"
"10651713",4000,11460,2022,2022,202203,3337880,12,2339.5,1,344791,1,13,105000,12,1,44,1,100,0,0,8,81,0,0,0,0,25000,15,"Ann Arbor, MI","Chefs and head cooks"
"14345900",7330,13820,2022,2018,202203,6881,5,135,6,1128047,1,12,125089,5,1,54,1,100,0,0,6,63,0,0,0,0,93525,27,"Birmingham-Hoover, AL","Industrial and refractory machinery mechanics"
"5769798",0,31080,2022,2021,202203,881206,10,3950.9,1,12828837,1,12,100849,10,1,55,1,100,0,0,6,64,0,0,0,0,23888,0,"Los Angeles-Long Beach-Anaheim, CA","N/A (not applicable)"
"9075281",2310,0,2022,2019,202203,2133711,11,213.6,0,36651,1,12,96680,11,2,73,1,100,0,0,10,101,54,5404,0,0,96680,72,"Not in identifiable area","Elementary and middle school teachers"
"9891948",3255,35620,2022,2018,202203,4103519,10,7221.3,2,19567410,1,12,29928,8,2,73,6,600,0,0,8,81,0,0,0,0,21745,46,"New York-Newark-Jersey City, NY-NJ-PA","Registered nurses"
"10345923",3605,37980,2022,2018,202203,3867353,8,1955.2,2,5965343,1,13,39748,9,1,44,1,100,0,0,10,101,55,5599,0,0,39748,13,"Philadelphia-Camden-Wilmington, PA-NJ-DE-MD","Orderlies and psychiatric aides"
"172862",0,0,2022,2021,202203,5417004,30,103.6,0,47193,1,13,34373,55,2,63,1,100,0,0,6,63,0,0,0,0,18159,0,"Not in identifiable area","N/A (not applicable)"
"14593292",7950,33460,2022,2022,202203,3478694,8,158.9,4,3348859,1,13,98000,6,1,62,1,100,0,0,6,63,0,0,0,0,60000,18,"Minneapolis-St. Paul-Bloomington, MN-WI","Cutting, punching, and press machine setters, operators, and tenders, metal and plastic"
"12405788",4820,31080,2022,2018,202203,483863,14,7690.4,1,12828837,1,12,158992,14,1,60,8,812,0,0,11,114,55,5505,0,0,93525,73,"Los Angeles-Long Beach-Anaheim, CA","Securities, commodities, and financial services sales agents"
"5386499",0,25420,2022,2019,202203,5309631,20,1634.7,1,549475,1,13,111377,14,1,12,6,610,0,0,2,25,0,0,0,0,9999999,0,"Harrisburg-Carlisle, PA","N/A (not applicable)"
"681602",0,0,2022,2021,202203,321155,3,43.8,0,21029,2,22,108091,4,2,17,8,802,0,0,5,50,0,0,0,0,0,0,"Not in identifiable area","N/A (not applicable)"
"4349974",0,19100,2022,2021,202203,6141417,13,4768.2,3,6426214,1,13,125072,14,1,1,1,100,0,0,0,1,0,0,0,0,9999999,0,"Dallas-Fort Worth-Arlington, TX","N/A (not applicable)"
"6022227",0,19100,2022,2022,202203,6336686,24,5206.3,3,6426214,2,22,71100,25,2,64,2,200,0,0,6,63,0,0,0,0,36100,0,"Dallas-Fort Worth-Arlington, TX","N/A (not applicable)"
"9488899",2722,16740,2022,2022,202203,4715492,8,214.7,5,801779,2,22,37300,7,2,29,1,100,0,0,7,71,0,0,0,0,19400,64,"Charlotte-Concord-Gastonia, NC-SC","Coaches and scouts"
"2025394",0,0,2022,2022,202203,4075863,50,346.8,0,130044,1,12,5000,63,1,7,7,700,4,498,1,15,0,0,0,0,9999999,0,"Not in identifiable area","N/A (not applicable)"
"8718685",2100,10420,2022,2022,202203,5028300,17,1099.5,1,703145,1,13,155900,18,2,30,8,826,4,450,11,115,50,5003,0,0,65900,93,"Akron, OH","Lawyers, and judges, magistrates, and other judicial workers"
"15259505",9310,47260,2022,2018,202203,6456217,21,3642.1,5,1676822,1,13,588622,26,1,47,1,100,0,0,6,63,0,0,0,0,584530,54,"Virginia Beach-Norfolk-Newport News, VA-NC","Ship and boat captains and operators"
"9418972",2633,24540,2022,2022,202203,1190903,6,252.2,1,252825,1,13,172400,6,2,64,1,100,0,0,6,65,0,0,0,0,22400,73,"Greeley, CO","Floral designers"
"5608748",0,35620,2022,2019,202203,3928476,7,6181.7,2,19567410,1,13,202086,8,2,8,1,100,0,0,1,15,0,0,0,0,9999999,0,"New York-Newark-Jersey City, NY-NJ-PA","N/A (not applicable)"
"2569955",0,0,2022,2020,202203,3616700,1,46,0,10416,1,12,247342,1,2,10,1,100,0,0,2,22,0,0,0,0,9999999,0,"Not in identifiable area","N/A (not applicable)"
"4878085",0,16740,2022,2020,202203,4624942,44,1224.8,6,2217012,1,13,135977,21,1,0,1,100,0,0,0,1,0,0,0,0,9999999,0,"Charlotte-Concord-Gastonia, NC-SC","N/A (not applicable)"
"15239130",9150,19500,2022,2021,202203,2260986,16,723.9,1,110768,1,12,100957,16,1,84,1,100,0,0,7,71,0,0,0,0,60531,10,"Decatur, IL","Motor vehicle operators, all other"
"1969633",0,12060,2022,2019,202203,1823258,20,2260.1,4,5286728,1,13,540810,18,1,14,1,100,0,0,2,26,0,0,0,0,9999999,0,"Atlanta-Sandy Springs-Roswell, GA","N/A (not applicable)"
"15179489",9130,16980,2022,2018,202203,2065507,10,13991.3,2,9461105,1,12,2280,23,1,42,1,100,1,100,0,2,0,0,0,0,1286,15,"Chicago-Naperville-Elgin, IL-IN-WI","Driver/sales workers and truck drivers"
"2483595",0,19820,2022,2018,202203,3156395,16,2309.9,4,4296250,1,12,33903,16,2,73,1,100,0,0,7,71,0,0,0,0,33903,0,"Detroit-Warren-Dearborn, MI","N/A (not applicable)"
"12094796",4720,47300,2022,2022,202203,1055835,4,416.4,1,442179,2,21,88000,4,2,22,8,826,1,100,7,71,0,0,0,0,10000,44,"Visalia-Porterville, CA","Cashiers"
"12082910",4720,0,2022,2018,202203,1368111,23,1058.1,0,235865,2,22,120413,17,2,47,6,600,0,0,6,63,0,0,0,0,19640,44,"Not in identifiable area","Cashiers"
"9503341",2722,41940,2022,2020,202203,765543,19,12397,4,1836911,1,13,294617,19,2,28,4,400,0,0,10,101,25,2503,0,0,56657,64,"San Jose-Sunnyvale-Santa Clara, CA","Coaches and scouts"
"621987",0,15180,2022,2021,202203,6219581,8,999.8,1,406220,1,13,31887,9,2,67,7,700,1,100,0,2,0,0,0,0,5945,0,"Brownsville-Harlingen, TX","N/A (not applicable)"
"6792367",160,27260,2022,2021,202203,1582902,47,1989.8,3,1345596,2,22,54802,46,1,31,1,100,2,200,8,81,0,0,0,0,43236,68,"Jacksonville, FL","Transportation, storage, and distribution managers"
"10352778",3620,0,2022,2022,202203,4493523,3,368.1,0,52942,2,22,42000,3,1,25,1,100,0,0,8,81,0,0,0,0,27000,38,"Not in identifiable area","Physical therapist assistants and aides"
"7571093",705,0,2022,2022,202203,6960187,58,1727.8,0,605435,1,12,528000,65,1,42,1,100,0,0,10,101,24,2414,0,0,110000,68,"Not in identifiable area","Project management specialists"
"12548882",4920,17780,2022,2018,202203,5919969,17,1703.5,6,228660,1,12,782101,17,1,50,1,100,0,0,11,114,62,6206,0,0,588037,62,"College Station-Bryan, TX","Real estate brokers and sales agents"
"4717134",0,31080,2022,2018,202203,470301,37,11886.1,1,12828837,1,13,58453,38,2,7,6,660,0,0,1,12,0,0,0,0,9999999,0,"Los Angeles-Long Beach-Anaheim, CA","N/A (not applicable)"
"7525187",640,0,2022,2021,202203,6578482,2,84.4,0,61764,1,13,14052,1,2,58,1,100,0,0,10,101,23,2310,0,0,14052,84,"Not in identifiable area","Compensation, benefits, and job analysis specialists"
"9048824",2310,14860,2022,2020,202203,1240793,24,4264.7,1,916829,1,13,70141,24,2,87,1,100,0,0,11,114,23,2300,0,0,70141,72,"Bridgeport-Stamford-Norwalk, CT","Elementary and middle school teachers"
"11016",0,0,2022,2019,202203,4602893,3,237.8,0,114678,1,13,46468,3,2,74,1,100,0,0,7,71,0,0,0,0,11597,0,"Not in identifiable area","N/A (not applicable)"
"3958350",0,35620,2022,2020,202203,4291226,73,2333.6,2,19567410,2,22,36827,112,1,7,7,700,4,498,1,14,0,0,0,0,9999999,0,"New York-Newark-Jersey City, NY-NJ-PA","N/A (not applicable)"
"9380479",2545,23540,2022,2022,202203,1700834,19,3171.9,5,264275,1,12,18700,19,2,78,2,200,0,0,7,71,0,0,0,0,18700,65,"Gainesville, FL","Teaching assistants"
"8658755",2060,31080,2022,2019,202203,517972,12,42788.1,1,12828837,2,22,80375,13,1,34,1,100,0,0,6,64,0,0,0,0,57411,56,"Los Angeles-Long Beach-Anaheim, CA","Religious workers, all other"
"1375875",0,0,2022,2019,202203,603784,64,320.1,0,134623,1,13,87609,65,1,71,1,100,0,0,11,114,64,6402,55,5506,87609,0,"Not in identifiable area","N/A (not applicable)"
"10965468",4110,35380,2022,2020,202203,2765046,22,6504.4,1,1189866,1,13,91784,14,2,22,1,100,0,0,8,81,0,0,0,0,28329,16,"New Orleans-Metairie, LA","Waiters and waitresses"
"9973568",3258,38900,2022,2021,202203,5189292,29,4516.2,5,2226009,1,13,139438,30,2,68,1,100,0,0,11,116,61,6107,0,0,139438,46,"Portland-Vancouver-Hillsboro, OR-WA","Nurse practitioners, and nurse midwives"
"11086218",4130,19740,2022,2019,202203,1112192,17,5181.4,4,2543482,2,22,81523,18,1,33,1,100,0,0,6,63,0,0,0,0,0,11,"Denver-Aurora-Lakewood, CO","Dining room and cafeteria attendants and bartender helpers"
"7890648",930,0,2022,2020,202203,4623242,13,156.3,0,95119,1,13,120679,13,2,54,1,100,0,0,8,81,0,0,0,0,41813,78,"Not in identifiable area","Tax examiners and collectors, and revenue agents"
"4353139",0,12060,2022,2019,202203,1818298,65,964.2,4,5286728,1,13,150933,131,2,19,2,200,0,0,5,50,0,0,0,0,0,0,"Atlanta-Sandy Springs-Roswell, GA","N/A (not applicable)"
"15435722",9620,0,2022,2018,202203,4770512,21,133.8,0,32185,1,13,105215,17,2,27,1,100,0,0,6,64,0,0,0,0,52608,8,"Not in identifiable area","Laborers and freight, stock, and material movers, hand"
"12040840",4720,0,2022,2022,202203,3669844,12,1814.3,0,162642,0,0,9999999,12,1,20,1,100,0,0,7,71,0,0,0,0,400,44,"Not in identifiable area","Cashiers"
"4297081",0,11260,2022,2020,202203,117990,61,1704.7,6,380821,1,13,364871,22,2,14,1,100,0,0,2,25,0,0,0,0,9999999,0,"Anchorage, AK","N/A (not applicable)"
"7981825",1021,26980,2022,2019,202203,2500441,5,924.8,6,152586,2,22,128956,7,1,27,1,100,0,0,10,101,21,2102,0,0,108679,65,"Iowa City, IA","Software developers"
"1926177",0,11460,2022,2021,202203,3287876,87,2238.5,1,344791,2,22,107767,44,1,14,2,200,0,0,2,25,0,0,0,0,9999999,0,"Ann Arbor, MI","N/A (not applicable)"
"6589623",52,35620,2022,2019,202203,3914663,7,2459.8,2,19567410,2,21,147087,8,2,61,1,100,0,0,6,63,0,0,0,0,97598,72,"New York-Newark-Jersey City, NY-NJ-PA","Sales managers"
"4292805",0,31080,2022,2018,202203,411432,11,8604.3,1,12828837,1,13,117724,14,2,25,1,100,1,100,6,63,0,0,0,0,9236,0,"Los Angeles-Long Beach-Anaheim, CA","N/A (not applicable)"
"4416409",0,19100,2022,2020,202203,6089993,7,4679.6,3,6426214,1,12,194957,6,2,72,1,100,0,0,11,114,64,6402,0,0,64079,0,"Dallas-Fort Worth-Arlington, TX","N/A (not applicable)"
"15080998",9130,0,2022,2021,202203,2597257,11,95.2,0,20107,2,21,13101,12,2,74,1,100,0,0,6,63,0,0,0,0,11479,15,"Not in identifiable area","Driver/sales workers and truck drivers"
"4165378",0,35620,2022,2019,202203,4220153,47,1757.1,2,19567410,1,13,190604,72,2,1,7,700,4,412,0,1,0,0,0,0,9999999,0,"New York-Newark-Jersey City, NY-NJ-PA","N/A (not applicable)"
"143847",0,0,2022,2021,202203,81501,2,86.7,0,34166,1,12,122143,6,2,18,6,640,0,0,4,40,0,0,0,0,0,0,"Not in identifiable area","N/A (not applicable)"
"15569822",9645,18140,2022,2018,202203,4773500,15,8075.3,5,1901974,1,13,77158,15,1,46,1,100,0,0,6,65,0,0,0,0,46762,44,"Columbus, OH","Stockers and order fillers"
"12430663",4840,19740,2022,2022,202203,1200107,23,3443.4,4,2543482,1,13,289600,23,1,52,1,100,0,0,10,101,62,6201,0,0,289600,47,"Denver-Aurora-Lakewood, CO","Sales representatives of services, except advertising, insurance, financial services, and travel"
"3997173",0,41620,2022,2020,202203,6389186,7,4668.6,4,1087873,1,13,558672,7,2,67,1,100,0,0,10,101,60,6002,0,0,0,0,"Salt Lake City, UT","N/A (not applicable)"
"10197795",3602,0,2022,2022,202203,333900,42,446.7,0,220315,1,13,231600,43,1,60,1,100,0,0,7,71,0,0,0,0,55000,13,"Not in identifiable area","Personal care aides"
"14529631",7750,0,2022,2021,202203,6921767,4,44.9,0,31660,1,13,49506,4,1,63,1,100,0,0,8,81,0,0,0,0,24753,18,"Not in identifiable area","Other assemblers and fabricators"
"8873653",2300,14260,2022,2019,202203,2018586,36,699.1,5,616561,1,13,113329,38,2,66,1,100,0,0,6,63,0,0,0,0,20323,72,"Boise City, ID","Preschool and kindergarten teachers"
"14130412",6720,0,2022,2021,202203,3274738,7,225.8,0,50766,0,0,9999999,7,1,23,1,100,0,0,6,64,0,0,0,0,0,32,"Not in identifiable area","Hazardous materials removal workers"
"12281842",4760,25420,2022,2018,202203,5224552,14,304.3,1,549475,1,13,275898,16,2,23,1,100,0,0,10,101,53,5301,0,0,2338,47,"Harrisburg-Carlisle, PA","Retail salespersons"
"8791369",2205,0,2022,2018,202203,3366053,36,946.3,0,206877,2,22,31565,30,2,39,4,400,0,0,11,116,14,1401,23,2310,14029,84,"Not in identifiable area","Postsecondary teachers"
"14225635",7200,0,2022,2021,202203,3660174,21,66.8,0,20606,1,12,36751,22,1,58,1,100,0,0,6,63,0,0,0,0,10809,19,"Not in identifiable area","Automotive service technicians and mechanics"
"15239545",9150,10900,2022,2020,202203,3953978,33,614,1,821173,1,12,49518,33,1,72,1,100,0,0,10,101,62,6205,0,0,30821,10,"Allentown-Bethlehem-Easton, PA-NJ","Motor vehicle operators, all other"
"2055051",0,31080,2022,2018,202203,435634,8,11259.2,1,12828837,2,22,22212,9,1,9,7,700,1,100,1,17,0,0,0,0,9999999,0,"Los Angeles-Long Beach-Anaheim, CA","N/A (not applicable)"
"3861815",0,17300,2022,2022,202203,2708004,11,227.6,5,141615,1,13,72200,10,1,62,1,100,0,0,6,65,0,0,0,0,31200,0,"Clarksville, TN-KY","N/A (not applicable)"
"8924243",2310,41180,2022,2022,202203,3695180,26,2954,5,2787701,1,13,39000,26,2,63,1,100,0,0,10,101,23,2304,0,0,39000,72,"St. Louis, MO-IL","Elementary and middle school teachers"
"1971092",0,0,2022,2021,202203,1904113,2,246.9,0,156005,1,12,49722,3,2,83,2,200,0,0,6,64,0,0,0,0,6485,0,"Not in identifiable area","N/A (not applicable)"
"181298",0,13380,2022,2018,202203,6641903,40,667.7,1,201140,1,12,39982,40,1,78,3,360,1,100,6,64,0,0,0,0,39982,0,"Bellingham, WA","N/A (not applicable)"
"9738857",3220,45060,2022,2018,202203,4167937,11,285.2,6,662577,1,13,211249,11,1,52,1,100,0,0,8,81,0,0,0,0,105215,58,"Syracuse, NY","Respiratory therapists"
"7363861",440,47900,2022,2021,202203,6573290,13,134.6,5,1234820,1,13,156732,12,1,27,1,100,0,0,10,101,52,5200,0,0,75664,68,"Washington-Arlington-Alexandria, DC-VA-MD-WV","Other managers"
"15095244",9130,0,2022,2019,202203,6015569,16,2973.8,0,405300,1,13,130667,17,1,62,2,200,4,415,6,63,0,0,0,0,73256,15,"Not in identifiable area","Driver/sales workers and truck drivers"
"5611729",0,41740,2022,2022,202203,970793,9,6119.7,1,3095313,2,22,77300,10,2,14,8,815,4,498,2,26,0,0,0,0,9999999,0,"San Diego-Carlsbad, CA","N/A (not applicable)"
"231918",0,33100,2022,2019,202203,1503958,22,5266.2,2,5564635,1,12,35710,22,2,82,4,400,0,0,6,63,0,0,0,0,28476,0,"Miami-Fort Lauderdale-West Palm Beach, FL","N/A (not applicable)"
"15082754",9130,19740,2022,2021,202203,1169889,33,5181.4,4,2543482,1,13,238882,34,1,46,7,700,1,100,6,63,0,0,0,0,97282,15,"Denver-Aurora-Lakewood, CO","Driver/sales workers and truck drivers"
"12923863",5240,0,2022,2018,202203,2008726,3,40,0,28804,1,12,59739,3,2,55,1,100,0,0,7,71,0,0,0,0,4092,44,"Not in identifiable area","Customer service representatives"
"2767843",0,33100,2022,2018,202203,1345094,8,6246.3,2,5564635,1,12,113399,8,1,76,1,100,3,300,2,23,0,0,0,0,8183,0,"Miami-Fort Lauderdale-West Palm Beach, FL","N/A (not applicable)"
"3442096",0,35660,2022,2022,202203,3360748,14,550.7,1,156813,1,12,82500,8,1,16,1,100,0,0,4,40,0,0,0,0,0,0,"Niles-Benton Harbor, MI","N/A (not applicable)"
"12797509",5120,17020,2022,2019,202203,563193,4,1769.4,1,220000,2,22,48225,4,1,24,1,100,0,0,6,65,0,0,0,0,22964,51,"Chico, CA","Bookkeeping, accounting, and auditing clerks"
"7756814",800,19100,2022,2019,202203,5981520,1,204.8,3,6426214,1,13,370932,2,2,59,1,100,0,0,10,101,62,6201,0,0,229701,78,"Dallas-Fort Worth-Arlington, TX","Accountants and auditors"
"509806",0,33460,2022,2022,202203,3484624,25,894.5,4,3348859,1,13,250000,26,2,1,1,100,0,0,0,1,0,0,0,0,9999999,0,"Minneapolis-St. Paul-Bloomington, MN-WI","N/A (not applicable)"
"9223453",2350,35620,2022,2019,202203,4182948,29,47180.2,2,19567410,1,12,55229,24,2,86,1,100,4,424,7,71,0,0,0,0,16305,52,"New York-Newark-Jersey City, NY-NJ-PA","Tutors"
"7544363",700,36740,2022,2022,202203,1740338,37,2176.4,1,2134411,2,22,73200,38,2,51,2,200,0,0,6,65,0,0,0,0,42000,65,"Orlando-Kissimmee-Sanford, FL","Logisticians"
"12330250",4760,40140,2022,2021,202203,789687,73,1348.2,1,4224851,1,13,126575,75,2,26,1,100,1,100,6,65,0,0,0,0,20754,47,"Riverside-San Bernardino-Ontario, CA","Retail salespersons"
"3922661",0,42660,2022,2019,202203,6662694,21,2493.3,1,3439809,1,13,323453,15,2,35,7,700,1,100,6,61,0,0,0,0,0,0,"Seattle-Tacoma-Bellevue, WA","N/A (not applicable)"
"2223493",0,12260,2022,2022,202203,1977730,9,793.6,6,564873,2,22,73900,18,2,65,1,100,0,0,6,63,0,0,0,0,26500,0,"Augusta-Richmond County, GA-SC","N/A (not applicable)"
"4134745",0,43900,2022,2021,202203,5620243,31,332.5,5,313268,1,13,70584,8,1,12,8,802,0,0,2,23,0,0,0,0,9999999,0,"Spartanburg, SC","N/A (not applicable)"
"14363846",7340,0,2022,2022,202203,5797446,14,603,0,309544,1,13,245000,13,1,49,1,100,0,0,8,81,0,0,0,0,150000,27,"Not in identifiable area","Maintenance and repair workers, general"
"9640122",3050,22380,2022,2021,202203,229388,16,158.8,1,134421,1,13,232396,14,1,62,1,100,0,0,11,116,61,6108,0,0,151328,82,"Flagstaff, AZ","Pharmacists"
"12871109",5240,40900,2022,2022,202203,1076631,15,6830.2,1,2149127,1,13,152400,15,2,32,1,100,0,0,8,81,0,0,0,0,37400,44,"Sacramento--Roseville--Arden-Arcade, CA","Customer service representatives"
"9689163",3090,0,2022,2022,202203,1181517,13,63.8,0,27602,1,12,106300,14,1,67,1,100,0,0,11,115,36,3600,0,0,95900,92,"Not in identifiable area","Physicians"
"11906404",4710,41860,2022,2018,202203,359273,7,6396.6,1,4335391,1,13,140287,7,2,57,4,400,0,0,8,81,0,0,0,0,40917,68,"San Francisco-Oakland-Hayward, CA","First-line supervisors of non-retail sales workers"
"891276",0,0,2022,2018,202203,2483342,5,76.8,0,23479,1,13,48142,5,2,79,1,100,0,0,8,81,0,0,0,0,18915,0,"Not in identifiable area","N/A (not applicable)"
"2114180",0,14460,2022,2020,202203,3049551,37,7433.3,4,4552402,1,12,424928,11,2,13,4,400,0,0,2,25,0,0,0,0,9999999,0,"Boston-Cambridge-Newton, MA-NH","N/A (not applicable)"
"5032206",0,33100,2022,2022,202203,1741952,22,2232.6,2,5564627,1,12,151600,22,1,77,1,100,0,0,7,71,0,0,0,0,95100,0,"Miami-Fort Lauderdale-West Palm Beach, FL","N/A (not applicable)"
"6538049",20,12060,2022,2019,202203,1821336,8,1830.6,4,5286728,2,22,163965,8,1,32,1,100,0,0,6,65,0,0,0,0,51440,68,"Atlanta-Sandy Springs-Roswell, GA","General and operations managers"
"2376572",0,17660,2022,2022,202203,2040470,16,918.5,4,138493,1,13,470000,20,2,3,8,826,0,0,0,2,0,0,0,0,9999999,0,"Coeur d'Alene, ID","N/A (not applicable)"
"9017403",2310,45300,2022,2019,202203,1497086,8,4023.9,1,2783243,1,13,164425,10,2,57,1,100,0,0,6,65,0,0,0,0,21816,72,"Tampa-St. Petersburg-Clearwater, FL","Elementary and middle school teachers"
"1324274",0,0,2022,2021,202203,2684082,14,280.3,0,61097,2,22,128629,16,1,9,1,100,0,0,1,16,0,0,0,0,9999999,0,"Not in identifiable area","N/A (not applicable)"
"12378606",4810,0,2022,2019,202203,4220579,11,107,0,172543,1,13,30772,11,1,30,1,100,0,0,8,81,0,0,0,0,25261,66,"Not in identifiable area","Insurance sales agents"
"6611362",52,40060,2022,2020,202203,6540242,23,1454.2,5,1208101,1,13,124906,35,1,54,1,100,0,0,11,114,52,5200,0,0,106515,72,"Richmond, VA","Sales managers"
"858354",0,0,2022,2022,202203,2468049,10,76.9,0,323150,1,13,18000,6,2,2,1,100,0,0,0,1,0,0,0,0,9999999,0,"Not in identifiable area","N/A (not applicable)"
"12133402",4720,31140,2022,2021,202203,2677973,24,2788.1,3,1235708,2,22,148085,28,2,33,1,100,0,0,6,64,0,0,0,0,60531,44,"Louisville/Jefferson County, KY-IN","Cashiers"
"14124763",6660,0,2022,2019,202203,6375164,37,26,0,19776,1,13,101388,48,1,41,1,100,0,0,7,71,0,0,0,0,68893,41,"Not in identifiable area","Construction and building inspectors"
"4035473",0,17900,2022,2021,202203,5605644,5,2274.5,1,767598,1,12,176189,4,1,77,2,200,0,0,6,63,0,0,0,0,15133,0,"Columbia, SC","N/A (not applicable)"
"8187137",1240,12060,2022,2021,202203,1925069,11,2021,4,5286728,1,13,306979,11,1,41,1,100,0,0,11,114,55,5501,0,0,279956,81,"Atlanta-Sandy Springs-Roswell, GA","Other mathematical science occupations"
"1841815",0,19100,2022,2021,202203,6208137,26,2254.7,3,6426214,1,13,96201,42,2,0,1,100,1,100,0,1,0,0,0,0,9999999,0,"Dallas-Fort Worth-Arlington, TX","N/A (not applicable)"
"2220363",0,12260,2022,2020,202203,5589298,13,285.7,5,564873,1,13,237960,16,2,6,1,100,0,0,1,12,0,0,0,0,9999999,0,"Augusta-Richmond County, GA-SC","N/A (not applicable)"
"9613413",3010,16980,2022,2021,202203,2239076,35,3587.7,2,9461105,1,13,398208,36,1,73,1,100,0,0,11,116,36,3600,0,0,320382,96,"Chicago-Naperville-Elgin, IL-IN-WI","Dentists"
"1902946",0,0,2022,2022,202203,4743211,2,97.8,0,33460,1,13,59100,2,1,76,1,100,0,0,7,71,0,0,0,0,47000,0,"Not in identifiable area","N/A (not applicable)"
"8265703",1410,17140,2022,2018,202203,4794430,68,1936.3,4,2114580,1,12,140287,69,1,56,1,100,0,0,10,101,24,2408,0,0,140287,84,"Cincinnati, OH-KY-IN","Electrical and electronics engineers"
"1459866",0,17300,2022,2021,202203,2689248,26,233.4,6,141615,1,12,140519,20,2,70,1,100,0,0,10,101,60,6000,0,0,0,0,"Clarksville, TN-KY","N/A (not applicable)"
"14551036",7800,17140,2022,2022,202203,4979173,11,5644.7,4,2114580,0,0,9999999,11,2,19,1,100,0,0,6,65,0,0,0,0,500,22,"Cincinnati, OH-KY-IN","Bakers"
"13063542",5360,0,2022,2022,202203,6615434,10,122.6,0,62064,2,22,33000,10,2,58,1,100,0,0,7,71,0,0,0,0,33000,44,"Not in identifiable area","Human resources assistants, except payroll and timekeeping"
"13247138",5600,0,2022,2018,202203,5922720,3,73.2,0,13340,1,12,290511,3,1,65,1,100,0,0,7,71,0,0,0,0,133273,44,"Not in identifiable area","Production, planning, and expediting clerks"
"5205682",0,45300,2022,2019,202203,1490400,12,4168.5,1,2783243,2,21,55114,11,1,17,1,100,3,300,5,50,0,0,0,0,0,0,"Tampa-St. Petersburg-Clearwater, FL","N/A (not applicable)"
"1349099",0,0,2022,2019,202203,5714953,8,274.7,0,117558,2,22,27213,11,1,15,1,100,0,0,3,30,0,0,0,0,0,0,"Not in identifiable area","N/A (not applicable)"
"6483228",10,41180,2022,2022,202203,2316566,24,1622.7,5,2787701,2,22,95000,26,1,35,2,200,0,0,11,116,29,2901,0,0,85000,68,"St. Louis, MO-IL","Chief executives and legislators"
"15444633",9620,35620,2022,2018,202203,4162754,8,47853.1,2,19567410,1,13,64532,7,1,50,1,100,0,0,6,63,0,0,0,0,0,8,"New York-Newark-Jersey City, NY-NJ-PA","Laborers and freight, stock, and material movers, hand"
"5520122",0,41500,2022,2022,202203,921767,10,6211.4,6,415057,0,0,9999999,10,1,50,7,700,0,0,6,63,0,0,0,0,12100,0,"Salinas, CA","N/A (not applicable)"
"3156530",0,16580,2022,2021,202203,2227728,24,1278.4,6,231891,1,12,133601,30,1,38,1,100,0,0,6,64,0,0,0,0,19348,0,"Champaign-Urbana, IL","N/A (not applicable)"
"15642153",9825,42660,2022,2022,202203,6752549,12,936.2,1,3439700,0,0,9999999,12,1,23,1,100,0,0,6,63,0,0,0,0,52000,18,"Seattle-Tacoma-Bellevue, WA","Military enlisted tactical operations and air/weapons specialists and crew members"
"10887247",4040,42540,2022,2022,202203,5461112,7,349.4,6,563631,1,12,21700,8,2,67,1,100,0,0,6,63,0,0,0,0,21700,19,"Scranton--Wilkes-Barre--Hazleton, PA","Bartenders"
"11593866",4530,15380,2022,2021,202203,4385463,16,9529.6,1,1135509,1,12,60963,17,1,18,1,100,0,0,5,50,0,0,0,0,3243,4,"Buffalo-Cheektowaga-Niagara Falls, NY","Baggage porters, bellhops, and concierges"
"8362486",1551,16980,2022,2018,202203,2097869,23,3291.3,2,9461105,1,13,123535,23,1,59,1,100,0,0,10,101,21,2102,0,0,70401,62,"Chicago-Naperville-Elgin, IL-IN-WI","Electrical and electronic engineering technologists and technicians"
"6915641",230,40220,2022,2020,202203,6515414,3,2349.7,5,308707,0,0,9999999,3,2,18,1,100,0,0,6,63,0,0,0,0,3739,72,"Roanoke, VA","Education and childcare administrators"
"7976673",1021,12420,2022,2022,202203,6287242,58,1795.7,3,1716289,1,12,120000,58,1,46,6,610,0,0,10,101,24,2407,0,0,120000,65,"Austin-Round Rock, TX","Software developers"
"6603100",52,38900,2022,2018,202203,5136186,14,3394.2,5,2226009,1,13,139703,14,1,61,1,100,0,0,6,65,0,0,0,0,122751,72,"Portland-Vancouver-Hillsboro, OR-WA","Sales managers"
"14964065",9050,19740,2022,2018,202203,1089248,27,864.3,4,2543482,1,13,205871,28,2,62,1,100,0,0,7,71,0,0,0,0,34137,31,"Denver-Aurora-Lakewood, CO","Flight attendants"
"7552482",705,31140,2022,2022,202203,2699136,11,279.3,3,1235708,2,22,20400,11,2,75,1,100,0,0,6,63,0,0,0,0,20400,68,"Louisville/Jefferson County, KY-IN","Project management specialists"
"7921101",1006,38300,2022,2022,202203,5482599,18,1300.6,5,2356285,1,12,269800,22,1,35,1,100,0,0,7,71,0,0,0,0,108000,65,"Pittsburgh, PA","Computer systems analysts"
"8196921",1240,16980,2022,2020,202203,2206778,12,4686.4,2,9461105,1,13,311614,14,2,34,6,610,0,0,10,101,25,2502,19,1901,164305,81,"Chicago-Naperville-Elgin, IL-IN-WI","Other mathematical science occupations"
"13925986",6260,41620,2022,2021,202203,6406531,39,5696.8,4,1087873,1,13,135114,66,1,43,8,801,0,0,5,50,0,0,0,0,43236,8,"Salt Lake City, UT","Construction laborers"
"1502868",0,41180,2022,2018,202203,3580698,16,6783.7,5,2787701,1,13,94928,18,2,1,1,100,0,0,0,1,0,0,0,0,9999999,0,"St. Louis, MO-IL","N/A (not applicable)"
"11071056",4120,0,2022,2021,202203,2687684,21,208.9,0,121773,2,22,15781,21,2,56,1,100,0,0,6,63,0,0,0,0,3891,11,"Not in identifiable area","Food servers, nonrestaurant"
"6062115",0,35620,2022,2022,202203,4005301,21,3350.2,2,19567410,1,13,297700,19,1,16,1,100,0,0,3,30,0,0,0,0,0,0,"New York-Newark-Jersey City, NY-NJ-PA","N/A (not applicable)"
"6570887",51,0,2022,2018,202203,4520696,18,149.6,0,62539,1,13,303371,16,2,47,1,100,0,0,10,101,37,3700,23,2309,23381,72,"Not in identifiable area","Marketing managers"
"950775",0,35380,2022,2018,202203,2724689,16,4890.4,1,1189866,1,12,58336,17,2,78,2,200,0,0,6,63,0,0,0,0,9469,0,"New Orleans-Metairie, LA","N/A (not applicable)"
"14477184",7720,0,2022,2020,202203,4617389,7,149.6,0,62539,1,13,113767,5,1,63,1,100,0,0,6,65,0,0,0,0,36714,18,"Not in identifiable area","Electrical, electronics, and electromechanical assemblers"
"4984694",0,13780,2022,2019,202203,4210232,16,3094,5,251725,2,22,24113,17,1,62,1,100,0,0,0,2,0,0,0,0,17223,0,"Binghamton, NY","N/A (not applicable)"
"3055096",0,35620,2022,2022,202203,4480773,16,26725.5,2,19567410,1,13,11100,15,2,68,8,826,0,0,7,71,0,0,0,0,11100,0,"New York-Newark-Jersey City, NY-NJ-PA","N/A (not applicable)"
"6315172",0,35620,2022,2019,202203,4208520,19,40676.5,2,19567410,2,22,82327,14,2,65,1,100,1,100,6,63,0,0,0,0,11023,0,"New York-Newark-Jersey City, NY-NJ-PA","N/A (not applicable)"
"8018032",1021,41180,2022,2022,202203,3677070,5,113.3,5,387112,1,13,8000,6,1,46,1,100,0,0,7,71,0,0,0,0,8000,65,"St. Louis, MO-IL","Software developers"
"539208",0,14460,2022,2019,202203,3019768,24,9943.9,4,4552402,1,13,163736,23,1,5,1,100,0,0,1,11,0,0,0,0,9999999,0,"Boston-Cambridge-Newton, MA-NH","N/A (not applicable)"
"8846087",2205,31080,2022,2020,202203,707023,6,5289.5,1,12828837,2,22,87705,6,2,39,1,100,0,0,11,116,52,5200,0,0,94051,84,"Los Angeles-Long Beach-Anaheim, CA","Postsecondary teachers"
"10785608",4020,41180,2022,2022,202203,3691498,27,2954,5,2787701,2,22,60000,27,1,26,1,100,0,0,6,63,0,0,0,0,30000,15,"St. Louis, MO-IL","Cooks"
"6080415",0,41860,2022,2020,202203,738663,13,14612.8,1,4335391,1,13,39320,34,1,19,1,100,0,0,0,2,0,0,0,0,5666,0,"San Francisco-Oakland-Hayward, CA","N/A (not applicable)"
"7447415",565,39580,2022,2018,202203,4540903,20,762.8,5,1130490,2,21,48516,21,2,24,1,100,0,0,10,101,33,3301,0,0,48516,63,"Raleigh, NC","Compliance officers"
"13088281",5400,35620,2022,2019,202203,4188188,28,103559.9,2,19567410,2,22,92431,16,2,18,2,200,0,0,6,63,0,0,0,0,574,44,"New York-Newark-Jersey City, NY-NJ-PA","Receptionists and information clerks"
"13716022",6200,43340,2022,2019,202203,2750020,19,998,5,439811,1,12,172233,22,1,49,1,100,0,0,7,71,0,0,0,0,91857,68,"Shreveport-Bossier City, LA","First-line supervisors of construction trades and extraction workers"
"13028978",5310,31140,2022,2018,202203,2618533,9,3783.8,3,1235708,1,13,9352,9,2,65,1,100,0,0,11,114,55,5506,55,5501,9352,44,"Louisville/Jefferson County, KY-IN","Interviewers, except eligibility and loan"
"2289635",0,0,2022,2020,202203,2395125,35,145.9,0,49649,1,13,35694,35,1,89,1,100,0,0,7,71,0,0,0,0,22776,0,"Not in identifiable area","N/A (not applicable)"
"11435740",4251,0,2022,2021,202203,3455089,11,946.3,0,206877,1,13,189160,15,1,58,1,100,0,0,8,81,0,0,0,0,70259,11,"Not in identifiable area","Landscaping and groundskeeping workers"
"10703324",4020,0,2022,2020,202203,6078708,33,204.1,0,100673,2,22,57110,70,1,19,1,100,0,0,6,65,0,0,0,0,0,15,"Not in identifiable area","Cooks"
"3616673",0,40380,2022,2022,202203,4477294,9,589.7,5,1079671,2,22,54500,7,2,57,2,200,0,0,6,65,0,0,0,0,34400,0,"Rochester, NY","N/A (not applicable)"
"3292487",0,18140,2022,2020,202203,4909098,29,4701.5,5,1901974,1,13,27456,29,2,73,1,100,0,0,6,63,0,0,0,0,27456,0,"Columbus, OH","N/A (not applicable)"
"11893114",4710,18140,2022,2018,202203,4800381,17,8075.3,5,1901974,1,12,251348,13,2,52,1,100,0,0,10,101,19,1901,0,0,147302,68,"Columbus, OH","First-line supervisors of non-retail sales workers"
"8453624",1825,35620,2022,2018,202203,4168414,9,4224.1,2,19567410,1,13,163902,9,1,68,1,100,0,0,11,116,52,5200,0,0,152212,81,"New York-Newark-Jersey City, NY-NJ-PA","Other psychologists"
"8687278",2100,26420,2022,2021,202203,6145862,35,5701.8,3,5920416,1,13,101606,31,1,58,1,100,0,0,11,115,55,5501,0,0,86473,93,"Houston-The Woodlands-Sugar Land, TX","Lawyers, and judges, magistrates, and other judicial workers"
"15546092",9645,44140,2022,2022,202203,3117094,20,1180.4,5,621570,1,12,197000,23,2,21,1,100,0,0,6,61,0,0,0,0,0,44,"Springfield, MA","Stockers and order fillers"
"7901601",960,13460,2022,2021,202203,5188271,8,447.1,1,157733,1,13,213621,11,2,62,1,100,0,0,7,71,0,0,0,0,156765,68,"Bend-Redmond, OR","Other financial specialists"
"14649912",8140,19740,2022,2019,202203,1121043,11,2259.3,4,2543482,1,13,118266,12,1,44,1,100,1,100,6,63,0,0,0,0,63152,24,"Denver-Aurora-Lakewood, CO","Welding, soldering, and brazing workers"
"12042278",4720,40060,2022,2021,202203,6563219,14,4228.8,5,1208101,2,22,1621,14,1,23,2,200,0,0,7,71,0,0,0,0,1621,44,"Richmond, VA","Cashiers"
"4635500",0,40380,2022,2021,202203,4334776,12,6359.2,6,1079671,0,0,9999999,12,1,80,1,100,0,0,5,50,0,0,0,0,34470,0,"Rochester, NY","N/A (not applicable)"
"7237952",440,14740,2022,2018,202203,6646626,47,1366.5,1,251133,1,13,64298,48,1,38,1,100,0,0,5,50,0,0,0,0,64298,68,"Bremerton-Silverdale, WA","Other managers"
"9993072",3300,28940,2022,2018,202203,5688366,17,495.8,6,837571,1,13,109892,17,2,32,1,100,0,0,8,81,0,0,0,0,47931,48,"Knoxville, TN","Clinical laboratory technologists and technicians"
"14946963",9005,0,2022,2018,202203,1982951,33,181.1,0,185079,2,22,198740,34,2,58,6,630,0,0,6,63,0,0,0,0,87679,68,"Not in identifiable area","Supervisors of transportation and material moving workers"
"7225194",440,0,2022,2019,202203,5059843,6,156.5,0,66200,1,13,208976,5,2,40,3,306,0,0,10,101,55,5507,0,0,126304,68,"Not in identifiable area","Other managers"
"9052543",2310,17460,2022,2021,202203,4953909,13,746.1,1,2077240,1,13,513433,13,2,49,1,100,0,0,10,101,62,6200,0,0,6485,72,"Cleveland-Elyria, OH","Elementary and middle school teachers"
"5922695",0,37100,2022,2018,202203,430869,12,3747.1,1,823318,2,22,187050,15,2,79,1,100,0,0,6,63,0,0,0,0,102877,0,"Oxnard-Thousand Oaks-Ventura, CA","N/A (not applicable)"
"15231745",9142,14460,2022,2020,202203,3048383,19,3683.9,4,4552402,1,12,117053,11,1,65,1,100,0,0,6,63,0,0,0,0,13938,10,"Boston-Cambridge-Newton, MA-NH","Taxi drivers"
"14639762",8140,0,2022,2022,202203,6278299,18,63.9,0,200596,1,12,81000,18,1,71,1,100,0,0,6,63,0,0,0,0,81000,24,"Not in identifiable area","Welding, soldering, and brazing workers"
"14342405",7330,0,2022,2018,202203,277071,27,506.2,0,280467,1,13,75989,27,1,51,6,640,0,0,6,65,0,0,0,0,75989,27,"Not in identifiable area","Industrial and refractory machinery mechanics"
"7309555",440,16740,2022,2022,202203,4701316,17,1244.6,5,2217012,1,13,330000,18,1,54,1,100,0,0,10,101,62,6200,19,1902,130000,68,"Charlotte-Concord-Gastonia, NC-SC","Other managers"
"484032",0,33340,2022,2020,202203,6886916,9,5759.1,1,1555908,1,13,197166,5,1,15,2,200,0,0,3,30,0,0,0,0,0,0,"Milwaukee-Waukesha-West Allis, WI","N/A (not applicable)"
"2829655",0,0,2022,2021,202203,6930144,13,307.3,0,86260,1,13,351296,26,1,14,8,826,1,100,2,25,0,0,0,0,9999999,0,"Not in identifiable area","N/A (not applicable)"
"5538066",0,39340,2022,2019,202203,6377771,8,4033.8,3,526810,1,13,122170,9,2,49,1,100,0,0,7,71,0,0,0,0,0,0,"Provo-Orem, UT","N/A (not applicable)"
"574222",0,14860,2022,2022,202203,1273215,9,881.6,5,916829,1,13,1032000,11,1,11,1,100,0,0,2,22,0,0,0,0,9999999,0,"Bridgeport-Stamford-Norwalk, CT","N/A (not applicable)"
"421914",0,0,2022,2022,202203,2273188,13,175.2,0,39848,1,13,60290,18,1,70,1,100,0,0,7,71,0,0,0,0,6390,0,"Not in identifiable area","N/A (not applicable)"
"14471033",7700,19820,2022,2021,202203,3293594,12,4246.2,4,4296250,1,13,37832,12,2,27,1,100,0,0,6,65,0,0,0,0,37832,49,"Detroit-Warren-Dearborn, MI","First-line supervisors of production and operating workers"
"7434668",540,0,2022,2019,202203,6969489,22,708.5,0,70533,1,13,73486,22,1,30,1,100,0,0,10,101,49,4901,0,0,66597,66,"Not in identifiable area","Claims adjusters, appraisers, examiners, and investigators"
"4686021",0,12420,2022,2018,202203,5930257,7,375.5,4,1716289,1,12,1108269,8,2,4,1,100,0,0,1,11,0,0,0,0,9999999,0,"Austin-Round Rock, TX","N/A (not applicable)"
"10106601",3500,36420,2022,2019,202203,5055138,86,1063.4,5,1252987,2,22,79227,86,2,28,2,200,0,0,8,81,0,0,0,0,35595,22,"Oklahoma City, OK","Licensed practical and licensed vocational nurses"
"10800166",4020,0,2022,2018,202203,5870788,15,155.6,0,405603,1,12,90018,11,2,58,7,700,1,100,2,22,0,0,0,0,0,15,"Not in identifiable area","Cooks"
"2339436",0,0,2022,2019,202203,4575627,19,1977.1,0,504357,1,13,17223,15,2,56,2,200,0,0,5,50,0,0,0,0,0,0,"Not in identifiable area","N/A (not applicable)"
"2914968",0,24860,2022,2022,202203,5641782,15,1139.7,6,824112,1,13,5000,20,1,10,2,200,0,0,2,22,0,0,0,0,9999999,0,"Greenville-Anderson-Mauldin, SC","N/A (not applicable)"
"2712977",0,22660,2022,2020,202203,1151426,19,1698.8,1,299630,1,13,134051,15,1,8,1,100,0,0,1,14,0,0,0,0,9999999,0,"Fort Collins, CO","N/A (not applicable)"
"9368242",2545,41860,2022,2020,202203,676660,21,25284.5,1,4335391,2,22,166572,21,2,25,8,818,0,0,10,101,40,4006,0,0,1360,65,"San Francisco-Oakland-Hayward, CA","Teaching assistants"
"2007490",0,19100,2022,2019,202203,5982671,11,299.4,3,6426214,1,12,142838,13,1,5,1,100,4,498,1,11,0,0,0,0,9999999,0,"Dallas-Fort Worth-Arlington, TX","N/A (not applicable)"
"210765",0,0,2022,2021,202203,5433373,3,206.9,0,40055,1,13,51127,8,1,18,1,100,2,200,5,50,0,0,0,0,11133,0,"Not in identifiable area","N/A (not applicable)"
"8920350",2310,0,2022,2021,202203,5403805,22,553.5,0,93015,1,12,57937,22,2,69,1,100,0,0,11,114,52,5200,23,2300,55775,72,"Not in identifiable area","Elementary and middle school teachers"
"9127486",2320,38060,2022,2019,202203,167596,35,287.2,2,4192887,1,12,185093,35,2,74,1,100,0,0,11,114,23,2300,0,0,71189,72,"Phoenix-Mesa-Scottsdale, AZ","Secondary school teachers"
"8771852",2205,45300,2022,2020,202203,1546386,62,1311.9,1,2783243,1,13,109915,62,2,43,8,826,2,200,11,114,33,3301,0,0,0,84,"Tampa-St. Petersburg-Clearwater, FL","Postsecondary teachers"
"238541",0,13820,2022,2021,202203,72892,14,549.3,6,1128047,1,12,94904,14,1,89,1,100,0,0,7,71,0,0,0,0,49722,0,"Birmingham-Hoover, AL","N/A (not applicable)"
"5278678",0,36740,2022,2018,202203,1386945,19,1228.7,4,2134411,2,22,94460,21,1,3,1,100,0,0,0,2,0,0,0,0,9999999,0,"Orlando-Kissimmee-Sanford, FL","N/A (not applicable)"
"12450222",4850,41740,2022,2021,202203,910614,24,4393.3,1,3095313,1,13,725292,21,1,38,1,100,0,0,10,101,21,2102,0,0,54046,47,"San Diego-Carlsbad, CA","Sales representatives, wholesale and manufacturing"
"930747",0,0,2022,2018,202203,6789194,24,251.3,0,355172,1,13,16016,40,1,47,1,100,0,0,6,63,0,0,0,0,-1754,0,"Not in identifiable area","N/A (not applicable)"
"5330498",0,47260,2022,2019,202203,6486477,20,2065.9,5,1676822,1,12,44470,32,2,40,6,600,0,0,10,101,62,6201,0,0,0,0,"Virginia Beach-Norfolk-Newport News, VA-NC","N/A (not applicable)"
"6042301",0,37980,2022,2022,202203,5477098,8,1363.7,2,5965343,1,12,58500,8,2,69,1,100,0,0,6,63,0,0,0,0,13500,0,"Philadelphia-Camden-Wilmington, PA-NJ-DE-MD","N/A (not applicable)"
"8380939",1555,26900,2022,2020,202203,2393309,28,347.7,1,1887877,1,13,210991,37,1,50,1,100,0,0,7,71,0,0,0,0,55184,62,"Indianapolis-Carmel-Anderson, IN","Other engineering technologists and technicians, except drafters"
"2249289",0,12420,2022,2022,202203,6276620,26,1808.8,3,1716289,2,22,54600,26,1,73,8,826,1,100,6,63,0,0,0,0,25200,0,"Austin-Round Rock, TX","N/A (not applicable)"
"2582864",0,38060,2022,2021,202203,233951,29,5123.3,2,4192887,1,13,124305,26,1,9,1,100,0,0,1,16,0,0,0,0,9999999,0,"Phoenix-Mesa-Scottsdale, AZ","N/A (not applicable)"
"5455702",0,34940,2022,2021,202203,1621987,6,2664.6,1,321520,1,12,543320,5,2,12,1,100,0,0,2,23,0,0,0,0,9999999,0,"Naples-Immokalee-Marco Island, FL","N/A (not applicable)"
"6977859",300,35620,2022,2022,202203,4029159,11,1253.4,2,19567410,1,13,237200,10,1,45,6,610,0,0,11,114,25,2599,24,2412,237200,68,"New York-Newark-Jersey City, NY-NJ-PA","Architectural and engineering managers"
"8874062",2300,39340,2022,2021,202203,6397362,12,5181.9,3,526810,2,22,10809,12,2,27,1,100,0,0,11,114,61,6107,0,0,10809,72,"Provo-Orem, UT","Preschool and kindergarten teachers"
"9080802",2310,0,2022,2022,202203,2796912,21,181.6,0,90761,1,13,85820,20,2,72,1,100,0,0,11,115,23,2307,0,0,68700,72,"Not in identifiable area","Elementary and middle school teachers"
"12407426",4830,41740,2022,2018,202203,492788,15,11624.4,1,3095313,1,12,92823,14,2,69,1,100,0,0,8,81,0,0,0,0,58336,60,"San Diego-Carlsbad, CA","Travel agents"
"2562254",0,32900,2022,2021,202203,869503,11,1817,1,255793,1,13,116738,11,2,13,8,826,1,100,2,23,0,0,0,0,9999999,0,"Merced, CA","N/A (not applicable)"
"8882350",2300,0,2022,2019,202203,3505598,23,155.1,0,80198,2,22,40762,23,2,36,1,100,0,0,6,63,0,0,0,0,20668,72,"Not in identifiable area","Preschool and kindergarten teachers"
"9958636",3255,25540,2022,2021,202203,1259901,32,691.8,1,1212381,2,22,90797,31,2,49,1,100,0,0,10,101,61,6107,0,0,90797,46,"Hartford-West Hartford-East Hartford, CT","Registered nurses"
"10224839",3602,43900,2022,2021,202203,5617916,16,332.5,5,313268,1,13,68097,17,2,45,1,100,0,0,8,81,0,0,0,0,5405,13,"Spartanburg, SC","Personal care aides"
"11636251",4600,41940,2022,2020,202203,695942,17,3305.1,4,1836911,2,22,118980,31,2,27,1,100,0,0,10,101,54,5404,0,0,0,26,"San Jose-Sunnyvale-Santa Clara, CA","Childcare workers"
"10990168",4110,23060,2022,2018,202203,2328473,58,2832.4,6,416257,1,12,93408,52,2,22,1,100,1,100,7,71,0,0,0,0,9703,16,"Fort Wayne, IN","Waiters and waitresses"
"11778522",4700,0,2022,2018,202203,5917429,14,155.6,0,405603,1,13,80665,14,2,58,1,100,0,0,7,71,0,0,0,0,0,68,"Not in identifiable area","First-line supervisors of retail sales workers"
"5584241",0,34980,2022,2019,202203,5717128,56,188.7,5,270403,1,13,102191,46,1,10,1,100,0,0,1,16,0,0,0,0,9999999,0,"Nashville-Davidson--Murfreesboro--Franklin, TN","N/A (not applicable)"
"3722427",0,41940,2022,2018,202203,419893,12,4992.7,4,1836911,1,13,210431,12,2,80,1,100,0,0,11,114,55,5506,0,0,14029,0,"San Jose-Sunnyvale-Santa Clara, CA","N/A (not applicable)"
"6078600",0,35620,2022,2021,202203,3999606,8,14011.5,2,19567410,1,13,162137,6,1,6,1,100,0,0,1,11,0,0,0,0,9999999,0,"New York-Newark-Jersey City, NY-NJ-PA","N/A (not applicable)"
"6558628",51,26420,2022,2021,202203,6181511,9,11736.8,3,5920416,1,13,176729,10,1,48,1,100,0,0,11,114,62,6203,0,0,150787,72,"Houston-The Woodlands-Sugar Land, TX","Marketing managers"
"12762766",5120,31080,2022,2018,202203,391068,21,10725.6,1,12828837,1,12,343704,21,2,62,1,100,0,0,11,114,26,2601,0,0,116906,51,"Los Angeles-Long Beach-Anaheim, CA","Bookkeeping, accounting, and auditing clerks"
"7098236",410,41740,2022,2021,202203,916930,11,4393.3,1,3095313,2,22,103551,15,1,39,8,842,4,450,10,101,19,1903,0,0,0,32,"San Diego-Carlsbad, CA","Property, real estate, and community association managers"
"4094208",0,12580,2022,2021,202203,2943428,14,1467.3,3,2710489,1,13,210778,14,1,77,1,100,0,0,11,114,37,3700,0,0,124305,0,"Baltimore-Columbia-Towson, MD","N/A (not applicable)"
"4382083",0,31080,2022,2018,202203,353322,13,5605.6,1,12828837,0,0,9999999,13,1,18,6,600,0,0,6,63,0,0,0,0,0,0,"Los Angeles-Long Beach-Anaheim, CA","N/A (not applicable)"
"3198924",0,16700,2022,2020,202203,5589822,3,995.2,1,664607,1,13,66855,3,2,6,1,100,0,0,1,12,0,0,0,0,9999999,0,"Charleston-North Charleston, SC","N/A (not applicable)"
"14688191",8255,38900,2022,2022,202203,5207448,32,6763.7,4,2226009,1,13,193300,37,1,28,1,100,0,0,6,63,0,0,0,0,50000,49,"Portland-Vancouver-Hillsboro, OR-WA","Printing press operators"
"3813392",0,12220,2022,2020,202203,52436,13,531.5,1,140247,1,12,270594,11,1,6,1,100,0,0,1,12,0,0,0,0,9999999,0,"Auburn-Opelika, AL","N/A (not applicable)"
"13658164",6050,41500,2022,2018,202203,405759,22,551.1,6,773149,2,22,97032,26,1,21,7,700,1,100,6,63,0,0,0,0,29226,6,"Salinas, CA","Other agricultural workers"
"8660037",2060,0,2022,2021,202203,4065573,15,39,0,66697,0,0,9999999,15,1,39,1,100,0,0,7,71,0,0,0,0,216,56,"Not in identifiable area","Religious workers, all other"
"2796857",0,14460,2022,2018,202203,3007234,15,17403,4,4552402,2,22,37410,20,2,1,8,845,4,460,0,1,0,0,0,0,9999999,0,"Boston-Cambridge-Newton, MA-NH","N/A (not applicable)"
"15268312",9365,0,2022,2020,202203,2513830,15,198.2,0,53104,2,21,62935,15,2,21,1,100,0,0,5,50,0,0,0,0,181,19,"Not in identifiable area","Transportation service attendants"
"12690650",5100,17900,2022,2019,202203,5573616,13,130.9,1,767598,2,22,14123,13,2,41,2,200,0,0,7,71,0,0,0,0,7463,39,"Columbia, SC","Bill and account collectors"
"438759",0,0,2022,2022,202203,4440387,6,368.1,0,52942,1,12,24500,6,2,81,1,100,0,0,6,64,0,0,0,0,24500,0,"Not in identifiable area","N/A (not applicable)"
"5890036",0,38900,2022,2020,202203,5169572,16,219.6,5,2226009,1,12,80374,15,2,94,1,100,0,0,10,101,23,2304,0,0,80374,0,"Portland-Vancouver-Hillsboro, OR-WA","N/A (not applicable)"
"7045928",350,35620,2022,2021,202203,4399441,21,3928.7,2,19567410,1,13,237801,24,1,35,1,100,0,0,10,101,62,6203,0,0,81068,46,"New York-Newark-Jersey City, NY-NJ-PA","Medical and health services managers"
"14611929",8030,0,2022,2018,202203,6654343,33,362.4,0,71271,1,13,78327,33,1,28,1,100,0,0,6,63,0,0,0,0,78327,33,"Not in identifiable area","Machinists"
"763384",0,34940,2022,2021,202203,1662392,12,1727.7,1,321520,1,13,486951,12,1,76,1,100,0,0,11,114,62,6207,0,0,484248,0,"Naples-Immokalee-Marco Island, FL","N/A (not applicable)"
"4357522",0,31080,2022,2020,202203,730511,22,3950.9,1,12828837,1,12,390934,22,1,62,1,100,0,0,11,116,24,2406,0,0,11331,0,"Los Angeles-Long Beach-Anaheim, CA","N/A (not applicable)"
"1385074",0,0,2022,2018,202203,4516352,4,1977.1,0,504357,0,0,9999999,4,2,20,1,100,0,0,7,71,0,0,0,0,0,0,"Not in identifiable area","N/A (not applicable)"
"14485324",7750,14860,2022,2022,202203,1275731,17,4962.1,5,916829,1,13,332400,10,2,57,4,400,0,0,11,115,23,2309,0,0,45000,18,"Bridgeport-Stamford-Norwalk, CT","Other assemblers and fabricators"
"2447398",0,37980,2022,2020,202203,5348761,68,18396.9,2,5965343,1,13,266288,59,1,1,2,200,0,0,0,1,0,0,0,0,9999999,0,"Philadelphia-Camden-Wilmington, PA-NJ-DE-MD","N/A (not applicable)"
"3456178",0,41740,2022,2022,202203,998707,25,6255.5,1,3095313,2,22,43600,28,1,51,6,675,0,0,7,71,0,0,0,0,0,0,"San Diego-Carlsbad, CA","N/A (not applicable)"
"14035847",6410,38060,2022,2020,202203,196341,16,5648.5,2,4192887,1,13,81586,23,1,39,7,700,1,100,6,63,0,0,0,0,50991,16,"Phoenix-Mesa-Scottsdale, AZ","Painters and paperhangers"
"12892181",5240,41180,2022,2021,202203,3642209,19,2845.4,5,2787701,1,13,193699,5,2,32,8,802,0,0,6,63,0,0,0,0,36751,44,"St. Louis, MO-IL","Customer service representatives"
"6085070",0,19780,2022,2019,202203,2488212,28,1560.9,6,569633,1,12,18831,28,2,78,1,100,0,0,6,63,0,0,0,0,14927,0,"Des Moines-West Des Moines, IA","N/A (not applicable)"
"10876787",4040,28140,2022,2019,202203,3587641,30,1659.5,5,2009342,2,22,72338,25,2,32,1,100,0,0,10,101,60,6005,0,0,9186,19,"Kansas City, MO-KS","Bartenders"
"13630783",5940,16980,2022,2022,202203,2320213,15,12015.7,3,9461105,1,12,77000,16,2,59,2,200,0,0,6,65,0,0,0,0,70000,44,"Chicago-Naperville-Elgin, IL-IN-WI","Other office and administrative support workers"
"12108185",4720,29820,2022,2018,202203,3769132,12,3514.3,1,1951269,2,22,106501,13,2,52,6,600,0,0,10,101,55,5501,0,0,24667,44,"Las Vegas-Henderson-Paradise, NV","Cashiers"
"2885229",0,24660,2022,2021,202203,4653474,14,2518.5,5,723801,1,12,525323,9,2,17,8,826,0,0,5,50,0,0,0,0,0,0,"Greensboro-High Point, NC","N/A (not applicable)"
"6511839",20,49180,2022,2021,202203,4657469,10,597.5,6,640595,1,12,732642,9,1,79,1,100,0,0,10,101,55,5501,0,0,357025,68,"Winston-Salem, NC","General and operations managers"
"2403785",0,16700,2022,2020,202203,5596865,7,1030.2,1,664607,1,12,7819,6,2,73,2,200,0,0,6,63,0,0,0,0,7819,0,"Charleston-North Charleston, SC","N/A (not applicable)"
"1474850",0,0,2022,2020,202203,2915406,22,430.3,0,650441,2,22,156147,13,2,10,1,100,0,0,1,16,0,0,0,0,9999999,0,"Not in identifiable area","N/A (not applicable)"
"10024246",3323,12100,2022,2020,202203,3952841,7,2700.9,4,274549,1,12,25949,8,2,61,1,100,0,0,10,101,61,6105,0,0,13598,48,"Atlantic City-Hammonton, NJ","Radiologic technologists and technicians"
"1371505",0,0,2022,2019,202203,4243106,22,228,0,200098,1,12,45929,20,1,2,8,801,0,0,0,1,0,0,0,0,9999999,0,"Not in identifiable area","N/A (not applicable)"
"6963763",230,0,2022,2018,202203,5906689,5,48.7,0,40323,1,13,209262,5,2,47,1,100,0,0,11,116,23,2304,0,0,106384,72,"Not in identifiable area","Education and childcare administrators"
"13539141",5860,45300,2022,2022,202203,1736954,9,1330.4,1,2783243,1,12,44400,10,2,74,1,100,0,0,6,63,0,0,0,0,13200,44,"Tampa-St. Petersburg-Clearwater, FL","Office clerks, general"
"7557908",705,12580,2022,2020,202203,2915115,15,2321.2,3,2710489,1,12,200237,25,1,42,1,100,0,0,11,114,55,5506,64,6402,183127,68,"Baltimore-Columbia-Towson, MD","Project management specialists"
"6538140",20,12420,2022,2019,202203,5959168,8,2937.3,4,1716289,1,13,172233,8,1,28,1,100,0,0,10,101,62,6206,55,5507,91857,68,"Austin-Round Rock, TX","General and operations managers"
"7875375",910,39140,2022,2022,202203,256551,19,102.1,1,211033,1,12,53900,19,2,66,1,100,0,0,6,63,0,0,0,0,24000,68,"Prescott, AZ","Credit counselors and loan officers"
"5450003",0,39300,2022,2022,202203,3124951,30,4120,1,1600852,2,22,12000,30,2,52,1,100,0,0,4,40,0,0,0,0,12000,0,"Providence-Warwick, RI-MA","N/A (not applicable)"
"2820964",0,24140,2022,2022,202203,4725170,15,324.1,1,122578,2,22,32000,15,2,67,2,200,0,0,10,101,61,6107,0,0,32000,0,"Goldsboro, NC","N/A (not applicable)"
"1228773",0,0,2022,2019,202203,2640351,15,65.7,0,45507,1,13,71649,18,1,12,1,100,0,0,2,23,0,0,0,0,9999999,0,"Not in identifiable area","N/A (not applicable)"
"9265847",2360,35620,2022,2019,202203,4226905,32,107844.4,2,19567410,2,22,126304,24,1,47,1,100,0,0,11,114,36,3601,0,0,2296,52,"New York-Newark-Jersey City, NY-NJ-PA","Other teachers and instructors"
"15303350",9600,24860,2022,2018,202203,5559779,8,392.9,5,824112,1,12,170683,8,1,54,1,100,0,0,6,63,0,0,0,0,153147,18,"Greenville-Anderson-Mauldin, SC","Industrial truck and tractor operators"
"4168095",0,18580,2022,2019,202203,6007835,4,628.8,5,428185,1,13,109241,5,2,9,1,100,0,0,1,15,0,0,0,0,9999999,0,"Corpus Christi, TX","N/A (not applicable)"
"12583737",4940,0,2022,2019,202203,4181934,6,151.3,0,56590,1,13,91398,6,1,60,1,100,0,0,6,63,0,0,0,0,8726,47,"Not in identifiable area","Telemarketers"
"960678",0,0,2022,2021,202203,4675920,4,224.7,0,179649,1,12,93499,4,1,64,1,100,0,0,7,71,0,0,0,0,46912,0,"Not in identifiable area","N/A (not applicable)"
"10597234",3930,41500,2022,2021,202203,809312,13,6035.9,6,415057,1,13,166893,13,1,26,8,826,1,100,6,63,0,0,0,0,43236,8,"Salinas, CA","Security guards and gaming surveillance officers"
"3857062",0,41180,2022,2020,202203,3616625,20,1800,5,2787701,1,13,283285,26,2,0,1,100,0,0,0,1,0,0,0,0,9999999,0,"St. Louis, MO-IL","N/A (not applicable)"
"8230241",1350,37980,2022,2022,202203,5464698,18,2289,2,5965343,1,12,208700,18,1,49,1,100,0,0,10,101,24,2405,0,0,147200,90,"Philadelphia-Camden-Wilmington, PA-NJ-DE-MD","Chemical engineers"
"4641408",0,42140,2022,2018,202203,4046274,18,554.6,1,144170,1,12,42788,18,2,75,1,100,0,0,10,101,15,1501,0,0,42788,0,"Santa Fe, NM","N/A (not applicable)"
"2081174",0,0,2022,2022,202203,1952793,13,747.2,0,347611,1,12,218200,12,2,73,1,100,0,0,8,81,0,0,0,0,15800,0,"Not in identifiable area","N/A (not applicable)"
"2333084",0,0,2022,2018,202203,3145502,24,407.3,0,1266211,2,22,53777,23,1,79,1,100,0,0,6,64,0,0,0,0,37410,0,"Not in identifiable area","N/A (not applicable)"
"5298194",0,16980,2022,2020,202203,2188289,50,4693.8,2,9461105,2,22,132577,45,1,6,6,610,0,0,1,12,0,0,0,0,9999999,0,"Chicago-Naperville-Elgin, IL-IN-WI","N/A (not applicable)"
"4060601",0,41700,2022,2021,202203,6210608,43,6141.4,4,2142508,1,12,74907,34,1,3,9,925,1,100,0,2,0,0,0,0,9999999,0,"San Antonio-New Braunfels, TX","N/A (not applicable)"
"9165948",2320,17460,2022,2018,202203,4770562,17,6445.3,1,2077240,2,22,49101,17,2,30,1,100,0,0,11,114,36,3600,0,0,49101,72,"Cleveland-Elyria, OH","Secondary school teachers"
"7214661",440,12420,2022,2019,202203,5953616,11,4544.2,4,1716289,2,22,270405,10,1,60,1,100,1,100,10,101,19,1903,0,0,148809,68,"Austin-Round Rock, TX","Other managers"
"14998448",9122,12420,2022,2018,202203,5926157,8,419.4,4,1716289,2,22,85341,9,1,53,1,100,0,0,10,101,64,6402,40,4007,61960,24,"Austin-Round Rock, TX","Bus drivers, transit and intercity"
"3561216",0,27260,2022,2018,202203,1389424,16,802.8,3,1345596,1,13,80665,15,2,4,1,100,0,0,1,11,0,0,0,0,9999999,0,"Jacksonville, FL","N/A (not applicable)"
"584698",0,0,2022,2022,202203,5810504,16,103.1,0,137908,1,13,75000,16,1,17,1,100,0,0,4,40,0,0,0,0,0,0,"Not in identifiable area","N/A (not applicable)"
"763077",0,0,2022,2021,202203,4955206,10,117,0,33987,2,21,16970,11,2,80,1,100,0,0,8,81,0,0,0,0,15565,0,"Not in identifiable area","N/A (not applicable)"
"10304563",3603,26420,2022,2020,202203,6071900,122,4559.3,3,5920416,2,22,68895,117,2,33,2,200,0,0,6,63,0,0,0,0,31728,13,"Houston-The Woodlands-Sugar Land, TX","Nursing assistants"
"9246607",2360,0,2022,2019,202203,6382192,15,26,0,19776,2,22,24687,16,1,19,1,100,0,0,6,63,0,0,0,0,22964,52,"Not in identifiable area","Other teachers and instructors"
"5185440",0,40380,2022,2021,202203,4357260,6,249.5,6,1079671,1,12,102362,4,2,12,1,100,0,0,2,23,0,0,0,0,9999999,0,"Rochester, NY","N/A (not applicable)"
"6021306",0,44060,2022,2018,202203,6632646,12,3640.9,5,527753,2,22,66239,12,2,69,1,100,0,0,6,61,0,0,0,0,39397,0,"Spokane-Spokane Valley, WA","N/A (not applicable)"
"6407948",10,0,2022,2020,202203,5074248,10,2377.9,0,937478,1,12,821527,17,1,64,1,100,0,0,10,101,62,6203,0,0,786400,68,"Not in identifiable area","Chief executives and legislators"
"7268717",440,0,2022,2022,202203,2544262,2,88.3,0,16801,2,22,92500,2,1,36,8,802,0,0,7,71,0,0,0,0,42500,68,"Not in identifiable area","Other managers"
"7808023",800,19100,2022,2021,202203,6211829,9,357.4,3,6426214,1,13,140519,12,1,47,2,200,0,0,11,114,52,5200,33,3301,75664,78,"Dallas-Fort Worth-Arlington, TX","Accountants and auditors"
"4789506",0,37980,2022,2022,202203,4022053,48,2903.9,2,5965343,1,13,150140,50,2,12,7,700,0,0,2,25,0,0,0,0,9999999,0,"Philadelphia-Camden-Wilmington, PA-NJ-DE-MD","N/A (not applicable)"
"1913700",0,11460,2022,2019,202203,3217827,10,2238.5,1,344791,1,13,163047,10,1,4,1,100,0,0,0,2,0,0,0,0,9999999,0,"Ann Arbor, MI","N/A (not applicable)"
"8209723",1305,41740,2022,2022,202203,1007593,13,13340.9,1,3095313,1,12,1444000,11,1,65,7,700,4,426,11,114,14,1401,0,0,722000,90,"San Diego-Carlsbad, CA","Architects, except landscape and naval"
"120835",0,32820,2022,2018,202203,3495246,29,706.4,6,1324829,1,13,90018,29,1,93,1,100,0,0,10,101,19,1902,0,0,36241,0,"Memphis, TN-MS-AR","N/A (not applicable)"
"4355760",0,41860,2022,2022,202203,1024328,13,6582.9,1,4335391,1,13,878000,12,2,11,6,610,0,0,2,22,0,0,0,0,9999999,0,"San Francisco-Oakland-Hayward, CA","N/A (not applicable)"
"13694810",6050,0,2022,2019,202203,6024425,3,57.2,0,200596,1,12,132504,4,1,25,1,100,0,0,6,63,0,0,0,0,43632,6,"Not in identifiable area","Other agricultural workers"
"4637648",0,31080,2022,2021,202203,820368,18,23049.8,1,12828837,2,22,35670,22,2,55,7,700,1,100,0,2,0,0,0,0,0,0,"Los Angeles-Long Beach-Anaheim, CA","N/A (not applicable)"
"8496049",1980,0,2022,2018,202203,2345574,13,490.5,0,55254,2,22,80665,13,2,50,1,100,0,0,6,65,0,0,0,0,46762,48,"Not in identifiable area","Occupational health and safety specialists and technicians"
"3742608",0,35620,2022,2022,202203,4472017,18,68958.4,2,19567410,2,22,42000,27,1,2,7,700,1,100,0,1,0,0,0,0,9999999,0,"New York-Newark-Jersey City, NY-NJ-PA","N/A (not applicable)"
"2656076",0,22180,2022,2019,202203,4585068,11,2070,6,366383,1,13,129978,9,2,17,1,100,0,0,4,40,0,0,0,0,0,0,"Fayetteville, NC","N/A (not applicable)"
"8860586",2205,34940,2022,2022,202203,1762940,15,518.1,1,321520,1,13,134000,15,2,63,1,100,0,0,6,65,0,0,0,0,59000,84,"Naples-Immokalee-Marco Island, FL","Postsecondary teachers"
"13916016",6260,0,2022,2018,202203,6446877,19,119.1,0,80334,1,12,116789,16,1,52,1,100,0,0,6,63,0,0,0,0,44424,8,"Not in identifiable area","Construction laborers"
"9433216",2634,0,2022,2022,202203,3113107,3,207.7,0,167912,1,13,119780,3,2,35,1,100,0,0,10,101,60,6000,0,0,20700,73,"Not in identifiable area","Graphic designers"
"15705674",9920,16980,2022,2022,202203,2264925,2,33134.8,3,9461105,0,0,9999999,2,1,21,1,100,0,0,7,71,0,0,0,0,0,0,"Chicago-Naperville-Elgin, IL-IN-WI","Unemployed, with no work experience in the last 5 years or earlier or never worked"
"1160303",0,40220,2022,2022,202203,6604983,13,2411.6,5,308707,1,13,232500,13,2,40,1,100,0,0,7,71,0,0,0,0,16100,0,"Roanoke, VA","N/A (not applicable)"
"1224185",0,16980,2022,2020,202203,2179336,8,2112.7,2,9461105,1,13,101983,8,2,1,1,100,0,0,0,1,0,0,0,0,9999999,0,"Chicago-Naperville-Elgin, IL-IN-WI","N/A (not applicable)"
"13679709",6050,0,2022,2021,202203,5097450,21,87.1,0,54277,1,13,623686,9,1,17,8,802,0,0,4,40,0,0,0,0,27023,6,"Not in identifiable area","Other agricultural workers"
"9219746",2350,41740,2022,2022,202203,1026770,30,6814,1,3095313,1,12,58700,34,1,19,7,700,1,100,7,71,0,0,0,0,1500,52,"San Diego-Carlsbad, CA","Tutors"
"3858252",0,17300,2022,2022,202203,5812158,38,500.8,5,260625,1,13,50000,36,2,46,8,826,4,498,10,101,62,6201,0,0,0,0,"Clarksville, TN-KY","N/A (not applicable)"
"1070938",0,0,2022,2019,202203,1855031,9,559.1,0,347611,1,12,238944,9,1,75,1,100,0,0,11,114,62,6203,0,0,139623,0,"Not in identifiable area","N/A (not applicable)"
"9718074",3150,40060,2022,2022,202203,6600158,15,205,5,1193821,1,13,158000,15,1,33,2,200,0,0,11,114,52,5200,0,0,89000,58,"Richmond, VA","Occupational therapists"
"13683310",6050,23580,2022,2020,202203,1859150,1,636.9,1,179684,0,0,9999999,1,1,19,1,100,0,0,4,40,0,0,0,0,0,6,"Gainesville, GA","Other agricultural workers"
"2260801",0,12420,2022,2022,202203,6338315,11,2414.5,3,1716289,1,13,196000,4,2,45,3,399,0,0,6,64,0,0,0,0,0,0,"Austin-Round Rock, TX","N/A (not applicable)"
"6871657",220,0,2022,2021,202203,3294735,28,183,0,53882,1,13,157813,26,1,41,1,100,0,0,3,30,0,0,0,0,126467,68,"Not in identifiable area","Construction managers"
"13701395",6050,34620,2022,2019,202203,2370110,12,887,1,117671,1,13,94728,14,1,56,1,100,0,0,6,65,0,0,0,0,37317,6,"Muncie, IN","Other agricultural workers"
"5645405",0,41740,2022,2018,202203,369968,13,11624.4,1,3095313,2,22,53426,18,1,13,2,200,1,100,2,25,0,0,0,0,9999999,0,"San Diego-Carlsbad, CA","N/A (not applicable)"
"9553659",2840,16980,2022,2021,202203,2220685,11,3291.3,2,9461105,1,13,205373,12,2,68,1,100,0,0,10,101,26,2602,0,0,129709,31,"Chicago-Naperville-Elgin, IL-IN-WI","Technical writers"
"6394734",0,43340,2022,2020,202203,2767717,2,361.8,5,439811,1,12,15977,3,2,71,1,100,0,0,6,63,0,0,0,0,15977,0,"Shreveport-Bossier City, LA","N/A (not applicable)"
"12635268",5000,27500,2022,2018,202203,6849859,23,746.1,1,160331,1,13,84172,22,1,47,1,100,0,0,7,71,0,0,0,0,37410,68,"Janesville-Beloit, WI","First-line supervisors of office and administrative support workers"
"14613196",8030,0,2022,2021,202203,2216305,11,106,0,50635,2,22,279956,11,1,41,1,100,0,0,8,81,0,0,0,0,182674,33,"Not in identifiable area","Machinists"
"1687096",0,0,2022,2022,202203,5013693,23,426.6,0,68927,1,12,208000,25,2,10,1,100,0,0,1,16,0,0,0,0,9999999,0,"Not in identifiable area","N/A (not applicable)"
"9133663",2320,26420,2022,2022,202203,6323521,9,686.1,3,5920416,1,12,73000,9,2,37,1,100,0,0,10,101,62,6206,60,6004,57000,72,"Houston-The Woodlands-Sugar Land, TX","Secondary school teachers"
"14442589",7700,19660,2022,2020,202203,1561870,5,1542.3,1,590289,1,13,84986,5,1,27,1,100,0,0,6,63,0,0,0,0,57790,49,"Deltona-Daytona Beach-Ormond Beach, FL","First-line supervisors of production and operating workers"
"315808",0,22660,2022,2019,202203,1110035,32,842,1,299630,1,12,45125,32,2,74,1,100,0,0,6,63,0,0,0,0,11482,0,"Fort Collins, CO","N/A (not applicable)"
"5181492",0,19100,2022,2019,202203,6000204,11,3053,3,6426214,2,22,0,11,2,41,8,824,0,0,6,63,0,0,0,0,0,0,"Dallas-Fort Worth-Arlington, TX","N/A (not applicable)"
"4621500",0,41180,2022,2018,202203,3576973,26,1800,5,2787701,1,13,93525,30,2,3,1,100,0,0,0,2,0,0,0,0,9999999,0,"St. Louis, MO-IL","N/A (not applicable)"
"12712577",5110,26420,2022,2020,202203,6071963,18,2215.2,3,5920416,1,13,86459,18,2,43,1,100,0,0,7,71,0,0,0,0,26402,44,"Houston-The Woodlands-Sugar Land, TX","Billing and posting clerks"
"1201076",0,27620,2022,2020,202203,3627326,20,186.6,1,149807,1,12,65722,19,2,9,1,100,0,0,1,16,0,0,0,0,9999999,0,"Jefferson City, MO","N/A (not applicable)"
"3116308",0,15980,2022,2021,202203,1598418,12,1767.4,1,618754,1,13,63233,12,2,83,1,100,0,0,6,64,0,0,0,0,38589,0,"Cape Coral-Fort Myers, FL","N/A (not applicable)"
"14355846",7340,26620,2022,2019,202203,32159,20,1568.7,5,417593,1,13,71878,19,1,68,1,100,0,0,6,64,0,0,0,0,34906,27,"Huntsville, AL","Maintenance and repair workers, general"
"9406192",2600,42660,2022,2020,202203,6702588,16,13284.6,1,3439809,2,22,86119,16,2,30,8,811,0,0,10,101,60,6099,0,0,86119,67,"Seattle-Tacoma-Bellevue, WA","Artists and related workers"
"2000217",0,0,2022,2021,202203,6222315,26,88.6,0,108229,1,13,35389,5,2,16,8,815,0,0,5,50,0,0,0,0,0,0,"Not in identifiable area","N/A (not applicable)"
"14789688",8740,14460,2022,2022,202203,3133692,13,1011.3,3,4552402,1,12,50000,13,1,61,1,100,0,0,6,63,0,0,0,0,50000,18,"Boston-Cambridge-Newton, MA-NH","Inspectors, testers, sorters, samplers, and weighers"
"1180664",0,0,2022,2018,202203,2618680,16,180.1,0,47230,1,12,87796,16,1,70,1,100,0,0,6,63,0,0,0,0,34253,0,"Not in identifiable area","N/A (not applicable)"
"6827167",205,0,2022,2018,202203,2082246,23,133.4,0,83584,1,12,286420,18,1,43,1,100,0,0,6,63,0,0,0,0,23381,14,"Not in identifiable area","Farmers, ranchers, and other agricultural managers"
"14435959",7700,40060,2022,2020,202203,6538952,3,442.7,5,631390,1,13,124645,4,1,37,1,100,0,0,6,64,0,0,0,0,67988,49,"Richmond, VA","First-line supervisors of production and operating workers"
"539470",0,0,2022,2021,202203,2689321,53,2627.4,0,472099,1,13,94039,50,2,10,6,643,0,0,1,16,0,0,0,0,9999999,0,"Not in identifiable area","N/A (not applicable)"
"12876592",5240,0,2022,2022,202203,3333251,7,216.3,0,50766,1,13,138000,7,2,27,1,100,0,0,10,101,62,6203,0,0,78000,44,"Not in identifiable area","Customer service representatives"
"7427027",530,14460,2022,2019,202203,3013666,15,2195.3,4,4552402,1,13,50522,14,1,64,1,100,0,0,10,101,19,1903,0,0,45699,77,"Boston-Cambridge-Newton, MA-NH","Purchasing agents, except wholesale, retail, and farm products"
"15236559",9142,42100,2022,2020,202203,754922,17,4615.4,1,262382,2,22,23569,20,1,51,6,600,0,0,6,64,0,0,0,0,-6346,10,"Santa Cruz-Watsonville, CA","Taxi drivers"
"11892508",4710,16700,2022,2022,202203,5635790,1,2008.3,1,664607,1,12,43800,1,1,66,8,812,0,0,8,81,0,0,0,0,20800,68,"Charleston-North Charleston, SC","First-line supervisors of non-retail sales workers"
"6255996",0,38300,2022,2022,202203,5507652,100,1961.6,5,2356285,1,12,14500,100,2,95,1,100,0,0,4,40,0,0,0,0,14500,0,"Pittsburgh, PA","N/A (not applicable)"
"3086957",0,25860,2022,2021,202203,4650070,9,236.6,6,182684,0,0,9999999,9,1,74,1,100,0,0,0,2,0,0,0,0,0,0,"Hickory-Lenoir-Morganton, NC","N/A (not applicable)"
"7229533",440,37980,2022,2020,202203,5348684,13,2603.2,2,5965343,1,13,567137,13,1,49,1,100,0,0,11,114,55,5501,0,0,567137,68,"Philadelphia-Camden-Wilmington, PA-NJ-DE-MD","Other managers"
"2845868",0,16980,2022,2019,202203,2102841,6,7236.9,2,9461105,0,0,9999999,6,1,23,5,500,0,0,11,114,62,6200,0,0,0,0,"Chicago-Naperville-Elgin, IL-IN-WI","N/A (not applicable)"
"13012560",5260,36260,2022,2021,202203,6403933,43,2449,5,597159,1,13,272822,57,2,22,1,100,0,0,7,71,0,0,0,0,44966,44,"Ogden-Clearfield, UT","File clerks"
"6394802",0,49340,2022,2022,202203,3112633,11,745.2,4,916980,1,13,100200,11,1,76,1,100,0,0,11,114,55,5501,0,0,91900,0,"Worcester, MA-CT","N/A (not applicable)"
"4016601",0,29820,2022,2019,202203,3779556,9,5298,1,1951269,1,12,91857,8,1,11,1,100,0,0,2,22,0,0,0,0,9999999,0,"Las Vegas-Henderson-Paradise, NV","N/A (not applicable)"
"15480358",9620,12060,2022,2021,202203,1918168,11,1835,4,5286728,2,22,23672,8,2,49,2,200,0,0,7,71,0,0,0,0,12863,8,"Atlanta-Sandy Springs-Roswell, GA","Laborers and freight, stock, and material movers, hand"
"13901712",6260,0,2022,2021,202203,5758033,1,163.8,0,78433,0,0,9999999,1,1,22,1,100,0,0,7,71,0,0,0,0,5405,8,"Not in identifiable area","Construction laborers"
"7949930",1010,15940,2022,2021,202203,4932098,70,964.4,1,404422,1,12,249691,69,2,41,1,100,0,0,11,114,62,6207,0,0,119981,65,"Canton-Massillon, OH","Computer programmers"
"12906188",5240,0,2022,2019,202203,3410410,37,431.9,0,74026,1,12,203234,36,1,64,1,100,0,0,6,65,0,0,0,0,76931,44,"Not in identifiable area","Customer service representatives"
"8087560",1050,14860,2022,2021,202203,1256846,14,1433.9,1,916829,1,13,63125,12,1,43,1,100,0,0,6,65,0,0,0,0,60531,65,"Bridgeport-Stamford-Norwalk, CT","Computer support specialists"
"1370368",0,0,2022,2020,202203,5602315,4,121.4,0,43727,1,13,56997,3,2,72,2,200,0,0,10,101,23,2304,0,0,26402,0,"Not in identifiable area","N/A (not applicable)"
"8546052",2006,0,2022,2020,202203,3252311,13,66.4,0,44972,1,13,84986,13,1,36,1,100,0,0,11,115,52,5200,0,0,84986,65,"Not in identifiable area","Counselors, all other"
"1810300",0,0,2022,2020,202203,3268499,4,54.9,0,18864,1,13,113314,4,2,54,1,100,0,0,7,71,0,0,0,0,0,0,"Not in identifiable area","N/A (not applicable)"
"6003318",0,33100,2022,2019,202203,1458596,54,6246.3,2,5564635,2,22,34447,63,2,6,2,200,0,0,1,11,0,0,0,0,9999999,0,"Miami-Fort Lauderdale-West Palm Beach, FL","N/A (not applicable)"
"12981746",5240,36740,2022,2019,202203,1474924,7,2520.8,4,2134411,2,22,79227,7,2,71,1,100,0,0,6,63,0,0,0,0,11482,44,"Orlando-Kissimmee-Sanford, FL","Customer service representatives"
"9328645",2545,35300,2022,2021,202203,1258297,25,8285.9,1,862477,2,22,26158,24,2,62,2,200,0,0,6,65,0,0,0,0,26158,65,"New Haven-Milford, CT","Teaching assistants"
"10492759",3802,0,2022,2020,202203,4912873,13,194.7,0,51616,1,13,33994,14,2,46,8,826,2,200,7,71,0,0,0,0,5666,34,"Not in identifiable area","Correctional officers and jailers"
"14422599",7640,0,2022,2021,202203,4371161,2,88.4,0,56477,1,13,98579,2,1,69,1,100,0,0,8,81,0,0,0,0,55559,27,"Not in identifiable area","Other installation, maintenance, and repair workers"
"5254010",0,19100,2022,2021,202203,6149946,24,3479.5,3,6426214,2,22,58261,23,1,2,8,826,1,100,0,1,0,0,0,0,9999999,0,"Dallas-Fort Worth-Arlington, TX","N/A (not applicable)"
"2150087",0,0,2022,2018,202203,5225516,15,72.5,0,47187,1,12,57635,14,2,51,1,100,0,0,8,81,0,0,0,0,9002,0,"Not in identifiable area","N/A (not applicable)"
"1337638",0,16980,2022,2018,202203,2087385,11,705,2,9461105,1,13,98435,12,2,71,1,100,0,0,6,63,0,0,0,0,9820,0,"Chicago-Naperville-Elgin, IL-IN-WI","N/A (not applicable)"
"3422622",0,16980,2022,2021,202203,2241415,25,6446.5,2,9461105,1,13,153489,24,2,17,1,100,0,0,5,50,0,0,0,0,0,0,"Chicago-Naperville-Elgin, IL-IN-WI","N/A (not applicable)"
"10436913",3655,40900,2022,2019,202203,514785,12,6565.3,1,2149127,1,13,119874,12,2,70,1,100,0,0,8,81,0,0,0,0,64759,38,"Sacramento--Roseville--Arden-Arcade, CA","Other healthcare support workers"
"2371752",0,0,2022,2020,202203,5082240,2,45.9,0,50022,1,12,30142,1,2,88,1,100,0,0,6,63,0,0,0,0,10198,0,"Not in identifiable area","N/A (not applicable)"
"7529552",650,38060,2022,2019,202203,158626,7,5216.5,2,4192887,1,13,134456,10,2,31,1,100,0,0,10,101,19,1901,0,0,40762,84,"Phoenix-Mesa-Scottsdale, AZ","Training and development specialists"
"10463050",3740,35620,2022,2021,202203,3983299,21,13903.3,2,19567410,1,13,164839,19,1,35,6,600,0,0,10,101,55,5506,0,0,48641,37,"New York-Newark-Jersey City, NY-NJ-PA","Firefighters"
"12090599",4720,41620,2022,2022,202203,6417080,35,4935.6,4,1087873,1,13,159600,28,2,18,8,826,1,100,5,50,0,0,0,0,4800,44,"Salt Lake City, UT","Cashiers"
"10603413",3930,31080,2022,2018,202203,410114,85,7436.1,1,12828837,2,22,73183,80,1,20,1,100,0,0,7,71,0,0,0,0,30396,8,"Los Angeles-Long Beach-Anaheim, CA","Security guards and gaming surveillance officers"
"5106501",0,31080,2022,2019,202203,559338,26,19310.3,1,12828837,2,22,93809,30,1,13,7,700,1,100,2,25,0,0,0,0,9999999,0,"Los Angeles-Long Beach-Anaheim, CA","N/A (not applicable)"
"5764889",0,42540,2022,2022,202203,5489061,17,1167.3,6,563631,1,13,123000,14,1,8,1,100,0,0,1,15,0,0,0,0,9999999,0,"Scranton--Wilkes-Barre--Hazleton, PA","N/A (not applicable)"
"4587669",0,38900,2022,2020,202203,5162767,15,3394.2,5,2226009,1,13,220962,15,2,41,6,660,0,0,6,63,0,0,0,0,0,0,"Portland-Vancouver-Hillsboro, OR-WA","N/A (not applicable)"
"2127656",0,12060,2022,2022,202203,1974782,18,7451.5,4,5286728,1,13,548000,19,1,3,1,100,0,0,0,2,0,0,0,0,9999999,0,"Atlanta-Sandy Springs-Roswell, GA","N/A (not applicable)"
"10680534",4010,35620,2022,2019,202203,4236783,46,122270.7,2,19567410,1,12,189111,47,1,71,1,100,0,0,6,63,0,0,0,0,128715,68,"New York-Newark-Jersey City, NY-NJ-PA","First-line supervisors of food preparation and serving workers"
"807048",0,0,2022,2019,202203,5710509,12,74,0,67179,1,12,51670,13,2,54,1,100,0,0,2,26,0,0,0,0,0,0,"Not in identifiable area","N/A (not applicable)"
"592183",0,33460,2022,2022,202203,3479290,21,158.9,4,3348859,1,12,30000,17,1,13,1,100,0,0,2,25,0,0,0,0,9999999,0,"Minneapolis-St. Paul-Bloomington, MN-WI","N/A (not applicable)"
"4488334",0,31080,2022,2020,202203,713610,9,4378.3,1,12828837,1,13,54391,10,2,34,1,100,4,498,6,65,0,0,0,0,0,0,"Los Angeles-Long Beach-Anaheim, CA","N/A (not applicable)"
"7013165",310,16740,2022,2019,202203,4566261,8,1409.1,6,2217012,1,13,84968,8,1,39,2,200,0,0,10,101,62,6203,0,0,84968,68,"Charlotte-Concord-Gastonia, NC-SC","Food service managers"
"9506716",2723,0,2022,2022,202203,6587418,8,643.7,0,200944,1,13,82600,15,1,71,1,100,0,0,10,101,50,5003,0,0,52600,64,"Not in identifiable area","Umpires, referees, and other sports officials"
"11730534",4700,31080,2022,2022,202203,1063560,10,7730.5,1,12828837,2,22,239400,11,1,27,1,100,0,0,10,101,24,2406,0,0,42900,68,"Los Angeles-Long Beach-Anaheim, CA","First-line supervisors of retail sales workers"
"1804756",0,31080,2022,2018,202203,397634,12,24417.9,1,12828837,2,22,0,12,1,35,4,400,0,0,11,114,24,2414,0,0,0,0,"Los Angeles-Long Beach-Anaheim, CA","N/A (not applicable)"
"9719090",3150,12620,2022,2020,202203,2829341,31,204.5,1,153923,1,13,166572,31,2,40,1,100,0,0,11,114,13,1301,52,5200,92918,58,"Bangor, ME","Occupational therapists"
"5937664",0,42020,2022,2020,202203,701576,4,345.7,1,269637,1,12,157620,4,2,79,1,100,0,0,8,81,0,0,0,0,157620,0,"San Luis Obispo-Paso Robles-Arroyo Grande, CA","N/A (not applicable)"
"2431677",0,31340,2022,2021,202203,6559255,4,707.7,1,252634,2,22,65936,2,1,15,1,100,0,0,4,40,0,0,0,0,0,0,"Lynchburg, VA","N/A (not applicable)"
"8426171",1760,16980,2022,2021,202203,2213323,14,28079.8,2,9461105,1,13,307195,14,1,30,1,100,0,0,11,114,36,3601,36,3606,70259,80,"Chicago-Naperville-Elgin, IL-IN-WI","Physical scientists, all other"
"4667708",0,37980,2022,2018,202203,5219851,24,1406.7,2,5965343,1,13,317517,29,2,10,1,100,0,0,1,17,0,0,0,0,9999999,0,"Philadelphia-Camden-Wilmington, PA-NJ-DE-MD","N/A (not applicable)"
"1617681",0,0,2022,2020,202203,1864516,1,1079.4,0,232293,2,22,18244,4,2,50,8,802,0,0,6,63,0,0,0,0,0,0,"Not in identifiable area","N/A (not applicable)"
"8438669",1760,31700,2022,2018,202203,3831779,20,1973.8,6,400721,2,22,81834,20,1,31,1,100,0,0,11,114,24,2499,0,0,81834,80,"Manchester-Nashua, NH","Physical scientists, all other"
"4497805",0,24660,2022,2019,202203,4584839,13,385.4,5,723801,1,12,183715,10,2,78,2,200,0,0,6,63,0,0,0,0,38925,0,"Greensboro-High Point, NC","N/A (not applicable)"
"12340583",4760,10580,2022,2022,202203,4430931,9,1247.4,4,870716,0,0,9999999,9,2,19,1,100,0,0,6,63,0,0,0,0,14100,47,"Albany-Schenectady-Troy, NY","Retail salespersons"
"10635700",4000,29820,2022,2020,202203,3799571,23,4648.9,1,1951269,2,22,102209,24,1,41,6,699,0,0,6,63,0,0,0,0,32408,15,"Las Vegas-Henderson-Paradise, NV","Chefs and head cooks"
"4375648",0,33100,2022,2021,202203,1638360,32,3507.3,2,5564635,1,13,52424,27,1,5,8,826,2,200,1,11,0,0,0,0,9999999,0,"Miami-Fort Lauderdale-West Palm Beach, FL","N/A (not applicable)"
"14242738",7200,0,2022,2020,202203,2830364,6,81.8,0,42501,1,13,109235,7,1,19,1,100,0,0,6,63,0,0,0,0,26062,19,"Not in identifiable area","Automotive service technicians and mechanics"
"4251789",0,19100,2022,2021,202203,6223233,11,8080.7,3,6426214,2,22,25401,10,2,64,8,826,1,100,2,25,0,0,0,0,0,0,"Dallas-Fort Worth-Arlington, TX","N/A (not applicable)"
"3811387",0,29180,2022,2022,202203,2803325,12,183.2,1,466738,1,13,49700,11,2,34,1,100,0,0,7,71,0,0,0,0,0,0,"Lafayette, LA","N/A (not applicable)"
"7234603",440,15380,2022,2019,202203,4254245,10,3137.2,1,1135509,1,13,47077,10,2,30,1,100,0,0,10,101,36,3600,0,0,47077,68,"Buffalo-Cheektowaga-Niagara Falls, NY","Other managers"
"8079691",1050,0,2022,2022,202203,1932029,12,53.8,0,32605,0,0,9999999,12,2,20,2,200,0,0,7,71,0,0,0,0,7700,65,"Not in identifiable area","Computer support specialists"
"5084513",0,38060,2022,2018,202203,148243,20,3159.2,2,4192887,1,12,69208,20,2,86,1,100,0,0,7,71,0,0,0,0,69208,0,"Phoenix-Mesa-Scottsdale, AZ","N/A (not applicable)"
"3923652",0,17460,2022,2020,202203,4916099,32,2427.7,1,2077240,2,22,69575,22,2,71,1,100,0,0,6,63,0,0,0,0,31388,0,"Cleveland-Elyria, OH","N/A (not applicable)"
"7427325",530,38060,2022,2018,202203,151311,10,2153.8,2,4192887,1,13,67805,12,2,60,1,100,1,100,6,63,0,0,0,0,16250,77,"Phoenix-Mesa-Scottsdale, AZ","Purchasing agents, except wholesale, retail, and farm products"
"1977575",0,0,2022,2020,202203,3709641,33,104.4,0,32907,1,13,27195,33,1,66,1,100,0,0,8,81,0,0,0,0,27195,0,"Not in identifiable area","N/A (not applicable)"
"11218417",4220,31080,2022,2020,202203,673000,18,13809,1,12828837,2,22,75694,18,1,54,7,700,4,416,2,25,0,0,0,0,28442,9,"Los Angeles-Long Beach-Anaheim, CA","Janitors and building cleaners"
"15338184",9620,27260,2022,2021,202203,1587504,11,160.5,3,1345596,1,12,52208,10,1,49,8,802,0,0,6,64,0,0,0,0,0,8,"Jacksonville, FL","Laborers and freight, stock, and material movers, hand"
"13690875",6050,37100,2022,2019,202203,636271,30,9858.1,1,823318,2,22,27557,31,1,30,3,360,1,100,2,23,0,0,0,0,27557,6,"Oxnard-Thousand Oaks-Ventura, CA","Other agricultural workers"
"9093937",2310,0,2022,2018,202203,4795234,8,165.3,0,39753,1,13,81834,13,1,35,1,100,0,0,11,114,23,2300,0,0,58453,72,"Not in identifiable area","Elementary and middle school teachers"
"12619946",5000,19740,2022,2018,202203,1100765,13,4498.9,4,2543482,1,12,94098,15,1,54,1,100,0,0,10,101,62,6203,0,0,54946,68,"Denver-Aurora-Lakewood, CO","First-line supervisors of office and administrative support workers"
"1288",0,31140,2022,2018,202203,2629682,17,2088.5,3,1235708,1,13,371293,17,2,61,1,100,0,0,10,101,23,2300,0,0,371293,0,"Louisville/Jefferson County, KY-IN","N/A (not applicable)"
"9205093",2330,35620,2022,2019,202203,4227161,15,626.3,2,19567410,1,13,115970,15,2,63,1,100,0,0,11,114,23,2310,61,6109,112525,52,"New York-Newark-Jersey City, NY-NJ-PA","Special education teachers"
"33026",0,0,2022,2018,202203,16281,14,88.5,0,44421,1,13,79496,12,2,0,1,100,0,0,0,1,0,0,0,0,9999999,0,"Not in identifiable area","N/A (not applicable)"
"1583545",0,0,2022,2021,202203,4931056,3,275.7,0,132175,1,13,82149,4,1,12,1,100,0,0,2,22,0,0,0,0,9999999,0,"Not in identifiable area","N/A (not applicable)"
"10254750",3602,41860,2022,2020,202203,712597,8,6396.6,1,4335391,1,13,117280,10,2,55,6,600,0,0,10,101,61,6107,0,0,32974,13,"San Francisco-Oakland-Hayward, CA","Personal care aides"
"759468",0,0,2022,2019,202203,3514182,12,81.2,0,88467,1,13,452398,13,2,32,6,663,0,0,7,71,0,0,0,0,0,0,"Not in identifiable area","N/A (not applicable)"
"1155326",0,16980,2022,2019,202203,2358553,12,876.7,2,9461105,1,13,196403,11,2,13,1,100,0,0,2,25,0,0,0,0,9999999,0,"Chicago-Naperville-Elgin, IL-IN-WI","N/A (not applicable)"
"11009618",4110,14460,2022,2022,202203,3114172,14,11506.9,3,4552402,1,13,307760,16,1,23,4,400,0,0,6,63,0,0,0,0,23500,16,"Boston-Cambridge-Newton, MA-NH","Waiters and waitresses"
"8260966",1410,47900,2022,2019,202203,2895255,12,1981.7,5,5636232,1,12,59937,12,1,73,1,100,0,0,11,116,52,5200,0,0,59937,84,"Washington-Arlington-Alexandria, DC-VA-MD-WV","Electrical and electronics engineers"
"15167108",9130,20740,2022,2020,202203,6901860,42,475.8,5,161151,2,22,129178,17,1,44,1,100,0,0,6,65,0,0,0,0,105382,15,"Eau Claire, WI","Driver/sales workers and truck drivers"
"878975",0,0,2022,2021,202203,3448737,5,71.5,0,16907,1,13,119441,3,2,8,1,100,0,0,1,15,0,0,0,0,9999999,0,"Not in identifiable area","N/A (not applicable)"
"9728310",3160,35620,2022,2019,202203,4234925,17,776.5,2,19567410,1,13,332983,17,2,40,1,100,0,0,11,114,61,6109,0,0,91857,58,"New York-Newark-Jersey City, NY-NJ-PA","Physical therapists"
"14530757",7750,35620,2022,2019,202203,4232453,11,51164.3,2,19567410,1,12,106555,11,1,54,4,400,0,0,6,63,0,0,0,0,51670,18,"New York-Newark-Jersey City, NY-NJ-PA","Other assemblers and fabricators"
"5207025",0,38300,2022,2020,202203,5386201,9,931.2,5,2356285,1,12,197393,11,1,86,1,100,0,0,6,63,0,0,0,0,20397,0,"Pittsburgh, PA","N/A (not applicable)"
"7818112",820,45060,2022,2019,202203,4218530,21,6991.5,6,662577,2,22,86116,21,2,39,1,100,0,0,10,101,62,6203,0,0,86116,68,"Syracuse, NY","Budget analysts"
"4192559",0,36740,2022,2019,202203,1427706,12,2478.1,4,2134411,1,13,77057,12,2,12,1,100,0,0,2,23,0,0,0,0,9999999,0,"Orlando-Kissimmee-Sanford, FL","N/A (not applicable)"
"11954929",4720,31080,2022,2021,202203,832280,12,9546.7,1,12828837,2,22,51884,10,1,21,7,700,1,100,10,101,21,2102,0,0,8647,44,"Los Angeles-Long Beach-Anaheim, CA","Cashiers"
"9377432",2545,39380,2022,2019,202203,1120529,12,1427.1,5,159063,1,13,94154,10,2,58,1,100,0,0,6,64,0,0,0,0,67745,65,"Pueblo, CO","Teaching assistants"
"12757501",5120,31080,2022,2020,202203,762281,7,6249.1,1,12828837,1,12,133031,6,2,56,2,200,0,0,6,63,0,0,0,0,19943,51,"Los Angeles-Long Beach-Anaheim, CA","Bookkeeping, accounting, and auditing clerks"
"7555379",705,0,2022,2021,202203,6930615,16,76,0,35221,1,13,197807,16,2,42,1,100,0,0,10,101,62,6203,0,0,116738,68,"Not in identifiable area","Project management specialists"
"10842889",4030,35620,2022,2018,202203,3864026,22,6652.5,2,19567410,2,22,36942,22,1,24,1,100,0,0,8,81,0,0,0,0,16601,15,"New York-Newark-Jersey City, NY-NJ-PA","Food preparation workers"
"11099444",4140,0,2022,2019,202203,2493956,6,593.2,0,168563,1,13,229988,5,1,17,1,100,0,0,4,40,0,0,0,0,0,11,"Not in identifiable area","Dishwashers"
"440472",0,0,2022,2022,202203,2280963,1,88.2,0,49725,1,13,140700,1,2,72,1,100,0,0,11,116,37,3700,0,0,140700,0,"Not in identifiable area","N/A (not applicable)"
"4409064",0,36500,2022,2019,202203,6680379,16,2295.9,1,252264,1,12,229643,16,1,70,2,200,0,0,11,114,37,3700,0,0,229643,0,"Olympia-Tumwater, WA","N/A (not applicable)"
"13457081",5740,10580,2022,2020,202203,4299672,17,825.3,4,870716,2,22,13042,20,1,40,7,700,2,200,10,101,21,2102,0,0,6912,61,"Albany-Schenectady-Troy, NY","Secretaries and administrative assistants, except legal, medical, and executive"
"6580512",51,18140,2022,2018,202203,4787625,17,827.8,5,1901974,2,22,231474,18,1,42,1,100,0,0,10,101,48,4801,0,0,109892,72,"Columbus, OH","Marketing managers"
"13236130",5600,17140,2022,2019,202203,2640802,22,2010.3,4,2114580,1,13,55114,22,2,63,1,100,0,0,6,65,0,0,0,0,55114,44,"Cincinnati, OH-KY-IN","Production, planning, and expediting clerks"
"601422",0,33460,2022,2018,202203,3374825,16,309.5,5,1402270,1,12,94811,16,2,65,1,100,0,0,10,101,62,6203,0,0,66753,0,"Minneapolis-St. Paul-Bloomington, MN-WI","N/A (not applicable)"
"10244642",3602,35620,2022,2019,202203,4251678,4,8999.2,2,19567410,1,13,291073,8,2,23,1,100,0,0,11,114,61,6102,0,0,2296,13,"New York-Newark-Jersey City, NY-NJ-PA","Personal care aides"
"12970364",5240,41700,2022,2022,202203,6250479,6,3781.2,4,2142508,1,13,100000,10,2,33,8,826,1,100,8,81,0,0,0,0,25000,44,"San Antonio-New Braunfels, TX","Customer service representatives"
"823694",0,26420,2022,2019,202203,5980709,99,1374.8,3,5920416,1,13,45929,35,1,12,2,200,0,0,2,22,0,0,0,0,9999999,0,"Houston-The Woodlands-Sugar Land, TX","N/A (not applicable)"
"7807410",800,35300,2022,2022,202203,1272795,13,2536.9,6,862477,1,13,62000,13,1,59,1,100,0,0,10,101,55,5501,0,0,32000,78,"New Haven-Milford, CT","Accountants and auditors"
"15196917",9130,0,2022,2020,202203,4061984,44,46.3,0,29109,1,12,125779,160,1,34,1,100,4,498,5,50,0,0,0,0,28329,15,"Not in identifiable area","Driver/sales workers and truck drivers"
"14225471",7200,0,2022,2020,202203,4623242,13,156.3,0,95119,1,13,120679,13,1,59,1,100,0,0,6,64,0,0,0,0,75014,19,"Not in identifiable area","Automotive service technicians and mechanics"
"10942282",4055,47260,2022,2022,202203,6607748,13,3541.7,5,1676822,2,22,27700,16,2,21,2,200,0,0,6,63,0,0,0,0,13000,11,"Virginia Beach-Norfolk-Newport News, VA-NC","Fast food and counter workers"
"10436858",3655,47900,2022,2021,202203,6569409,13,4317.7,5,5636232,1,13,162137,14,2,46,1,100,0,0,11,114,23,2300,0,0,16214,38,"Washington-Arlington-Alexandria, DC-VA-MD-WV","Other healthcare support workers"
"9881855",3255,0,2022,2018,202203,2818086,5,45.1,0,43345,1,12,116906,5,2,60,1,100,0,0,8,81,0,0,0,0,64298,46,"Not in identifiable area","Registered nurses"
"13883830",6260,14860,2022,2021,202203,1258806,42,1542.8,1,916829,1,13,54046,42,1,50,1,100,0,0,8,81,0,0,0,0,54046,8,"Bridgeport-Stamford-Norwalk, CT","Construction laborers"
"8535118",2005,46520,2022,2019,202203,1988826,10,22187.9,1,953207,1,13,240551,10,1,61,6,610,0,0,11,114,61,6110,0,0,57411,65,"Urban Honolulu, HI","Rehabilitation counselors"
"11707088",4640,0,2022,2018,202203,4533497,35,156.3,0,95119,1,13,95512,50,1,23,1,100,0,0,8,81,0,0,0,0,11340,26,"Not in identifiable area","Residential advisors"
"14848303",8830,14020,2022,2018,202203,2340801,23,1326.6,6,159549,2,22,783,23,1,31,1,100,0,0,8,81,0,0,0,0,783,42,"Bloomington, IN","Photographic process workers and processing machine operators"
"8703881",2100,10580,2022,2019,202203,4226440,21,1130.8,4,870716,1,13,252608,24,1,51,1,100,0,0,11,115,64,6402,0,0,252608,93,"Albany-Schenectady-Troy, NY","Lawyers, and judges, magistrates, and other judicial workers"
"11714612",4655,0,2022,2021,202203,3314136,10,123.3,0,126933,2,22,144680,26,2,62,1,100,0,0,11,114,36,3600,0,0,74745,26,"Not in identifiable area","Personal care and service workers, all other"
"7286919",440,0,2022,2019,202203,1829294,5,604.7,0,157308,1,13,99321,4,1,67,2,200,0,0,10,101,62,6203,0,0,32609,68,"Not in identifiable area","Other managers"
"11682790",4621,34940,2022,2021,202203,1614855,41,283.3,1,321520,2,22,61612,41,2,32,1,100,0,0,6,63,0,0,0,0,7566,52,"Naples-Immokalee-Marco Island, FL","Exercise trainers and group fitness instructors"
"2727486",0,0,2022,2022,202203,3688342,18,162.5,0,37556,1,13,32000,13,2,8,1,100,0,0,1,15,0,0,0,0,9999999,0,"Not in identifiable area","N/A (not applicable)"
"12408084",4830,35840,2022,2021,202203,1651500,15,1139.1,1,702281,1,12,29401,14,1,87,1,100,0,0,6,64,0,0,0,0,29401,60,"North Port-Sarasota-Bradenton, FL","Travel agents"
"8903176",2300,12060,2022,2022,202203,1956352,7,4404.2,4,5286728,2,22,146000,8,2,42,6,610,0,0,11,114,52,5203,0,0,6000,72,"Atlanta-Sandy Springs-Roswell, GA","Preschool and kindergarten teachers"
"1497361",0,29540,2022,2019,202203,5273819,21,854.2,1,519445,0,0,9999999,21,1,91,1,100,0,0,2,26,0,0,0,0,25720,0,"Lancaster, PA","N/A (not applicable)"
"8789400",2205,0,2022,2021,202203,2528284,14,57.6,0,26531,1,13,677299,14,2,65,1,100,0,0,11,114,62,6200,0,0,225478,84,"Not in identifiable area","Postsecondary teachers"
"3589633",0,27620,2022,2018,202203,3554740,13,186.6,1,149807,0,0,9999999,13,1,45,1,100,0,0,6,63,0,0,0,0,0,0,"Jefferson City, MO","N/A (not applicable)"
"15558775",9645,40140,2022,2018,202203,365959,18,3548.1,1,4224851,1,13,48048,17,2,29,1,100,1,100,8,81,0,0,0,0,11574,44,"Riverside-San Bernardino-Ontario, CA","Stockers and order fillers"
"5649485",0,47900,2022,2020,202203,2913186,9,4187.9,5,5636232,2,22,96317,3,2,14,1,100,0,0,2,25,0,0,0,0,9999999,0,"Washington-Arlington-Alexandria, DC-VA-MD-WV","N/A (not applicable)"
"6233434",0,46060,2022,2019,202203,185312,9,4006.8,1,980263,2,22,106669,9,2,72,1,100,0,0,6,65,0,0,0,0,23998,0,"Tucson, AZ","N/A (not applicable)"
"14334110",7330,16980,2022,2019,202203,2146131,24,3768.5,2,9461105,1,13,106095,25,1,46,1,100,1,100,6,63,0,0,0,0,88413,27,"Chicago-Naperville-Elgin, IL-IN-WI","Industrial and refractory machinery mechanics"
"10474894",3750,26420,2022,2018,202203,5851362,28,2183.2,3,5920416,1,13,222121,28,1,58,2,200,0,0,7,71,0,0,0,0,105215,48,"Houston-The Woodlands-Sugar Land, TX","Fire inspectors"
"8614917",2025,35620,2022,2021,202203,4407985,34,2333.6,2,19567410,1,12,91878,33,2,40,1,100,0,0,10,101,29,2901,0,0,0,64,"New York-Newark-Jersey City, NY-NJ-PA","Other community and social service specialists"
"991731",0,0,2022,2021,202203,2530590,1,97.9,0,42070,2,22,97606,9,2,9,1,100,0,0,2,22,0,0,0,0,9999999,0,"Not in identifiable area","N/A (not applicable)"
"3498642",0,27140,2022,2019,202203,3508091,24,2674.3,5,567122,1,12,21701,24,1,75,2,200,0,0,5,50,0,0,0,0,9989,0,"Jackson, MS","N/A (not applicable)"
"7050820",350,35620,2022,2018,202203,4098937,15,1757.1,2,19567410,1,13,185881,15,2,49,1,100,1,100,10,101,23,2313,0,0,50270,46,"New York-Newark-Jersey City, NY-NJ-PA","Medical and health services managers"
"415370",0,0,2022,2022,202203,1187754,10,2191.9,0,294567,1,13,32400,9,2,50,7,700,1,100,3,30,0,0,0,0,0,0,"Not in identifiable area","N/A (not applicable)"
"8963797",2310,47260,2022,2019,202203,6506216,12,5791.9,5,1676822,1,13,103454,12,1,28,1,100,0,0,11,114,62,6203,0,0,48225,72,"Virginia Beach-Norfolk-Newport News, VA-NC","Elementary and middle school teachers"
"15260995",9350,33100,2022,2021,202203,1596380,4,7807.8,2,5564635,1,13,136627,4,1,64,6,600,0,0,7,71,0,0,0,0,31346,19,"Miami-Fort Lauderdale-West Palm Beach, FL","Parking attendants"
"15322700",9610,41740,2022,2021,202203,842376,17,9047.9,1,3095313,2,22,182890,18,1,20,8,845,1,100,6,65,0,0,0,0,85392,8,"San Diego-Carlsbad, CA","Cleaners of vehicles and equipment"
"4441451",0,35620,2022,2021,202203,4416663,23,8170.5,2,19567410,1,12,406423,21,1,13,4,400,0,0,2,26,0,0,0,0,9999999,0,"New York-Newark-Jersey City, NY-NJ-PA","N/A (not applicable)"
"7861156",850,17460,2022,2019,202203,4851955,14,1519.9,1,2077240,1,13,155009,13,2,27,1,100,0,0,10,101,62,6200,0,0,86116,73,"Cleveland-Elyria, OH","Personal financial advisors"
"5472210",0,40060,2022,2019,202203,6484296,18,204.2,5,1208101,1,12,247211,20,2,10,1,100,0,0,1,17,0,0,0,0,9999999,0,"Richmond, VA","N/A (not applicable)"
"13402005",5740,27100,2022,2019,202203,3214457,15,515.4,1,160248,2,22,5741,15,2,45,1,100,0,0,6,64,0,0,0,0,5741,61,"Jackson, MI","Secretaries and administrative assistants, except legal, medical, and executive"
"10003683",3310,41700,2022,2022,202203,6354529,17,2137.8,4,2142508,1,13,186500,17,2,47,6,610,0,0,11,115,36,3600,24,2400,60000,48,"San Antonio-New Braunfels, TX","Dental hygienists"
"9226913",2360,0,2022,2019,202203,2886848,15,245.2,0,72585,1,12,83820,16,2,47,1,100,0,0,10,101,19,1901,0,0,83820,52,"Not in identifiable area","Other teachers and instructors"
"11698694",4622,17020,2022,2018,202203,417950,23,314.2,1,220000,1,13,121594,24,2,19,1,100,0,0,6,65,0,0,0,0,7014,52,"Chico, CA","Recreation workers"
"6748902",136,35620,2022,2018,202203,3893985,16,2574.2,2,19567410,1,13,146132,16,1,41,1,100,0,0,11,116,61,6100,0,0,128597,68,"New York-Newark-Jersey City, NY-NJ-PA","Human resources managers"
"7303775",440,19100,2022,2019,202203,6026257,24,299.4,3,6426214,1,12,45929,24,1,59,1,100,0,0,10,101,62,6207,0,0,0,68,"Dallas-Fort Worth-Arlington, TX","Other managers"
"7513284",630,24860,2022,2022,202203,5635089,8,641.1,6,824112,2,21,23000,9,2,22,1,100,0,0,10,101,33,3301,0,0,2000,84,"Greenville-Anderson-Mauldin, SC","Human resources workers"
"5125404",0,38060,2022,2020,202203,206272,69,631.5,2,4192887,1,12,6028,103,1,1,2,200,0,0,0,1,0,0,0,0,9999999,0,"Phoenix-Mesa-Scottsdale, AZ","N/A (not applicable)"
"6961928",230,16740,2022,2021,202203,4656848,19,293.7,6,676616,1,13,38934,20,2,34,1,100,0,0,6,63,0,0,0,0,38934,72,"Charlotte-Concord-Gastonia, NC-SC","Education and childcare administrators"
"12786912",5120,16740,2022,2021,202203,4663066,35,1431.7,6,2217012,2,22,22159,35,2,46,1,100,0,0,8,81,0,0,0,0,22159,51,"Charlotte-Concord-Gastonia, NC-SC","Bookkeeping, accounting, and auditing clerks"
"10756699",4020,0,2022,2018,202203,3164881,4,88.5,0,28623,2,22,30396,5,1,39,1,100,0,0,6,61,0,0,0,0,16367,15,"Not in identifiable area","Cooks"
"6739824",135,24860,2022,2021,202203,5606466,18,1538.5,5,824112,1,12,135114,19,2,38,6,671,0,0,10,101,19,1904,0,0,0,68,"Greenville-Anderson-Mauldin, SC","Compensation and benefits managers"
"1174380",0,0,2022,2021,202203,1904297,1,238,0,118355,2,22,12863,3,2,16,1,100,0,0,5,50,0,0,0,0,2378,0,"Not in identifiable area","N/A (not applicable)"
"13509111",5840,37620,2022,2019,202203,6801563,14,464.3,5,76666,2,22,32150,14,2,34,1,100,0,0,7,71,0,0,0,0,32150,44,"Parkersburg-Vienna, WV","Insurance claims and policy processing clerks"
"2248847",0,33700,2022,2021,202203,786983,19,1312.4,1,514453,1,12,33184,19,2,80,1,100,0,0,7,71,0,0,0,0,33184,0,"Modesto, CA","N/A (not applicable)"
"5399429",0,47900,2022,2022,202203,6604887,7,1354.6,4,5636232,1,13,112500,9,1,6,1,100,0,0,1,12,0,0,0,0,9999999,0,"Washington-Arlington-Alexandria, DC-VA-MD-WV","N/A (not applicable)"
"308540",0,38060,2022,2021,202203,225483,65,694.7,2,4192887,2,22,0,60,1,6,1,100,0,0,1,11,0,0,0,0,9999999,0,"Phoenix-Mesa-Scottsdale, AZ","N/A (not applicable)"
"4752044",0,16580,2022,2020,202203,2159444,14,1278.4,6,231891,0,0,9999999,14,1,18,4,400,0,0,6,65,0,0,0,0,0,0,"Champaign-Urbana, IL","N/A (not applicable)"
"8318582",1530,31700,2022,2018,202203,3828692,8,290.9,6,400721,1,13,308866,7,1,59,1,100,0,0,11,116,24,2408,0,0,154433,87,"Manchester-Nashua, NH","Other engineers"
"9799262",3255,19740,2022,2018,202203,1084792,10,3603,4,2543482,1,13,109424,11,2,37,1,100,0,0,10,101,52,5200,0,0,75989,46,"Denver-Aurora-Lakewood, CO","Registered nurses"
"12210741",4760,19820,2022,2021,202203,3277783,13,3509,4,4296250,1,13,121927,11,1,31,1,100,0,0,7,71,0,0,0,0,14052,47,"Detroit-Warren-Dearborn, MI","Retail salespersons"
"13012479",5260,19380,2022,2021,202203,4943169,7,419.5,1,799232,1,13,61612,7,2,59,1,100,0,0,6,65,0,0,0,0,61612,44,"Dayton, OH","File clerks"
"1660238",0,0,2022,2021,202203,2840621,7,32.5,0,56221,1,13,109172,6,1,14,1,100,0,0,3,30,0,0,0,0,9999999,0,"Not in identifiable area","N/A (not applicable)"
"7024612",310,0,2022,2020,202203,4918881,4,224.3,0,214669,2,22,39660,4,2,31,1,100,0,0,6,63,0,0,0,0,39660,68,"Not in identifiable area","Food service managers"
"3169308",0,0,2022,2022,202203,2800608,20,181.6,0,90761,2,22,19400,20,1,67,2,200,0,0,6,63,0,0,0,0,19400,0,"Not in identifiable area","N/A (not applicable)"
"13925614",6260,38300,2022,2019,202203,5303630,3,460.9,5,2356285,2,22,77045,3,1,43,1,100,0,0,6,64,0,0,0,0,29854,8,"Pittsburgh, PA","Construction laborers"
"9289168",2435,0,2022,2020,202203,6059917,3,48.7,0,40323,1,12,124645,3,2,56,1,100,0,0,11,114,19,1903,0,0,61190,60,"Not in identifiable area","Librarians and media collections specialists"
"3693228",0,12060,2022,2021,202203,1923156,48,958.9,4,5286728,1,12,142788,81,1,9,2,200,0,0,1,16,0,0,0,0,9999999,0,"Atlanta-Sandy Springs-Roswell, GA","N/A (not applicable)"
"14122081",6660,19740,2022,2021,202203,1167334,12,6959.1,4,2543482,1,13,224505,17,1,63,2,200,0,0,8,81,0,0,0,0,185917,41,"Denver-Aurora-Lakewood, CO","Construction and building inspectors"
"8551503",2011,0,2022,2022,202203,6821691,13,49.8,0,35288,1,13,95000,8,2,30,8,818,0,0,11,114,54,5404,0,0,45000,64,"Not in identifiable area","Child, family, and school social workers"
"4354360",0,23420,2022,2019,202203,535516,26,6110.6,1,930450,1,13,185896,19,2,69,6,600,0,0,6,65,0,0,0,0,9071,0,"Fresno, CA","N/A (not applicable)"
"13061222",5350,35620,2022,2022,202203,4478348,10,49001.8,2,19567410,2,22,25200,9,1,31,7,700,2,200,6,64,0,0,0,0,20000,44,"New York-Newark-Jersey City, NY-NJ-PA","Correspondence clerks and order clerks"
"12352962",4760,23540,2022,2022,202203,1670792,14,3171.9,5,264275,0,0,9999999,14,1,19,1,100,3,300,6,65,0,0,0,0,4000,47,"Gainesville, FL","Retail salespersons"
"15035528",9130,38060,2022,2022,202203,263069,12,6320.4,2,4192887,1,13,131000,13,1,48,8,826,1,100,5,50,0,0,0,0,24000,15,"Phoenix-Mesa-Scottsdale, AZ","Driver/sales workers and truck drivers"
"4397738",0,36420,2022,2022,202203,5118300,17,3517.3,5,1252987,1,13,40500,17,1,5,1,100,0,0,0,2,0,0,0,0,9999999,0,"Oklahoma City, OK","N/A (not applicable)"
"13628797",5940,19780,2022,2019,202203,2488723,27,677.9,6,569633,1,13,126304,28,2,31,1,100,0,0,10,101,53,5301,0,0,68893,44,"Des Moines-West Des Moines, IA","Other office and administrative support workers"
"3083670",0,31080,2022,2019,202203,552456,10,11259.2,1,12828837,1,12,84509,10,1,64,1,100,0,0,6,63,0,0,0,0,40877,0,"Los Angeles-Long Beach-Anaheim, CA","N/A (not applicable)"
"466524",0,33340,2022,2022,202203,6946429,8,550.2,1,1555908,1,13,73000,12,1,19,1,100,0,0,7,71,0,0,0,0,10000,0,"Milwaukee-Waukesha-West Allis, WI","N/A (not applicable)"
"8935637",2310,37980,2022,2018,202203,5252909,15,9086.5,2,5965343,1,12,91187,15,1,47,1,100,0,0,11,114,23,2306,0,0,91187,72,"Philadelphia-Camden-Wilmington, PA-NJ-DE-MD","Elementary and middle school teachers"
"8569796",2014,0,2022,2021,202203,2680491,8,238.4,0,87716,1,13,180296,24,2,52,8,802,0,0,10,101,23,2300,0,0,12430,64,"Not in identifiable area","Social workers, all other"
"437624",0,0,2022,2022,202203,4439931,55,3190.3,0,251725,2,22,12000,21,2,10,1,100,0,0,1,17,0,0,0,0,9999999,0,"Not in identifiable area","N/A (not applicable)"
"12878296",5240,36420,2022,2019,202203,5054322,59,94.9,5,757533,2,22,39154,59,1,49,2,200,0,0,6,63,0,0,0,0,39154,44,"Oklahoma City, OK","Customer service representatives"
"12700556",5110,17900,2022,2021,202203,5623246,16,319.1,1,767598,1,13,120738,38,2,51,1,100,0,0,10,101,23,2304,0,0,22699,44,"Columbia, SC","Billing and posting clerks"
"14990683",9122,25420,2022,2020,202203,5362006,8,304.3,1,549475,1,12,60736,9,1,80,1,100,0,0,11,116,52,5200,0,0,60736,24,"Harrisburg-Carlisle, PA","Bus drivers, transit and intercity"
"13340262",5740,0,2022,2020,202203,3433594,4,103,0,57098,1,12,115014,4,2,50,1,100,0,0,7,71,0,0,0,0,14731,61,"Not in identifiable area","Secretaries and administrative assistants, except legal, medical, and executive"
"15474699",9620,27260,2022,2018,202203,1411286,8,2662.4,3,1345596,1,12,47931,14,1,32,2,200,0,0,6,61,0,0,0,0,23381,8,"Jacksonville, FL","Laborers and freight, stock, and material movers, hand"
"13637961",5940,48620,2022,2019,202203,2565338,4,794.4,5,630919,1,13,167755,4,2,67,1,100,0,0,6,65,0,0,0,0,110344,44,"Wichita, KS","Other office and administrative support workers"
"8371212",1555,0,2022,2021,202203,6548183,13,226.5,0,76908,2,22,39994,13,2,53,1,100,0,0,7,71,0,0,0,0,39994,62,"Not in identifiable area","Other engineering technologists and technicians, except drafters"
"2154797",0,36740,2022,2018,202203,1382278,17,4504.4,4,2134411,1,13,129766,15,1,65,1,100,2,200,7,71,0,0,0,0,16367,0,"Orlando-Kissimmee-Sanford, FL","N/A (not applicable)"
"11458135",4252,44140,2022,2018,202203,3006815,16,1665.3,5,621570,1,13,73651,16,1,38,1,100,0,0,7,71,0,0,0,0,46762,11,"Springfield, MA","Tree trimmers and pruners"
"12570546",4920,39900,2022,2021,202203,3811960,16,1612.2,2,425417,2,21,52965,14,2,36,7,700,4,416,6,65,0,0,0,0,25942,62,"Reno, NV","Real estate brokers and sales agents"
"2671411",0,0,2022,2019,202203,4243456,13,63.9,0,60268,1,13,68434,13,2,75,1,100,0,0,6,63,0,0,0,0,46388,0,"Not in identifiable area","N/A (not applicable)"
"970319",0,0,2022,2021,202203,2521262,17,76.8,0,23479,1,12,93607,16,1,66,1,100,0,0,7,71,0,0,0,0,81933,0,"Not in identifiable area","N/A (not applicable)"
"6798957",160,37980,2022,2021,202203,1298216,81,2294.7,2,5965343,1,13,124359,80,1,28,1,100,0,0,10,101,50,5098,41,4101,81122,68,"Philadelphia-Camden-Wilmington, PA-NJ-DE-MD","Transportation, storage, and distribution managers"
"14797442",8740,0,2022,2019,202203,5294578,5,206.9,0,40055,2,21,39154,4,2,67,1,100,0,0,6,63,0,0,0,0,29509,18,"Not in identifiable area","Inspectors, testers, sorters, samplers, and weighers"
"2412418",0,37980,2022,2022,202203,5473501,17,1670.9,2,5965343,1,13,118800,7,1,1,1,100,0,0,0,1,0,0,0,0,9999999,0,"Philadelphia-Camden-Wilmington, PA-NJ-DE-MD","N/A (not applicable)"
"2703890",0,47900,2022,2020,202203,1315736,104,15856,5,5636232,1,13,27195,31,2,14,2,200,0,0,2,26,0,0,0,0,9999999,0,"Washington-Arlington-Alexandria, DC-VA-MD-WV","N/A (not applicable)"
"2877675",0,33340,2022,2018,202203,6850149,20,1330.1,1,1555908,1,12,138884,19,2,94,1,100,0,0,6,63,0,0,0,0,138884,0,"Milwaukee-Waukesha-West Allis, WI","N/A (not applicable)"
"11421412",4251,33460,2022,2018,202203,3371165,7,824.8,5,3348859,1,13,385907,7,1,16,1,100,0,0,3,30,0,0,0,0,117,11,"Minneapolis-St. Paul-Bloomington, MN-WI","Landscaping and groundskeeping workers"
"12465080",4850,35620,2022,2021,202203,3968587,8,2574.2,2,19567410,1,13,102687,7,2,32,1,100,0,0,8,81,0,0,0,0,48641,47,"New York-Newark-Jersey City, NY-NJ-PA","Sales representatives, wholesale and manufacturing"
"6698247",120,45300,2022,2018,202203,1387090,8,2695.8,1,2783243,2,22,63129,7,1,24,1,100,0,0,8,81,0,0,0,0,35072,68,"Tampa-St. Petersburg-Clearwater, FL","Financial managers"
"3637425",0,0,2022,2022,202203,3856163,4,100,0,155251,1,12,59100,4,1,91,1,100,0,0,6,63,0,0,0,0,46100,0,"Not in identifiable area","N/A (not applicable)"
"5452153",0,46520,2022,2022,202203,2003767,18,5438.2,1,953207,2,22,45900,15,1,7,1,100,0,0,1,14,0,0,0,0,9999999,0,"Urban Honolulu, HI","N/A (not applicable)"
"1960016",0,19100,2022,2020,202203,6087701,29,4020.1,3,6426214,1,12,156827,15,2,26,1,100,0,0,6,61,0,0,0,0,0,0,"Dallas-Fort Worth-Arlington, TX","N/A (not applicable)"
"15049104",9130,42660,2022,2019,202203,6685617,12,473.8,1,3439809,1,13,112525,12,1,32,1,100,0,0,6,63,0,0,0,0,68893,15,"Seattle-Tacoma-Bellevue, WA","Driver/sales workers and truck drivers"
"6915445",230,0,2022,2018,202203,4745695,3,242.5,0,37096,1,13,187517,3,2,62,1,100,0,0,11,115,23,2304,0,0,106034,72,"Not in identifiable area","Education and childcare administrators"
"10340649",3603,0,2022,2019,202203,2379691,14,344.9,0,49519,1,12,112525,15,2,32,1,100,0,0,6,63,0,0,0,0,0,13,"Not in identifiable area","Nursing assistants"
"12361187",4810,0,2022,2022,202203,5632401,6,113.9,0,92681,1,12,95000,7,2,42,1,100,0,0,7,71,0,0,0,0,45000,66,"Not in identifiable area","Insurance sales agents"
"15275839",9430,15980,2022,2019,202203,1494917,11,1829.4,1,618754,1,13,148120,10,1,45,1,100,0,0,6,63,0,0,0,0,68893,8,"Cape Coral-Fort Myers, FL","Other transportation workers"
"9997799",3300,19380,2022,2021,202203,4958335,54,839.2,1,799232,2,22,155651,55,1,27,1,100,0,0,11,114,61,6105,0,0,72421,48,"Dayton, OH","Clinical laboratory technologists and technicians"
"732824",0,26420,2022,2022,202203,6333621,10,3014.8,3,5920416,1,13,205000,13,1,6,1,100,0,0,1,12,0,0,0,0,9999999,0,"Houston-The Woodlands-Sugar Land, TX","N/A (not applicable)"
"14782228",8740,0,2022,2019,202203,5062816,5,26.2,0,10876,2,22,124007,6,2,46,1,100,0,0,10,101,52,5200,0,0,91857,18,"Not in identifiable area","Inspectors, testers, sorters, samplers, and weighers"
"4839679",0,39740,2022,2021,202203,5425311,5,582,1,411442,1,13,31238,5,2,87,1,100,0,0,3,30,0,0,0,0,31238,0,"Reading, PA","N/A (not applicable)"
"3511038",0,31080,2022,2022,202203,965577,17,14215.8,1,12828837,2,22,19800,17,2,58,2,200,0,0,6,64,0,0,0,0,1000,0,"Los Angeles-Long Beach-Anaheim, CA","N/A (not applicable)"
"6127953",0,41860,2022,2018,202203,458584,13,6198.5,1,4335391,1,12,210431,12,2,71,2,200,0,0,11,114,33,3301,0,0,93525,0,"San Francisco-Oakland-Hayward, CA","N/A (not applicable)"
"3118756",0,26420,2022,2018,202203,5895100,25,3723.7,3,5920416,1,13,122284,24,2,57,1,100,0,0,7,71,0,0,0,0,701,0,"Houston-The Woodlands-Sugar Land, TX","N/A (not applicable)"
"2855023",0,28140,2022,2020,202203,2583059,16,1916.5,5,2009342,1,13,137291,18,1,59,1,100,0,0,7,71,0,0,0,0,0,0,"Kansas City, MO-KS","N/A (not applicable)"
"4579263",0,25420,2022,2021,202203,5447768,55,3270.1,1,549475,1,13,72421,46,2,4,2,200,0,0,0,2,0,0,0,0,9999999,0,"Harrisburg-Carlisle, PA","N/A (not applicable)"
"5298219",0,31080,2022,2018,202203,401130,8,7707.9,1,12828837,1,13,70144,7,1,11,9,901,1,100,2,22,0,0,0,0,9999999,0,"Los Angeles-Long Beach-Anaheim, CA","N/A (not applicable)"
"12831347",5165,32820,2022,2018,202203,5685729,16,1805.3,6,1324829,1,13,223174,16,2,61,1,100,0,0,10,101,62,6206,0,0,84289,44,"Memphis, TN-MS-AR","Other financial clerks"
"9849822",3255,40140,2022,2020,202203,691276,7,2029.7,1,4224851,1,13,113484,6,2,45,4,400,0,0,10,101,14,1401,55,5599,5666,46,"Riverside-San Bernardino-Ontario, CA","Registered nurses"
"2205952",0,31080,2022,2019,202203,578671,31,11886.1,1,12828837,2,22,22964,32,1,13,7,700,4,413,2,25,0,0,0,0,9999999,0,"Los Angeles-Long Beach-Anaheim, CA","N/A (not applicable)"
"11858046",4700,0,2022,2022,202203,6782453,20,268.5,0,55220,2,22,79000,21,1,48,1,100,0,0,4,40,0,0,0,0,54000,68,"Not in identifiable area","First-line supervisors of retail sales workers"
"7926115",1006,19740,2022,2021,202203,1163404,68,2954.3,4,2543482,2,22,97282,68,1,26,1,100,0,0,10,101,55,5501,0,0,97282,65,"Denver-Aurora-Lakewood, CO","Computer systems analysts"
"3293039",0,39900,2022,2020,202203,3795067,23,746.1,2,425417,1,13,40113,23,1,66,1,100,0,0,11,114,50,5003,0,0,40113,0,"Reno, NV","N/A (not applicable)"
"1825169",0,31080,2022,2019,202203,603113,9,15709.3,1,12828837,1,13,770454,8,1,4,1,100,0,0,1,11,0,0,0,0,9999999,0,"Los Angeles-Long Beach-Anaheim, CA","N/A (not applicable)"
"2310505",0,0,2022,2019,202203,5298389,7,463.4,0,96997,1,12,89331,8,2,10,1,100,0,0,1,16,0,0,0,0,9999999,0,"Not in identifiable area","N/A (not applicable)"
"10181394",3601,0,2022,2020,202203,3249984,20,3701.5,0,425790,2,22,14504,20,2,33,2,200,0,0,7,71,0,0,0,0,14504,13,"Not in identifiable area","Home health aides"
"1825965",0,0,2022,2020,202203,5076286,20,2377.9,0,937478,1,12,88838,31,1,7,6,661,0,0,1,15,0,0,0,0,9999999,0,"Not in identifiable area","N/A (not applicable)"
"8466689",1860,17900,2022,2020,202203,5595209,2,2274.5,1,767598,2,22,22663,3,2,23,1,100,0,0,10,101,19,1901,0,0,22663,81,"Columbia, SC","Other social scientists"
"14736172",8600,0,2022,2020,202203,5067518,22,1053.4,0,130291,0,0,9999999,22,1,22,1,100,0,0,6,63,0,0,0,0,27195,50,"Not in identifiable area","Power plant operators, distributors, and dispatchers"
"9181995",2320,16980,2022,2022,202203,2278025,44,20887,3,9461105,1,12,98400,69,1,53,1,100,0,0,11,114,23,2300,0,0,55000,72,"Chicago-Naperville-Elgin, IL-IN-WI","Secondary school teachers"
"2294573",0,12420,2022,2019,202203,5941690,7,410.8,4,1716289,0,0,9999999,7,1,19,1,100,4,498,6,65,0,0,0,0,0,0,"Austin-Round Rock, TX","N/A (not applicable)"
"12243555",4760,12420,2022,2018,202203,5903479,23,419.4,4,1716289,1,13,46295,23,2,66,1,100,0,0,6,63,0,0,0,0,46295,47,"Austin-Round Rock, TX","Retail salespersons"
"9211176",2350,38900,2022,2021,202203,5186110,38,4609.2,5,2226009,2,22,69178,33,2,24,7,700,1,100,6,65,0,0,0,0,8647,52,"Portland-Vancouver-Hillsboro, OR-WA","Tutors"
"5314396",0,24860,2022,2019,202203,5571805,15,1538.5,5,824112,2,22,57181,15,1,69,1,100,0,0,10,101,36,3600,0,0,28820,0,"Greenville-Anderson-Mauldin, SC","N/A (not applicable)"
"14163085",7000,16980,2022,2022,202203,2300634,12,3898,3,9461105,1,13,484000,11,1,48,1,100,0,0,7,71,0,0,0,0,388000,49,"Chicago-Naperville-Elgin, IL-IN-WI","First-line supervisors of mechanics, installers, and repairers"
"289684",0,14260,2022,2019,202203,2020320,107,2748.7,5,616561,2,22,65448,72,2,11,8,812,0,0,1,17,0,0,0,0,9999999,0,"Boise City, ID","N/A (not applicable)"
"5226551",0,36540,2022,2020,202203,3744166,15,1674.4,6,865350,1,13,155240,20,1,3,1,100,0,0,0,2,0,0,0,0,9999999,0,"Omaha-Council Bluffs, NE-IA","N/A (not applicable)"
"10576113",3930,41140,2022,2021,202203,3652870,9,538.5,5,127329,1,12,10917,13,1,67,8,826,0,0,7,71,0,0,0,0,10917,8,"St. Joseph, MO-KS","Security guards and gaming surveillance officers"
"2279044",0,12420,2022,2018,202203,5911403,20,410.8,4,1716289,2,22,33903,40,2,16,1,100,0,0,4,40,0,0,0,0,0,0,"Austin-Round Rock, TX","N/A (not applicable)"
"4756892",0,40140,2022,2020,202203,654083,4,1535.2,1,4224851,0,0,9999999,4,2,74,2,200,0,0,6,65,0,0,0,0,10538,0,"Riverside-San Bernardino-Ontario, CA","N/A (not applicable)"
"10321265",3603,0,2022,2019,202203,2143509,5,99.3,0,173892,1,13,112525,7,2,21,1,100,0,0,7,71,0,0,0,0,16075,13,"Not in identifiable area","Nursing assistants"
"2789344",0,0,2022,2021,202203,3716229,37,118.1,0,59433,2,22,99768,29,2,11,1,100,0,0,2,22,0,0,0,0,9999999,0,"Not in identifiable area","N/A (not applicable)"
"4669880",0,39300,2022,2019,202203,5519208,6,10885,4,1600852,0,0,9999999,6,1,86,1,100,0,0,4,40,0,0,0,0,29739,0,"Providence-Warwick, RI-MA","N/A (not applicable)"
"13020927",5300,36740,2022,2022,202203,1755362,31,3084.8,1,2134411,1,13,116000,78,2,24,8,826,1,100,10,101,52,5200,0,0,5500,44,"Orlando-Kissimmee-Sanford, FL","Hotel, motel, and resort desk clerks"
"2949551",0,24860,2022,2018,202203,5553880,10,392.9,5,824112,1,12,95045,6,1,7,8,802,0,0,1,14,0,0,0,0,9999999,0,"Greenville-Anderson-Mauldin, SC","N/A (not applicable)"
"6232894",0,41500,2022,2020,202203,762576,46,6035.9,6,415057,1,13,72068,86,2,19,1,100,4,498,6,61,0,0,0,0,0,0,"Salinas, CA","N/A (not applicable)"
"7812098",810,0,2022,2019,202203,5728810,9,163.8,0,78433,1,13,227347,9,2,44,1,100,0,0,6,63,0,0,0,0,111377,62,"Not in identifiable area","Property appraisers and assessors"
"14325728",7330,24860,2022,2021,202203,5619448,26,317.2,5,824112,2,22,5405,13,2,21,1,100,0,0,8,81,0,0,0,0,2702,27,"Greenville-Anderson-Mauldin, SC","Industrial and refractory machinery mechanics"
"14640872",8140,0,2022,2022,202203,4744526,11,97.8,0,33460,2,22,78000,29,1,28,1,100,0,0,8,81,0,0,0,0,38000,24,"Not in identifiable area","Welding, soldering, and brazing workers"
"914284",0,0,2022,2019,202203,1420293,5,348.1,0,136740,0,0,9999999,5,1,83,1,100,0,0,10,101,50,5007,0,0,22390,0,"Not in identifiable area","N/A (not applicable)"
"7195142",440,46520,2022,2022,202203,2006769,17,11955.5,1,953207,1,13,87000,17,1,41,8,813,0,0,10,101,62,6200,0,0,87000,68,"Urban Honolulu, HI","Other managers"
"12785155",5120,25260,2022,2018,202203,405425,27,1231.8,1,152982,1,13,249010,27,2,52,1,100,0,0,6,65,0,0,0,0,73651,51,"Hanford-Corcoran, CA","Bookkeeping, accounting, and auditing clerks"
"15153619",9130,33100,2022,2021,202203,1602232,10,8344.4,2,5564635,1,12,245151,9,1,50,2,200,0,0,6,63,0,0,0,0,216182,15,"Miami-Fort Lauderdale-West Palm Beach, FL","Driver/sales workers and truck drivers"
"4363079",0,23420,2022,2021,202203,904616,2,490,1,930450,1,13,183755,2,1,65,1,100,0,0,8,81,0,0,0,0,97282,0,"Fresno, CA","N/A (not applicable)"
"2324975",0,37980,2022,2021,202203,5405812,24,2302.1,2,5965343,1,12,105929,25,2,59,1,100,0,0,8,81,0,0,0,0,19456,0,"Philadelphia-Camden-Wilmington, PA-NJ-DE-MD","N/A (not applicable)"
"5837365",0,45060,2022,2022,202203,4465815,3,292.3,6,233311,1,12,43200,4,1,71,1,100,0,0,7,71,0,0,0,0,43200,0,"Syracuse, NY","N/A (not applicable)"
"8022391",1021,35620,2022,2020,202203,4278652,62,32126.9,2,19567410,1,12,28329,62,1,28,4,400,0,0,10,101,21,2102,0,0,28329,65,"New York-Newark-Jersey City, NY-NJ-PA","Software developers"
"14343053",7330,48140,2022,2019,202203,6858891,24,260.8,1,134063,1,12,94613,22,1,64,1,100,0,0,10,101,50,5003,0,0,1148,27,"Wausau, WI","Industrial and refractory machinery mechanics"
"730327",0,0,2022,2018,202203,1338398,28,1058.1,0,235865,1,13,121699,40,2,9,1,100,0,0,1,16,0,0,0,0,9999999,0,"Not in identifiable area","N/A (not applicable)"
"13612379",5940,0,2022,2021,202203,2414840,14,344.9,0,49519,1,13,43020,13,2,62,1,100,0,0,10,101,29,2901,33,3301,24645,44,"Not in identifiable area","Other office and administrative support workers"
"15491623",9640,16980,2022,2019,202203,2140810,21,3156.3,2,9461105,1,13,309330,25,1,29,6,610,0,0,10,101,61,6107,0,0,28705,18,"Chicago-Naperville-Elgin, IL-IN-WI","Packers and packagers, hand"
"14527784",7750,40380,2022,2021,202203,4376253,10,2451.9,6,1079671,1,12,170784,6,2,57,6,640,0,0,6,61,0,0,0,0,41075,18,"Rochester, NY","Other assemblers and fabricators"
"12782451",5120,0,2022,2022,202203,5821508,41,215,0,75910,1,13,51310,41,2,22,1,100,0,0,8,81,0,0,0,0,9700,51,"Not in identifiable area","Bookkeeping, accounting, and auditing clerks"
"3441242",0,26900,2022,2021,202203,2438182,16,2850.1,1,1887877,2,22,15457,16,2,94,1,100,0,0,7,71,0,0,0,0,15457,0,"Indianapolis-Carmel-Anderson, IN","N/A (not applicable)"
"13005635",5250,19820,2022,2021,202203,3290040,35,4129.9,4,4296250,1,13,140951,35,2,49,2,200,0,0,11,114,62,6203,0,0,57180,44,"Detroit-Warren-Dearborn, MI","Eligibility interviewers, government programs"
"5784091",0,41940,2022,2022,202203,1036481,13,5676.8,4,1836911,1,13,136000,11,2,3,1,100,0,0,0,2,0,0,0,0,9999999,0,"San Jose-Sunnyvale-Santa Clara, CA","N/A (not applicable)"
"10847535",4030,12420,2022,2022,202203,6275365,39,1850.6,3,1716289,1,13,27000,40,1,17,1,100,1,100,5,50,0,0,0,0,7000,15,"Austin-Round Rock, TX","Food preparation workers"
"11882213",4710,16980,2022,2019,202203,2148910,15,3648,2,9461105,2,22,183715,15,1,60,1,100,0,0,7,71,0,0,0,0,34447,68,"Chicago-Naperville-Elgin, IL-IN-WI","First-line supervisors of non-retail sales workers"
"12217544",4760,41740,2022,2019,202203,636293,11,1136.4,1,3095313,1,13,165917,15,2,60,1,100,0,0,6,65,0,0,0,0,64300,47,"San Diego-Carlsbad, CA","Retail salespersons"
"9896930",3255,0,2022,2020,202203,706281,26,38.2,0,30652,2,22,143909,26,2,32,1,100,0,0,8,81,0,0,0,0,84986,46,"Not in identifiable area","Registered nurses"
"3295331",0,16740,2022,2018,202203,4528495,18,2656.3,6,2217012,1,13,267715,20,1,7,1,100,0,0,1,12,0,0,0,0,9999999,0,"Charlotte-Concord-Gastonia, NC-SC","N/A (not applicable)"
"7390617",440,0,2022,2020,202203,1874574,7,849.1,0,179605,1,12,120113,9,1,38,1,100,0,0,7,71,0,0,0,0,29462,68,"Not in identifiable area","Other managers"
"4006781",0,17820,2022,2022,202203,1178343,16,2638.2,1,645613,0,0,9999999,16,1,58,1,100,0,0,6,63,0,0,0,0,17600,0,"Colorado Springs, CO","N/A (not applicable)"
"11185714",4220,0,2022,2021,202203,216365,2,22.8,0,91318,2,22,50479,2,1,33,3,315,0,0,6,63,0,0,0,0,16214,9,"Not in identifiable area","Janitors and building cleaners"
"2264729",0,25540,2022,2018,202203,1216291,22,3647.8,1,1212381,2,21,86043,23,2,62,1,100,0,0,6,63,0,0,0,0,0,0,"Hartford-West Hartford-East Hartford, CT","N/A (not applicable)"
"6874673",220,35620,2022,2022,202203,4440679,8,18100.1,2,19567410,1,12,212000,9,1,66,8,826,4,420,7,71,0,0,0,0,12000,68,"New York-Newark-Jersey City, NY-NJ-PA","Construction managers"
"10467406",3740,0,2022,2020,202203,4918054,2,189.1,0,39210,1,13,94391,3,1,28,1,100,0,0,6,63,0,0,0,0,50878,37,"Not in identifiable area","Firefighters"
"15675626",9920,0,2022,2019,202203,1831797,13,101.7,0,27213,1,13,0,16,1,35,2,200,0,0,6,63,0,0,0,0,0,0,"Not in identifiable area","Unemployed, with no work experience in the last 5 years or earlier or never worked"
"15593670",9645,28140,2022,2018,202203,2561112,18,1916.5,5,2009342,1,13,52608,17,2,43,1,100,1,100,6,63,0,0,0,0,0,44,"Kansas City, MO-KS","Stockers and order fillers"
"1649771",0,17900,2022,2022,202203,5630945,11,1072.8,5,767598,1,13,84000,11,2,66,1,100,0,0,6,65,0,0,0,0,50000,0,"Columbia, SC","N/A (not applicable)"
"14619032",8030,26900,2022,2022,202203,2453852,28,2766.1,1,1887877,1,12,80000,29,1,64,1,100,0,0,6,63,0,0,0,0,40000,33,"Indianapolis-Carmel-Anderson, IN","Machinists"
"3710106",0,16980,2022,2022,202203,2310221,15,2292.6,3,9461105,1,13,215000,14,2,8,1,100,0,0,1,15,0,0,0,0,9999999,0,"Chicago-Naperville-Elgin, IL-IN-WI","N/A (not applicable)"
"9229183",2360,16700,2022,2019,202203,5569903,56,1764.5,1,664607,2,22,86116,56,2,28,1,100,0,0,10,101,33,3301,0,0,86116,18,"Charleston-North Charleston, SC","Other teachers and instructors"
"14586463",7905,46700,2022,2019,202203,630903,10,3993.6,1,413344,1,13,250885,15,1,29,6,600,0,0,8,81,0,0,0,0,64300,53,"Vallejo-Fairfield, CA","Computer numerically controlled tool operators and programmers"
"9566416",2850,0,2022,2022,202203,5194845,5,165.3,0,207664,1,13,104000,4,2,52,1,100,0,0,11,115,60,6000,33,3301,70000,76,"Not in identifiable area","Writers and authors"
"9489097",2722,16580,2022,2019,202203,2103038,6,1278.4,6,231891,0,0,9999999,6,1,20,1,100,0,0,7,71,0,0,0,0,4019,64,"Champaign-Urbana, IL","Coaches and scouts"
"2381294",0,12580,2022,2021,202203,2947760,24,451.5,3,2710489,1,13,143761,24,2,6,1,100,0,0,1,12,0,0,0,0,9999999,0,"Baltimore-Columbia-Towson, MD","N/A (not applicable)"
"8546129",2006,0,2022,2021,202203,1256586,4,415.4,0,189927,1,13,192510,4,2,34,1,100,0,0,11,114,52,5200,26,2601,77826,65,"Not in identifiable area","Counselors, all other"
"2623115",0,26900,2022,2020,202203,2395838,1,2883.5,1,1887877,1,12,101983,1,2,66,1,100,0,0,10,101,23,2300,0,0,62323,0,"Indianapolis-Carmel-Anderson, IN","N/A (not applicable)"
"11150986",4210,0,2022,2019,202203,2874986,11,245.2,0,72585,0,0,9999999,11,1,22,2,200,0,0,6,63,0,0,0,0,0,49,"Not in identifiable area","First-line supervisors of landscaping, lawn service, and groundskeeping workers"
"5160037",0,45300,2022,2020,202203,1543103,35,2695.8,1,2783243,1,13,229461,18,2,10,1,100,2,200,2,22,0,0,0,0,9999999,0,"Tampa-St. Petersburg-Clearwater, FL","N/A (not applicable)"
"12880700",5240,19100,2022,2018,202203,5930541,18,5574.4,3,6426214,2,22,129766,18,1,26,1,100,0,0,10,101,62,6201,62,6207,65467,44,"Dallas-Fort Worth-Arlington, TX","Customer service representatives"
"2125079",0,19300,2022,2022,202203,107068,16,290.6,1,182265,1,13,180900,28,2,16,1,100,0,0,5,50,0,0,0,0,0,0,"Daphne-Fairhope-Foley, AL","N/A (not applicable)"
"195984",0,0,2022,2018,202203,1090232,105,46.3,0,37827,2,22,115269,53,2,7,1,100,0,0,1,12,0,0,0,0,9999999,0,"Not in identifiable area","N/A (not applicable)"
"3361514",0,16980,2022,2022,202203,2314793,30,962.7,3,9461105,1,13,39100,39,2,78,1,100,0,0,11,114,23,2399,0,0,6100,0,"Chicago-Naperville-Elgin, IL-IN-WI","N/A (not applicable)"
"6823449",205,0,2022,2018,202203,1412714,29,1058.1,0,235865,2,21,23381,29,1,45,1,100,3,300,0,2,0,0,0,0,23381,14,"Not in identifiable area","Farmers, ranchers, and other agricultural managers"
"10929024",4055,41700,2022,2020,202203,6071788,68,353.7,4,2142508,2,22,49858,87,1,23,1,100,0,0,10,101,62,6206,0,0,10198,11,"San Antonio-New Braunfels, TX","Fast food and counter workers"
"91309",0,0,2022,2020,202203,4891059,6,133.8,0,32185,1,12,34447,7,2,94,1,100,0,0,4,40,0,0,0,0,34447,0,"Not in identifiable area","N/A (not applicable)"
"8671522",2100,12420,2022,2021,202203,6206334,15,2189,4,1716289,1,13,194564,16,2,44,1,100,0,0,11,115,64,6402,0,0,135114,93,"Austin-Round Rock, TX","Lawyers, and judges, magistrates, and other judicial workers"
"5996617",0,41860,2022,2021,202203,780630,1,6734.4,1,4335391,0,0,9999999,1,1,69,8,826,1,100,10,101,62,6211,0,0,22051,0,"San Francisco-Oakland-Hayward, CA","N/A (not applicable)"
"14976245",9121,29820,2022,2019,202203,3786106,24,4789.1,1,1951269,2,22,50522,24,2,54,1,100,0,0,6,65,0,0,0,0,50522,24,"Las Vegas-Henderson-Paradise, NV","Bus drivers, school"
"9042395",2310,34980,2022,2020,202203,5756398,10,2059,5,1670890,1,13,522378,6,2,41,1,100,0,0,10,101,52,5200,0,0,3399,72,"Nashville-Davidson--Murfreesboro--Franklin, TN","Elementary and middle school teachers"
"12632934",5000,35620,2022,2018,202203,4116098,24,24779.8,2,19567410,2,22,148821,23,2,39,1,100,4,450,10,101,60,6007,0,0,42086,68,"New York-Newark-Jersey City, NY-NJ-PA","First-line supervisors of office and administrative support workers"
"12941907",5240,49340,2022,2018,202203,2983508,23,1472.1,5,916980,1,13,124388,24,2,31,1,100,0,0,11,114,25,2599,0,0,124388,44,"Worcester, MA-CT","Customer service representatives"
"5465406",0,40060,2022,2018,202203,6448660,21,442.7,5,631390,1,13,97733,38,1,6,1,100,0,0,1,15,0,0,0,0,9999999,0,"Richmond, VA","N/A (not applicable)"
"15716893",9920,16740,2022,2018,202203,5546930,12,1114.3,6,2217012,2,22,9820,11,2,57,2,200,0,0,8,81,0,0,0,0,9820,0,"Charlotte-Concord-Gastonia, NC-SC","Unemployed, with no work experience in the last 5 years or earlier or never worked"
"6825695",205,34980,2022,2021,202203,5769213,20,1101.4,5,1670890,2,22,90797,24,1,68,1,100,0,0,6,63,0,0,0,0,64855,14,"Nashville-Davidson--Murfreesboro--Franklin, TN","Farmers, ranchers, and other agricultural managers"
"12741936",5120,16980,2022,2019,202203,2148010,28,2112.7,2,9461105,2,22,47421,28,2,65,1,100,0,0,6,65,0,0,0,0,47421,51,"Chicago-Naperville-Elgin, IL-IN-WI","Bookkeeping, accounting, and auditing clerks"
"6548174",20,19100,2022,2018,202203,5840312,20,5051.1,3,6426214,1,13,350718,20,1,35,1,100,0,0,10,101,50,5098,0,0,350718,68,"Dallas-Fort Worth-Arlington, TX","General and operations managers"
"4244468",0,49620,2022,2020,202203,5341835,5,491.7,1,434972,1,12,28329,5,2,66,1,100,0,0,6,64,0,0,0,0,16317,0,"York-Hanover, PA","N/A (not applicable)"
"108178",0,0,2022,2019,202203,3582137,12,155.7,0,37556,0,0,9999999,12,1,28,1,100,0,0,5,50,0,0,0,0,0,0,"Not in identifiable area","N/A (not applicable)"
"15247530",9150,38060,2022,2022,202203,264067,12,4594.1,2,4192887,2,22,75000,11,1,43,1,100,0,0,8,81,0,0,0,0,48000,10,"Phoenix-Mesa-Scottsdale, AZ","Motor vehicle operators, all other"
"1150138",0,16980,2022,2019,202203,2127358,23,14175.5,2,9461105,2,22,64300,23,2,41,7,700,1,100,6,63,0,0,0,0,0,0,"Chicago-Naperville-Elgin, IL-IN-WI","N/A (not applicable)"
"5354669",0,49740,2022,2018,202203,153866,16,1358.2,1,195751,1,13,432552,16,1,56,1,100,0,0,11,114,52,5200,0,0,70144,0,"Yuma, AZ","N/A (not applicable)"
"11505567",4435,0,2022,2019,202203,6797306,24,251.3,0,355172,1,12,22964,16,2,72,1,100,0,0,5,50,0,0,0,0,19635,19,"Not in identifiable area","Other entertainment attendants and related workers"
"15292553",9600,16740,2022,2019,202203,4601595,34,3341.7,6,2217012,2,22,25261,35,1,22,6,643,0,0,6,63,0,0,0,0,25261,18,"Charlotte-Concord-Gastonia, NC-SC","Industrial truck and tractor operators"
"13346372",5740,19500,2022,2018,202203,2050421,3,723.9,1,110768,1,13,63258,4,2,71,1,100,0,0,6,65,0,0,0,0,36825,61,"Decatur, IL","Secretaries and administrative assistants, except legal, medical, and executive"
"8535791",2005,40220,2022,2022,202203,6612383,10,258.6,5,216461,2,22,65000,9,1,30,1,100,0,0,6,65,0,0,0,0,37000,65,"Roanoke, VA","Rehabilitation counselors"
"10962802",4110,18140,2022,2018,202203,4768959,12,234.5,5,1901974,0,0,9999999,12,2,22,1,100,0,0,6,63,0,0,0,0,4559,16,"Columbus, OH","Waiters and waitresses"
"10313124",3603,12580,2022,2020,202203,2919168,58,4166.5,3,2710489,1,13,194107,56,2,53,2,200,0,0,6,63,0,0,0,0,33428,13,"Baltimore-Columbia-Towson, MD","Nursing assistants"
"9003830",2310,45300,2022,2019,202203,1475859,4,4023.9,1,2783243,1,12,169442,4,2,45,1,100,0,0,10,101,23,2313,0,0,344,72,"Tampa-St. Petersburg-Clearwater, FL","Elementary and middle school teachers"
"13715376",6200,26420,2022,2019,202203,5991500,16,7591.3,3,5920416,2,22,19520,16,1,38,1,100,1,100,3,30,0,0,0,0,19520,68,"Houston-The Woodlands-Sugar Land, TX","First-line supervisors of construction trades and extraction workers"
"3767543",0,0,2022,2022,202203,6954674,11,44.9,0,31660,1,12,130000,6,2,7,8,802,0,0,1,14,0,0,0,0,9999999,0,"Not in identifiable area","N/A (not applicable)"
"5991599",0,41860,2022,2019,202203,593846,12,5583.4,1,4335391,2,22,390394,12,2,5,6,610,0,0,1,11,0,0,0,0,9999999,0,"San Francisco-Oakland-Hayward, CA","N/A (not applicable)"
"4187335",0,19100,2022,2019,202203,5976845,9,2140,3,6426214,1,13,180155,23,2,4,1,100,1,100,0,2,0,0,0,0,9999999,0,"Dallas-Fort Worth-Arlington, TX","N/A (not applicable)"
"2958283",0,28940,2022,2021,202203,5773293,8,185,6,344919,1,12,186782,8,2,69,1,100,0,0,8,81,0,0,0,0,23888,0,"Knoxville, TN","N/A (not applicable)"
"6146473",0,36740,2022,2020,202203,1526374,21,590.2,4,2134411,2,22,28555,22,2,58,1,100,0,0,6,63,0,0,0,0,28555,0,"Orlando-Kissimmee-Sanford, FL","N/A (not applicable)"
"8870305",2300,28140,2022,2021,202203,2592686,43,1774.6,5,2009342,2,22,27023,43,2,24,1,100,0,0,8,81,0,0,0,0,27023,72,"Kansas City, MO-KS","Preschool and kindergarten teachers"
"13948759",6305,38300,2022,2020,202203,5366596,3,460.9,5,2356285,1,12,140509,2,1,65,1,100,0,0,0,2,0,0,0,0,93031,24,"Pittsburgh, PA","Construction equipment operators"
"4687317",0,19740,2022,2022,202203,1204896,18,176.2,4,1637783,1,13,277000,16,1,16,1,100,0,0,3,30,0,0,0,0,0,0,"Denver-Aurora-Lakewood, CO","N/A (not applicable)"
"8216733",1310,48140,2022,2018,202203,6852087,7,260.8,1,134063,1,13,122167,8,1,37,1,100,0,0,8,81,0,0,0,0,68975,48,"Wausau, WI","Surveyors, cartographers, and photogrammetrists"
"639048",0,0,2022,2019,202203,301130,22,259.5,0,116113,1,12,15271,23,2,82,2,200,0,0,6,63,0,0,0,0,1493,0,"Not in identifiable area","N/A (not applicable)"
"6516909",20,12060,2022,2019,202203,1852241,98,1835,4,5286728,2,22,157306,95,1,35,2,200,0,0,11,114,62,6207,0,0,82672,68,"Atlanta-Sandy Springs-Roswell, GA","General and operations managers"
"14989874",9122,36740,2022,2022,202203,1731096,15,1086.4,1,2134411,1,12,92000,15,2,65,1,100,0,0,6,63,0,0,0,0,23800,24,"Orlando-Kissimmee-Sanford, FL","Bus drivers, transit and intercity"
"14170585",7010,46140,2022,2022,202203,5113518,17,232.8,6,576989,1,13,52000,18,1,36,3,310,0,0,10,101,23,2306,61,6110,52000,36,"Tulsa, OK","Computer, automated teller, and office machine repairers"
"3081532",0,0,2022,2019,202203,5656897,12,56.9,0,12743,1,13,94843,3,2,3,1,100,0,0,0,2,0,0,0,0,9999999,0,"Not in identifiable area","N/A (not applicable)"
"4847769",0,39740,2022,2019,202203,5294524,14,4942.2,1,411442,1,13,173725,19,2,79,1,100,0,0,5,50,0,0,0,0,24457,0,"Reading, PA","N/A (not applicable)"
"9878790",3255,41860,2022,2021,202203,824777,30,6396.6,1,4335391,1,13,324274,46,1,38,6,678,0,0,10,101,61,6107,0,0,162137,46,"San Francisco-Oakland-Hayward, CA","Registered nurses"
"13933747",6260,0,2022,2021,202203,5766884,11,163.8,0,78433,1,12,96201,8,1,45,1,100,0,0,6,63,0,0,0,0,56207,8,"Not in identifiable area","Construction laborers"
"2968622",0,33460,2022,2022,202203,3468437,58,3919.6,4,3348859,2,22,12000,57,2,75,2,200,0,0,6,65,0,0,0,0,12000,0,"Minneapolis-St. Paul-Bloomington, MN-WI","N/A (not applicable)"
"15040610",9130,16740,2022,2019,202203,4607088,27,3341.7,6,2217012,1,13,58559,33,1,23,7,700,4,416,7,71,0,0,0,0,35595,15,"Charlotte-Concord-Gastonia, NC-SC","Driver/sales workers and truck drivers"
"9804687",3255,47300,2022,2020,202203,687501,20,1681.2,1,442179,1,12,105495,53,2,47,9,902,0,0,8,81,0,0,0,0,57450,46,"Visalia-Porterville, CA","Registered nurses"
"2937491",0,33460,2022,2022,202203,3480109,12,158.9,4,3348859,1,13,128020,13,1,3,1,100,0,0,0,2,0,0,0,0,9999999,0,"Minneapolis-St. Paul-Bloomington, MN-WI","N/A (not applicable)"
"6137749",0,26420,2022,2022,202203,6358923,19,3468.7,3,5920416,2,22,8000,20,1,1,6,669,0,0,0,1,0,0,0,0,9999999,0,"Houston-The Woodlands-Sugar Land, TX","N/A (not applicable)"
"1790203",0,31080,2022,2022,202203,995611,18,42432.9,1,12828837,2,22,22900,27,1,19,7,700,4,413,7,71,0,0,0,0,0,0,"Los Angeles-Long Beach-Anaheim, CA","N/A (not applicable)"
"5077327",0,35620,2022,2021,202203,4337292,16,53223.4,2,19567410,0,0,9999999,16,1,38,2,200,0,0,6,63,0,0,0,0,15889,0,"New York-Newark-Jersey City, NY-NJ-PA","N/A (not applicable)"
"7740103",800,22380,2022,2022,202203,257094,4,243.9,1,134444,1,12,154000,3,2,62,1,100,0,0,10,101,62,6201,0,0,143000,78,"Flagstaff, AZ","Accountants and auditors"
"10919666",4055,33860,2022,2022,202203,96674,71,174.8,6,374536,1,13,82000,98,1,16,1,100,0,0,4,40,0,0,0,0,1000,11,"Montgomery, AL","Fast food and counter workers"
"9986436",3300,0,2022,2022,202203,1965828,14,1087.1,0,232293,1,13,74000,13,2,62,2,200,0,0,6,63,0,0,0,0,56000,48,"Not in identifiable area","Clinical laboratory technologists and technicians"
"12171154",4760,47900,2022,2022,202203,6601999,29,4582.4,4,5636232,2,22,0,30,2,64,1,100,0,0,10,101,26,2602,0,0,0,47,"Washington-Arlington-Alexandria, DC-VA-MD-WV","Retail salespersons"
"13478050",5810,27260,2022,2018,202203,1386676,16,843.6,3,1345596,1,13,169163,18,1,24,1,100,1,100,10,101,55,5503,0,0,9352,45,"Jacksonville, FL","Data entry keyers"
"13203160",5540,40900,2022,2020,202203,767468,10,1936.8,1,2149127,1,13,118980,10,1,55,4,400,0,0,6,63,0,0,0,0,73654,44,"Sacramento--Roseville--Arden-Arcade, CA","Postal service clerks"
"13013280",5260,35620,2022,2022,202203,4014607,10,1840.5,2,19567410,1,12,87000,11,1,55,4,410,0,0,10,101,33,3301,0,0,87000,44,"New York-Newark-Jersey City, NY-NJ-PA","File clerks"
"4763333",0,19780,2022,2020,202203,2510186,128,3572.3,6,569633,2,22,18810,129,1,65,1,100,0,0,11,114,24,2406,0,0,18810,0,"Des Moines-West Des Moines, IA","N/A (not applicable)"
"8748103",2145,47900,2022,2020,202203,1314763,16,23968.6,5,5636232,2,22,235750,110,1,27,2,200,0,0,10,101,62,6206,0,0,45326,44,"Washington-Arlington-Alexandria, DC-VA-MD-WV","Paralegals and legal assistants"
"4388191",0,19100,2022,2020,202203,6067408,35,5574.4,3,6426214,1,13,19037,35,2,32,1,100,1,100,6,63,0,0,0,0,0,0,"Dallas-Fort Worth-Arlington, TX","N/A (not applicable)"
"3398457",0,0,2022,2022,202203,6825247,16,471.2,0,100781,1,13,70000,11,1,0,1,100,0,0,0,1,0,0,0,0,9999999,0,"Not in identifiable area","N/A (not applicable)"
"9609049",3010,37340,2022,2022,202203,1716714,9,2565.8,1,543376,1,13,135400,9,1,78,1,100,0,0,11,115,61,6106,0,0,117800,96,"Palm Bay-Melbourne-Titusville, FL","Dentists"
"14220419",7200,38900,2022,2022,202203,5193759,13,6222.8,4,2226009,1,13,78900,13,1,62,1,100,0,0,7,71,0,0,0,0,55900,19,"Portland-Vancouver-Hillsboro, OR-WA","Automotive service technicians and mechanics"
"8630589",2040,33740,2022,2021,202203,2788112,14,584.3,6,176441,1,12,99012,14,1,56,2,200,0,0,11,115,48,4801,0,0,99012,52,"Monroe, LA","Clergy"
"12657667",5000,16620,2022,2019,202203,6801161,22,496.1,6,227078,1,13,134341,22,2,52,1,100,0,0,6,63,0,0,0,0,14927,68,"Charleston, WV","First-line supervisors of office and administrative support workers"
"7137628",420,0,2022,2018,202203,5035930,18,1385.9,0,937478,1,12,56232,17,2,76,2,200,0,0,8,81,0,0,0,0,56232,68,"Not in identifiable area","Social and community service managers"
"5635530",0,26420,2022,2018,202203,5893025,12,5701.8,3,5920416,2,22,14496,13,1,10,1,100,4,416,2,22,0,0,0,0,9999999,0,"Houston-The Woodlands-Sugar Land, TX","N/A (not applicable)"
"12040194",4720,37340,2022,2018,202203,1402109,11,2091.3,1,543376,2,22,37410,12,1,76,1,100,0,0,7,71,0,0,0,0,37410,44,"Palm Bay-Melbourne-Titusville, FL","Cashiers"
"2236210",0,0,2022,2019,202203,2369848,43,118.5,0,192786,1,12,35710,42,2,66,1,100,0,0,8,81,0,0,0,0,17797,0,"Not in identifiable area","N/A (not applicable)"
"11092804",4140,19660,2022,2022,202203,1693243,20,899.8,1,590289,2,22,140000,28,1,54,1,100,0,0,6,63,0,0,0,0,30000,11,"Deltona-Daytona Beach-Ormond Beach, FL","Dishwashers"
"9363266",2545,16700,2022,2018,202203,5539537,8,1764.5,1,664607,0,0,9999999,8,2,24,8,830,0,0,7,71,0,0,0,0,4910,65,"Charleston-North Charleston, SC","Teaching assistants"
"5788552",0,36740,2022,2018,202203,1387217,21,1507.1,4,2134411,1,13,190440,35,2,81,6,600,0,0,6,61,0,0,0,0,2923,0,"Orlando-Kissimmee-Sanford, FL","N/A (not applicable)"
"8252330",1360,45300,2022,2020,202203,1558480,19,2695.8,1,2783243,1,12,275353,19,1,53,1,100,0,0,10,101,24,2414,0,0,264022,84,"Tampa-St. Petersburg-Clearwater, FL","Civil engineers"
"8835212",2205,33460,2022,2019,202203,3388308,21,6554,5,3348859,0,0,9999999,21,1,20,1,100,0,0,7,71,0,0,0,0,17797,84,"Minneapolis-St. Paul-Bloomington, MN-WI","Postsecondary teachers"
"15088924",9130,39740,2022,2022,202203,5497230,14,652.8,1,411442,1,13,69000,14,1,45,1,100,0,0,10,101,26,2602,0,0,69000,15,"Reading, PA","Driver/sales workers and truck drivers"
"14139080",6765,36420,2022,2020,202203,5077630,19,145.7,5,391856,1,13,75920,19,1,55,1,100,0,0,7,71,0,0,0,0,22663,8,"Oklahoma City, OK","Other construction and related workers"
"11785883",4700,47260,2022,2018,202203,6453237,44,5791.9,5,1676822,2,22,119244,40,2,46,1,100,0,0,7,71,0,0,0,0,90018,68,"Virginia Beach-Norfolk-Newport News, VA-NC","First-line supervisors of retail sales workers"
"2329394",0,0,2022,2018,202203,3143907,14,66.4,0,44972,1,12,43840,13,2,71,1,100,0,0,6,63,0,0,0,0,9937,0,"Not in identifiable area","N/A (not applicable)"
"15069203",9130,34980,2022,2021,202203,5760937,17,774.3,5,1670890,1,13,20159,17,2,36,1,100,0,0,7,71,0,0,0,0,16052,15,"Nashville-Davidson--Murfreesboro--Franklin, TN","Driver/sales workers and truck drivers"
"5439832",0,39300,2022,2022,202203,3126114,60,4120,1,1600852,2,22,31700,105,2,15,7,700,2,200,3,30,0,0,0,0,0,0,"Providence-Warwick, RI-MA","N/A (not applicable)"
"14352163",7340,36780,2022,2019,202203,6864242,22,1385.3,1,166994,1,13,213568,21,1,35,1,100,0,0,6,63,0,0,0,0,172233,27,"Oshkosh-Neenah, WI","Maintenance and repair workers, general"
"11860631",4700,13380,2022,2021,202203,6728272,67,667.7,1,201140,2,22,40534,66,2,37,1,100,0,0,6,63,0,0,0,0,40534,68,"Bellingham, WA","First-line supervisors of retail sales workers"
"2746639",0,33100,2022,2022,202203,1681341,5,5069,2,5564635,1,13,138250,7,1,9,1,100,0,0,1,12,0,0,0,0,9999999,0,"Miami-Fort Lauderdale-West Palm Beach, FL","N/A (not applicable)"
"11545864",4510,41620,2022,2021,202203,6406125,14,3381.6,4,1087873,1,13,216182,7,2,49,6,640,0,0,6,63,0,0,0,0,64855,17,"Salt Lake City, UT","Hairdressers, hairstylists, and cosmetologists"
"5237196",0,45300,2022,2019,202203,1451118,7,2695.8,1,2783243,1,13,129749,10,2,8,2,200,0,0,1,14,0,0,0,0,9999999,0,"Tampa-St. Petersburg-Clearwater, FL","N/A (not applicable)"
"3089241",0,17460,2022,2021,202203,4956941,14,752.9,1,2077240,1,13,199861,13,1,13,8,826,0,0,2,22,0,0,0,0,9999999,0,"Cleveland-Elyria, OH","N/A (not applicable)"
"7299467",440,41860,2022,2018,202203,474829,27,3247.3,1,4335391,2,22,205053,27,2,39,1,100,0,0,11,114,21,2102,0,0,-2689,68,"San Francisco-Oakland-Hayward, CA","Other managers"
"15053955",9130,0,2022,2021,202203,5771976,15,78.4,0,25417,1,13,59450,26,1,56,1,100,0,0,6,65,0,0,0,0,54046,15,"Not in identifiable area","Driver/sales workers and truck drivers"
"10134367",3515,22660,2022,2021,202203,1164520,20,842,1,299630,1,12,145491,19,1,67,9,907,1,100,10,101,62,6206,0,0,31995,44,"Fort Collins, CO","Medical records specialists"
"13471013",5740,22220,2022,2020,202203,305383,14,547.5,5,463204,2,22,88158,14,2,34,1,100,0,0,7,71,0,0,0,0,31501,61,"Fayetteville-Springdale-Rogers, AR-MO","Secretaries and administrative assistants, except legal, medical, and executive"
"15494974",9640,19100,2022,2021,202203,6150464,12,4058.5,3,6426214,1,13,46047,14,1,25,2,200,0,0,6,65,0,0,0,0,10809,18,"Dallas-Fort Worth-Arlington, TX","Packers and packagers, hand"
"11676324",4621,37340,2022,2018,202203,1378655,10,1906.5,1,543376,2,22,33318,10,1,77,1,100,0,0,11,114,64,6402,55,5506,33318,52,"Palm Bay-Melbourne-Titusville, FL","Exercise trainers and group fitness instructors"
"11650918",4600,40380,2022,2021,202203,4365173,19,2451.9,6,1079671,1,13,120738,17,2,60,1,100,0,0,6,64,0,0,0,0,19132,26,"Rochester, NY","Childcare workers"
"10850947",4030,0,2022,2018,202203,2549341,2,95.2,0,20107,0,0,9999999,2,1,35,1,100,0,0,7,71,0,0,0,0,9352,15,"Not in identifiable area","Food preparation workers"
"9884244",3255,0,2022,2022,202203,6826282,40,507,0,275827,1,13,56000,39,2,44,1,100,0,0,10,101,61,6107,0,0,56000,46,"Not in identifiable area","Registered nurses"
"4669349",0,37980,2022,2021,202203,5405265,21,724.9,2,5965343,1,13,97282,20,2,61,1,100,0,0,6,63,0,0,0,0,0,0,"Philadelphia-Camden-Wilmington, PA-NJ-DE-MD","N/A (not applicable)"
"5153536",0,35620,2022,2020,202203,4296970,16,2290.9,2,19567410,1,13,145722,14,1,14,1,100,0,0,2,26,0,0,0,0,9999999,0,"New York-Newark-Jersey City, NY-NJ-PA","N/A (not applicable)"
"13437109",5740,41740,2022,2018,202203,436784,8,5943,1,3095313,1,13,109541,8,2,20,1,100,1,100,6,64,0,0,0,0,8885,61,"San Diego-Carlsbad, CA","Secretaries and administrative assistants, except legal, medical, and executive"
"753799",0,15980,2022,2019,202203,1506543,37,1020.5,1,618754,1,12,64415,37,1,80,1,100,0,0,5,50,0,0,0,0,21816,0,"Cape Coral-Fort Myers, FL","N/A (not applicable)"
"3471978",0,47900,2022,2022,202203,6587814,10,4464.4,4,5636232,1,12,49400,9,1,94,1,100,0,0,6,63,0,0,0,0,49400,0,"Washington-Arlington-Alexandria, DC-VA-MD-WV","N/A (not applicable)"
"37827",0,0,2022,2019,202203,3184652,27,86.3,0,39966,2,22,43632,22,1,12,1,100,0,0,2,22,0,0,0,0,9999999,0,"Not in identifiable area","N/A (not applicable)"
"13505330",5840,42660,2022,2022,202203,6764060,13,5254,1,3439809,2,22,93200,12,2,70,1,100,0,0,6,63,0,0,0,0,22500,44,"Seattle-Tacoma-Bellevue, WA","Insurance claims and policy processing clerks"
"1540375",0,17460,2022,2020,202203,4912052,50,1519.9,1,2077240,1,13,130311,57,2,51,1,100,0,0,6,63,0,0,0,0,0,0,"Cleveland-Elyria, OH","N/A (not applicable)"
"13996673",6355,27180,2022,2019,202203,5709038,19,423.7,6,130011,1,12,137786,19,1,56,1,100,0,0,6,65,0,0,0,0,103340,44,"Jackson, TN","Electricians"
"234822",0,0,2022,2022,202203,123099,14,85.8,0,45883,1,12,26400,19,1,3,8,811,0,0,0,2,0,0,0,0,9999999,0,"Not in identifiable area","N/A (not applicable)"
"1353181",0,28940,2022,2019,202203,5716655,21,89.5,6,143806,1,12,3330,22,2,71,1,100,0,0,6,63,0,0,0,0,3330,0,"Knoxville, TN","N/A (not applicable)"
"11243049",4220,0,2022,2019,202203,5324039,17,151.2,0,69752,1,13,40188,17,1,25,1,100,0,0,8,81,0,0,0,0,40188,9,"Not in identifiable area","Janitors and building cleaners"
"5033981",0,31080,2022,2021,202203,882064,17,13434.8,1,12828837,2,22,68854,20,2,2,7,700,1,100,0,1,0,0,0,0,9999999,0,"Los Angeles-Long Beach-Anaheim, CA","N/A (not applicable)"
"1664174",0,0,2022,2020,202203,6081905,29,439,0,405300,2,22,20623,33,2,15,2,200,0,0,4,40,0,0,0,0,0,0,"Not in identifiable area","N/A (not applicable)"
"2551023",0,13140,2022,2022,202203,6302561,13,1272.3,4,403190,1,13,70000,10,2,0,1,100,0,0,0,1,0,0,0,0,9999999,0,"Beaumont-Port Arthur, TX","N/A (not applicable)"
"2612953",0,21340,2022,2019,202203,6045532,10,3785.8,2,804123,1,12,4134,11,2,77,1,100,0,0,6,63,0,0,0,0,4134,0,"El Paso, TX","N/A (not applicable)"
"2131715",0,12060,2022,2021,202203,1925879,85,2541.4,4,5286728,1,13,50803,103,1,63,2,200,0,0,6,63,0,0,0,0,0,0,"Atlanta-Sandy Springs-Roswell, GA","N/A (not applicable)"
"5428514",0,46340,2022,2021,202203,6188078,4,1532.1,1,209714,1,12,27455,3,2,75,2,200,0,0,11,114,23,2304,0,0,14592,0,"Tyler, TX","N/A (not applicable)"
"8010322",1021,31080,2022,2018,202203,429505,6,7396.1,1,12828837,1,13,166007,6,1,69,6,600,0,0,11,115,24,2406,0,0,119244,65,"Los Angeles-Long Beach-Anaheim, CA","Software developers"
"1136010",0,0,2022,2018,202203,5124620,61,537.6,0,102332,2,22,6547,68,2,13,1,100,0,0,2,25,0,0,0,0,9999999,0,"Not in identifiable area","N/A (not applicable)"
"8156882",1108,44300,2022,2020,202203,5335352,1,724.1,1,153990,0,0,9999999,1,1,20,1,100,0,0,7,71,0,0,0,0,10425,65,"State College, PA","Computer occupations, all other"
"2366318",0,12540,2022,2019,202203,583105,21,4088.9,1,839631,2,22,51670,19,2,39,7,700,1,100,6,63,0,0,0,0,0,0,"Bakersfield, CA","N/A (not applicable)"
"10270744",3602,0,2022,2021,202203,323244,20,85.2,0,43971,1,12,60855,21,2,73,1,100,0,0,7,71,0,0,0,0,21943,13,"Not in identifiable area","Personal care aides"
"9901886",3255,0,2022,2021,202203,5178715,6,345,0,390738,1,13,91121,6,2,38,1,100,0,0,8,81,0,0,0,0,30590,46,"Not in identifiable area","Registered nurses"
"3268751",0,35620,2022,2020,202203,4322607,64,2328.6,2,19567410,1,13,50991,64,2,80,1,100,0,0,6,63,0,0,0,0,0,0,"New York-Newark-Jersey City, NY-NJ-PA","N/A (not applicable)"
"397429",0,0,2022,2022,202203,3351968,9,200.6,0,107491,1,12,18800,9,2,77,1,100,0,0,6,63,0,0,0,0,18800,0,"Not in identifiable area","N/A (not applicable)"
"652426",0,15380,2022,2019,202203,4197703,25,605.9,1,1135509,1,12,90709,25,1,80,1,100,0,0,8,81,0,0,0,0,53966,0,"Buffalo-Cheektowaga-Niagara Falls, NY","N/A (not applicable)"
"3976800",0,31140,2022,2022,202203,2440780,18,342.4,3,1235708,0,0,9999999,18,1,80,2,200,0,0,6,63,0,0,0,0,0,0,"Louisville/Jefferson County, KY-IN","N/A (not applicable)"
"6461450",10,41700,2022,2018,202203,5851208,11,3748.5,4,2142508,1,13,240826,11,1,45,1,100,0,0,7,71,0,0,0,0,146132,68,"San Antonio-New Braunfels, TX","Chief executives and legislators"
"11884372",4710,26420,2022,2019,202203,5987245,43,2485.4,3,5920416,1,12,409914,45,1,28,1,100,0,0,6,63,0,0,0,0,409914,68,"Houston-The Woodlands-Sugar Land, TX","First-line supervisors of non-retail sales workers"
"2254585",0,12420,2022,2018,202203,5847551,20,410.8,4,1716289,1,13,215177,19,1,70,1,100,0,0,10,101,23,2399,0,0,16367,0,"Austin-Round Rock, TX","N/A (not applicable)"
"5853191",0,33460,2022,2018,202203,3377842,15,6424.9,5,3348859,1,13,49101,17,2,5,1,100,0,0,1,11,0,0,0,0,9999999,0,"Minneapolis-St. Paul-Bloomington, MN-WI","N/A (not applicable)"
"2267970",0,31080,2022,2020,202203,747345,64,11620.1,1,12828837,2,22,90651,67,2,59,1,100,1,100,2,26,0,0,0,0,0,0,"Los Angeles-Long Beach-Anaheim, CA","N/A (not applicable)"
"14242314",7200,40900,2022,2018,202203,408116,22,5175.8,1,2149127,2,22,133273,23,1,41,7,700,1,100,6,63,0,0,0,0,50270,19,"Sacramento--Roseville--Arden-Arcade, CA","Automotive service technicians and mechanics"
"15145988",9130,0,2022,2019,202203,5969653,19,839.2,0,214369,1,13,105636,10,1,40,2,200,0,0,6,64,0,0,0,0,34447,15,"Not in identifiable area","Driver/sales workers and truck drivers"
"8113435",1065,15180,2022,2022,202203,6254554,7,4525,1,406220,1,12,38000,7,2,55,8,826,1,100,10,101,21,2100,0,0,38000,65,"Brownsville-Harlingen, TX","Database administrators and architects"
"12270162",4760,23420,2022,2018,202203,478780,10,490,1,930450,1,13,105215,10,1,43,1,100,0,0,7,71,0,0,0,0,93525,47,"Fresno, CA","Retail salespersons"
"10869120",4030,0,2022,2022,202203,4985917,37,362.4,0,114093,2,22,25000,36,2,57,2,200,0,0,6,63,0,0,0,0,25000,15,"Not in identifiable area","Food preparation workers"
"12914626",5240,0,2022,2021,202203,3454166,9,101.6,0,53708,1,13,235963,10,2,20,1,100,0,0,7,71,0,0,0,0,4864,44,"Not in identifiable area","Customer service representatives"
"1936160",0,36260,2022,2021,202203,6397323,22,1742.2,5,597159,2,22,56316,22,1,83,1,100,0,0,7,71,0,0,0,0,36751,0,"Ogden-Clearfield, UT","N/A (not applicable)"
"13208534",5540,38900,2022,2021,202203,5188201,12,6154.9,5,2226009,1,13,133601,14,2,58,1,100,0,0,7,71,0,0,0,0,46479,44,"Portland-Vancouver-Hillsboro, OR-WA","Postal service clerks"
"9460351",2640,17900,2022,2019,202203,5570486,12,319.1,1,767598,1,13,164769,13,1,59,1,100,0,0,7,71,0,0,0,0,143527,73,"Columbia, SC","Other designers"
"7408205",520,19100,2022,2019,202203,5975057,59,1338.4,3,6426214,1,13,82442,58,1,32,1,100,0,0,10,101,40,4000,0,0,48225,72,"Dallas-Fort Worth-Arlington, TX","Wholesale and retail buyers, except farm products"
"9031088",2310,19740,2022,2018,202203,1089311,21,3858.2,4,2543482,1,12,155719,21,2,35,1,100,0,0,11,114,23,2309,0,0,65467,72,"Denver-Aurora-Lakewood, CO","Elementary and middle school teachers"
"14706764",8310,41860,2022,2021,202203,785460,15,14612.8,1,4335391,1,12,108524,23,2,50,7,700,4,412,0,2,0,0,0,0,15133,15,"San Francisco-Oakland-Hayward, CA","Pressers, textile, garment, and related materials"
"8329047",1530,0,2022,2022,202203,2709359,14,74.4,0,45507,1,13,110000,12,1,45,1,100,0,0,7,71,0,0,0,0,51000,87,"Not in identifiable area","Other engineers"
"2722098",0,22660,2022,2019,202203,1112639,14,842,1,299630,1,13,112525,14,2,63,1,100,0,0,6,63,0,0,0,0,3445,0,"Fort Collins, CO","N/A (not applicable)"
"9992486",3300,22660,2022,2020,202203,1141400,7,842,1,299630,1,12,169405,11,2,66,1,100,0,0,10,101,36,3600,0,0,42379,48,"Fort Collins, CO","Clinical laboratory technologists and technicians"
"13216148",5550,0,2022,2022,202203,6958733,3,56.2,0,54277,1,13,141000,3,2,48,1,100,0,0,6,63,0,0,0,0,49000,53,"Not in identifiable area","Postal service mail carriers"
"14374913",7340,35620,2022,2020,202203,3937880,15,1944.3,2,19567410,1,13,158640,15,1,32,1,100,2,200,6,63,0,0,0,0,158640,27,"New York-Newark-Jersey City, NY-NJ-PA","Maintenance and repair workers, general"
"666455",0,0,2022,2020,202203,313880,23,86.9,0,29899,1,12,103184,14,2,10,2,200,0,0,1,17,0,0,0,0,9999999,0,"Not in identifiable area","N/A (not applicable)"
"12078263",4720,41860,2022,2019,202203,591764,16,27323.6,1,4335391,1,13,383390,11,1,19,1,100,0,0,6,65,0,0,0,0,4593,44,"San Francisco-Oakland-Hayward, CA","Cashiers"
"1888261",0,0,2022,2020,202203,1866459,3,254.5,0,84965,1,12,31955,54,2,13,2,200,0,0,2,23,0,0,0,0,9999999,0,"Not in identifiable area","N/A (not applicable)"
"4936051",0,19820,2022,2020,202203,3231275,14,865,4,4296250,1,13,190413,14,1,2,1,100,0,0,0,1,0,0,0,0,9999999,0,"Detroit-Warren-Dearborn, MI","N/A (not applicable)"
"9999201",3300,31080,2022,2022,202203,998196,35,5740.6,1,12828837,2,22,188600,47,1,28,8,826,1,100,6,63,0,0,0,0,47000,48,"Los Angeles-Long Beach-Anaheim, CA","Clinical laboratory technologists and technicians"
"7935468",1006,31080,2022,2022,202203,952996,9,7752.7,1,12828837,1,12,109000,9,1,65,1,100,0,0,10,101,62,6299,0,0,50000,65,"Los Angeles-Long Beach-Anaheim, CA","Computer systems analysts"
"3935064",0,17460,2022,2018,202203,4770016,16,2364.2,1,2077240,1,12,544782,16,2,43,1,100,0,0,11,116,50,5003,0,0,2338,0,"Cleveland-Elyria, OH","N/A (not applicable)"
"12666279",5000,28140,2022,2022,202203,2604119,13,2143,4,2009342,1,13,261000,13,2,38,1,100,0,0,10,101,11,1102,40,4001,134000,68,"Kansas City, MO-KS","First-line supervisors of office and administrative support workers"
"10704612",4020,0,2022,2021,202203,4661951,54,293.3,0,126802,1,13,106470,54,1,38,1,100,0,0,7,71,0,0,0,0,43236,15,"Not in identifiable area","Cooks"
"1287097",0,0,2022,2020,202203,6712594,40,237.8,0,55220,1,13,116713,22,1,57,8,802,0,0,7,71,0,0,0,0,71388,0,"Not in identifiable area","N/A (not applicable)"
"8414938",1720,41620,2022,2019,202203,6378220,22,3987.3,4,1087873,2,22,94498,22,1,31,1,100,0,0,10,101,50,5003,0,0,69237,79,"Salt Lake City, UT","Chemists and materials scientists"
"257435",0,0,2022,2021,202203,3652294,7,46,0,10416,1,13,70259,5,1,3,1,100,0,0,0,2,0,0,0,0,9999999,0,"Not in identifiable area","N/A (not applicable)"
"10688087",4020,31080,2022,2020,202203,698817,49,11663.2,1,12828837,2,22,101303,56,2,46,7,700,1,100,0,2,0,0,0,0,0,15,"Los Angeles-Long Beach-Anaheim, CA","Cooks"
"8778747",2205,0,2022,2018,202203,2324621,6,2916.2,0,319224,1,12,358901,6,1,63,1,100,0,0,11,116,33,3301,0,0,306294,84,"Not in identifiable area","Postsecondary teachers"
"3642299",0,49340,2022,2022,202203,3103578,2,1394.3,4,916982,0,0,9999999,2,2,87,1,100,0,0,6,63,0,0,0,0,13000,0,"Worcester, MA-CT","N/A (not applicable)"
"1373767",0,0,2022,2022,202203,2706445,14,119.5,0,65849,2,22,21600,11,2,1,1,100,0,0,0,1,0,0,0,0,9999999,0,"Not in identifiable area","N/A (not applicable)"
"6281855",0,31080,2022,2022,202203,963461,6,15240.5,1,12828837,2,22,45000,7,1,16,7,700,1,100,3,30,0,0,0,0,0,0,"Los Angeles-Long Beach-Anaheim, CA","N/A (not applicable)"
"5326538",0,36740,2022,2021,202203,1649619,24,4278.7,4,2134411,1,13,25293,41,1,41,8,826,2,200,6,61,0,0,0,0,0,0,"Orlando-Kissimmee-Sanford, FL","N/A (not applicable)"
"13016743",5260,19100,2022,2018,202203,5836252,11,4683.9,3,6426214,1,13,137949,10,2,39,1,100,4,498,6,63,0,0,0,0,35072,44,"Dallas-Fort Worth-Arlington, TX","File clerks"
"639863",0,0,2022,2018,202203,4527295,92,68.6,0,54751,1,13,55998,91,2,84,1,100,0,0,6,63,0,0,0,0,0,0,"Not in identifiable area","N/A (not applicable)"
"4213367",0,35620,2022,2020,202203,4327904,8,6305,2,19567410,1,13,148895,9,1,32,1,100,0,0,6,61,0,0,0,0,9518,0,"New York-Newark-Jersey City, NY-NJ-PA","N/A (not applicable)"
"7986732",1021,19100,2022,2021,202203,6131545,8,2492.6,3,6426214,0,0,9999999,8,1,20,1,100,0,0,6,63,0,0,0,0,324,65,"Dallas-Fort Worth-Arlington, TX","Software developers"
"15039165",9130,12060,2022,2021,202203,1912200,50,312.9,4,658899,2,22,84311,49,1,31,1,100,0,0,6,63,0,0,0,0,84311,15,"Atlanta-Sandy Springs-Roswell, GA","Driver/sales workers and truck drivers"
"4282650",0,31080,2022,2022,202203,944946,18,12549.4,1,12828837,2,22,57000,21,1,17,8,826,1,100,5,50,0,0,0,0,0,0,"Los Angeles-Long Beach-Anaheim, CA","N/A (not applicable)"
"11486603",4350,0,2022,2018,202203,2865623,6,430.3,0,650441,1,13,394908,8,2,18,1,100,0,0,6,65,0,0,0,0,1169,18,"Not in identifiable area","Animal caretakers"
"11335487",4230,0,2022,2022,202203,5030151,22,228.8,0,71525,2,21,45000,11,2,31,1,100,0,0,6,63,0,0,0,0,15000,10,"Not in identifiable area","Maids and housekeeping cleaners"
"14467425",7700,0,2022,2019,202203,3390235,6,103,0,57098,1,12,94406,5,1,50,1,100,0,0,10,101,49,4901,0,0,47766,49,"Not in identifiable area","First-line supervisors of production and operating workers"
"15500899",9640,14460,2022,2021,202203,3098767,33,12878,4,4552402,1,13,148625,37,1,58,1,100,0,0,6,63,0,0,0,0,45939,18,"Boston-Cambridge-Newton, MA-NH","Packers and packagers, hand"
"7613658",710,12420,2022,2021,202203,6220919,21,375.5,4,1716289,2,22,189160,21,1,51,1,100,0,0,8,81,0,0,0,0,32427,86,"Austin-Round Rock, TX","Management analysts"
"1553521",0,29820,2022,2018,202203,3771870,33,1530,1,1951269,2,22,20342,33,2,59,1,100,0,0,8,81,0,0,0,0,9820,0,"Las Vegas-Henderson-Paradise, NV","N/A (not applicable)"
"12109210",4720,0,2022,2019,202203,2644415,14,235.3,0,110423,2,22,42714,7,2,16,1,100,0,0,4,40,0,0,0,0,4823,44,"Not in identifiable area","Cashiers"
"11975451",4720,14460,2022,2022,202203,3110101,7,21369,3,4552402,1,13,298000,6,2,17,1,100,0,0,5,50,0,0,0,0,3000,44,"Boston-Cambridge-Newton, MA-NH","Cashiers"
"12193399",4760,46060,2022,2021,202203,215484,6,4746.6,1,980263,1,13,69395,6,1,67,8,802,0,0,7,71,0,0,0,0,41831,47,"Tucson, AZ","Retail salespersons"
"13601538",5860,0,2022,2021,202203,3275050,3,80.2,0,32078,1,13,110902,3,2,53,1,100,0,0,7,71,0,0,0,0,26590,44,"Not in identifiable area","Office clerks, general"
"12350433",4760,31080,2022,2019,202203,585296,36,8107,1,12828837,2,22,41336,37,1,35,7,700,1,100,6,63,0,0,0,0,41336,47,"Los Angeles-Long Beach-Anaheim, CA","Retail salespersons"
"4933617",0,42220,2022,2021,202203,825330,39,2674.5,1,483878,1,13,91878,44,1,15,1,100,0,0,3,30,0,0,0,0,0,0,"Santa Rosa, CA","N/A (not applicable)"
"14728180",8500,17020,2022,2021,202203,785302,35,314.2,1,220000,2,21,63774,35,1,56,8,826,1,100,7,71,0,0,0,0,36751,23,"Chico, CA","Cabinetmakers and bench carpenters"
"1188868",0,0,2022,2019,202203,534072,54,57.4,0,35035,2,22,9186,43,1,7,1,100,0,0,1,14,0,0,0,0,9999999,0,"Not in identifiable area","N/A (not applicable)"
"5662620",0,45780,2022,2018,202203,4808572,16,468.5,5,212132,1,12,39304,16,2,75,1,100,0,0,6,63,0,0,0,0,39304,0,"Toledo, OH","N/A (not applicable)"
"12120250",4720,25540,2022,2021,202203,1262846,19,936.1,1,1212381,1,13,0,18,2,68,1,100,0,0,6,63,0,0,0,0,0,44,"Hartford-West Hartford-East Hartford, CT","Cashiers"
"3286654",0,37980,2022,2020,202203,5333533,12,3346.6,2,5965343,0,0,9999999,12,2,84,1,100,0,0,6,63,0,0,0,0,10312,0,"Philadelphia-Camden-Wilmington, PA-NJ-DE-MD","N/A (not applicable)"
"363483",0,14460,2022,2020,202203,3043521,1,1086.3,4,4552402,0,0,9999999,1,2,72,1,100,0,0,7,71,0,0,0,0,0,0,"Boston-Cambridge-Newton, MA-NH","N/A (not applicable)"
"3757544",0,12060,2022,2018,202203,1782347,16,680.9,4,5286728,1,13,550627,17,2,8,1,100,0,0,1,15,0,0,0,0,9999999,0,"Atlanta-Sandy Springs-Roswell, GA","N/A (not applicable)"
"9971669",3258,0,2022,2021,202203,3642769,14,70.2,0,25029,1,13,172946,13,2,58,1,100,0,0,11,114,61,6107,0,0,129709,46,"Not in identifiable area","Nurse practitioners, and nurse midwives"
"1057485",0,40140,2022,2019,202203,588921,67,4985.2,1,4224851,2,22,36743,38,1,14,2,200,0,0,2,26,0,0,0,0,9999999,0,"Riverside-San Bernardino-Ontario, CA","N/A (not applicable)"
"10855134",4030,0,2022,2021,202203,5391955,5,403.1,0,109401,0,0,9999999,5,1,18,2,200,0,0,6,63,0,0,0,0,7210,15,"Not in identifiable area","Food preparation workers"
"3205684",0,16740,2022,2019,202203,4602870,14,614.9,6,2217012,1,13,193245,13,1,3,1,100,0,0,0,2,0,0,0,0,9999999,0,"Charlotte-Concord-Gastonia, NC-SC","N/A (not applicable)"
"13494253",5820,42200,2022,2019,202203,553827,14,4007.4,1,423895,1,13,62922,13,2,75,1,100,0,0,6,63,0,0,0,0,62922,61,"Santa Maria-Santa Barbara, CA","Word processors and typists"
"5650396",0,41700,2022,2020,202203,6079390,10,353.7,4,2142508,1,13,88158,12,2,72,1,100,0,0,8,81,0,0,0,0,21756,0,"San Antonio-New Braunfels, TX","N/A (not applicable)"
"4206112",0,38860,2022,2022,202203,2843952,28,215.1,1,514098,1,12,49000,28,1,86,1,100,0,0,6,63,0,0,0,0,28000,0,"Portland-South Portland, ME","N/A (not applicable)"
"3080242",0,0,2022,2022,202203,6963928,6,44.9,0,31660,1,13,44000,6,1,80,1,100,0,0,10,101,55,5501,0,0,24000,0,"Not in identifiable area","N/A (not applicable)"
"9794083",3255,31080,2022,2022,202203,1076068,10,8427,1,12828837,2,22,233500,10,2,55,6,600,0,0,10,101,61,6107,0,0,220000,46,"Los Angeles-Long Beach-Anaheim, CA","Registered nurses"
"14293391",7260,42660,2022,2019,202203,6686105,9,2543.5,1,3439809,1,13,164540,11,1,16,1,100,0,0,4,40,0,0,0,0,2641,19,"Seattle-Tacoma-Bellevue, WA","Miscellaneous vehicle and mobile equipment mechanics, installers, and repairers"
"7180941",440,38060,2022,2022,202203,254841,24,1225.8,2,4192887,1,12,146100,25,2,31,3,318,0,0,6,63,0,0,0,0,30000,68,"Phoenix-Mesa-Scottsdale, AZ","Other managers"
"5899846",0,47900,2022,2020,202203,6520814,34,1068.1,5,5636232,1,13,276033,60,2,29,8,826,2,200,7,71,0,0,0,0,0,0,"Washington-Arlington-Alexandria, DC-VA-MD-WV","N/A (not applicable)"
"736496",0,15980,2022,2022,202203,1717501,25,1570.1,1,618754,1,12,50000,38,2,7,1,100,0,0,1,14,0,0,0,0,9999999,0,"Cape Coral-Fort Myers, FL","N/A (not applicable)"
"15062657",9130,12060,2022,2022,202203,1949514,51,533.8,4,5286728,2,22,66000,67,1,58,2,200,0,0,6,63,0,0,0,0,18000,15,"Atlanta-Sandy Springs-Roswell, GA","Driver/sales workers and truck drivers"
"4616878",0,12260,2022,2021,202203,1923136,22,1253.6,5,564873,2,21,12971,27,2,9,1,100,0,0,1,16,0,0,0,0,9999999,0,"Augusta-Richmond County, GA-SC","N/A (not applicable)"
"5357506",0,25060,2022,2021,202203,3529530,13,503.9,6,370702,1,13,164299,16,1,70,7,700,4,450,8,81,0,0,0,0,15673,0,"Gulfport-Biloxi-Pascagoula, MS","N/A (not applicable)"
"8646693",2040,0,2022,2020,202203,3436179,10,57.8,0,13858,2,22,86119,10,1,52,1,100,0,0,11,114,37,3700,23,2309,81586,52,"Not in identifiable area","Clergy"
"13137223",5400,0,2022,2019,202203,3705955,22,16.3,0,19102,1,12,107932,22,2,63,3,311,0,0,6,63,0,0,0,0,107932,44,"Not in identifiable area","Receptionists and information clerks"
"15597414",9645,16980,2022,2021,202203,2247255,13,2323.2,2,9461105,1,13,243205,22,1,22,1,100,0,0,6,63,0,0,0,0,5405,44,"Chicago-Naperville-Elgin, IL-IN-WI","Stockers and order fillers"
"4291137",0,31080,2022,2022,202203,1025498,8,8883,1,12828837,1,12,135500,6,2,18,8,826,1,100,6,63,0,0,0,0,0,0,"Los Angeles-Long Beach-Anaheim, CA","N/A (not applicable)"
"911432",0,47900,2022,2019,202203,1312009,18,12003.2,5,5636232,1,13,215865,20,2,1,1,100,0,0,0,1,0,0,0,0,9999999,0,"Washington-Arlington-Alexandria, DC-VA-MD-WV","N/A (not applicable)"
"15672817",9920,35620,2022,2020,202203,4316061,5,1757.1,2,19567410,1,13,48725,6,2,63,1,100,0,0,4,40,0,0,0,0,11331,0,"New York-Newark-Jersey City, NY-NJ-PA","Unemployed, with no work experience in the last 5 years or earlier or never worked"
"12424783",4840,0,2022,2018,202203,4100978,17,220.2,0,152666,1,13,98084,16,2,55,1,100,0,0,7,71,0,0,0,0,45593,47,"Not in identifiable area","Sales representatives of services, except advertising, insurance, financial services, and travel"
"8385376",1555,0,2022,2022,202203,339528,20,65.7,0,42035,1,13,144000,19,1,46,1,100,0,0,7,71,0,0,0,0,89000,62,"Not in identifiable area","Other engineering technologists and technicians, except drafters"
"15580664",9645,0,2022,2018,202203,2620915,36,108.2,0,64010,1,12,47581,37,1,71,1,100,0,0,6,63,0,0,0,0,21043,44,"Not in identifiable area","Stockers and order fillers"
"8625747",2040,19740,2022,2022,202203,1186138,10,896.9,4,2543482,1,12,239700,14,1,53,1,100,0,0,10,101,49,4901,52,5200,190000,52,"Denver-Aurora-Lakewood, CO","Clergy"
"445319",0,24340,2022,2018,202203,3169231,28,2081,6,988938,1,13,50270,31,1,3,1,100,0,0,0,2,0,0,0,0,9999999,0,"Grand Rapids-Wyoming, MI","N/A (not applicable)"
"6394637",0,40380,2022,2019,202203,4177789,1,249.5,6,1079671,0,0,9999999,1,2,15,1,100,0,0,3,30,0,0,0,0,0,0,"Rochester, NY","N/A (not applicable)"
"10024122",3323,0,2022,2021,202203,4658587,11,188.5,0,62768,1,12,108394,11,2,67,1,100,0,0,6,65,0,0,0,0,30579,48,"Not in identifiable area","Radiologic technologists and technicians"
"14237913",7200,38900,2022,2020,202203,5165412,19,3394.2,5,2226009,2,22,60283,23,1,39,1,100,0,0,6,61,0,0,0,0,45326,19,"Portland-Vancouver-Hillsboro, OR-WA","Automotive service technicians and mechanics"
"3729813",0,12060,2022,2022,202203,1947133,57,1696.5,4,5286728,2,22,78000,48,1,1,2,200,0,0,0,1,0,0,0,0,9999999,0,"Atlanta-Sandy Springs-Roswell, GA","N/A (not applicable)"
"10507522",3870,19100,2022,2021,202203,6182592,21,5165.1,3,6426214,2,22,102687,21,1,24,8,802,0,0,10,101,55,5507,0,0,77826,39,"Dallas-Fort Worth-Arlington, TX","Police officers"
"10340057",3603,0,2022,2018,202203,1102967,13,46.3,0,37827,1,13,69910,13,2,39,1,100,0,0,7,71,0,0,0,0,12158,13,"Not in identifiable area","Nursing assistants"
"14278312",7220,0,2022,2019,202203,3195262,3,66.4,0,44972,1,12,87609,4,1,56,1,100,0,0,6,63,0,0,0,0,46962,27,"Not in identifiable area","Heavy vehicle and mobile equipment service technicians and mechanics"
"308277",0,0,2022,2018,202203,154562,4,22.8,0,91318,1,12,57050,8,2,9,3,315,0,0,1,17,0,0,0,0,9999999,0,"Not in identifiable area","N/A (not applicable)"
"404648",0,0,2022,2022,202203,3719531,3,117.3,0,57990,1,13,271200,5,1,69,1,100,0,0,10,101,23,2308,0,0,131300,0,"Not in identifiable area","N/A (not applicable)"
"15126920",9130,35380,2022,2021,202203,2778914,17,521,1,1189866,2,21,89716,14,1,37,2,200,0,0,6,63,0,0,0,0,64855,15,"New Orleans-Metairie, LA","Driver/sales workers and truck drivers"
"6316536",0,40900,2022,2021,202203,799372,13,370.4,1,2149127,1,13,153489,14,1,9,1,100,0,0,1,17,0,0,0,0,9999999,0,"Sacramento--Roseville--Arden-Arcade, CA","N/A (not applicable)"
"2975641",0,25260,2022,2020,202203,656341,3,1231.8,1,152982,0,0,9999999,3,1,44,2,200,0,0,0,2,0,0,0,0,0,0,"Hanford-Corcoran, CA","N/A (not applicable)"
"9991255",3300,38060,2022,2022,202203,256637,35,3139.8,2,4192887,1,13,292000,25,2,47,1,100,0,0,6,63,0,0,0,0,35000,48,"Phoenix-Mesa-Scottsdale, AZ","Clinical laboratory technologists and technicians"
"5627386",0,29820,2022,2019,202203,3781986,9,2773.3,1,1951269,1,13,142149,9,2,17,7,700,1,100,5,50,0,0,0,0,0,0,"Las Vegas-Henderson-Paradise, NV","N/A (not applicable)"
"12062054",4720,34980,2022,2022,202203,5793668,49,327.2,3,1670890,1,12,110000,46,2,17,1,100,0,0,5,50,0,0,0,0,4000,44,"Nashville-Davidson--Murfreesboro--Franklin, TN","Cashiers"
"15199585",9130,19820,2022,2022,202203,3350502,23,2455.5,3,4296250,1,13,263000,26,1,57,1,100,0,0,6,63,0,0,0,0,50000,15,"Detroit-Warren-Dearborn, MI","Driver/sales workers and truck drivers"
"12141707",4720,0,2022,2022,202203,5107707,11,147.9,0,180625,1,12,18000,12,1,33,3,362,0,0,6,61,0,0,0,0,0,44,"Not in identifiable area","Cashiers"
"13793613",6230,46520,2022,2020,202203,1993189,8,4377.3,1,953207,2,22,152974,10,1,32,9,912,0,0,6,63,0,0,0,0,125779,19,"Urban Honolulu, HI","Carpenters"
"12816604",5160,0,2022,2020,202203,3416849,4,227.3,0,127108,1,13,184135,4,2,46,1,100,0,0,7,71,0,0,0,0,44759,52,"Not in identifiable area","Tellers"
"12854172",5240,41620,2022,2019,202203,6383068,26,4709.4,4,1087873,1,12,87379,44,2,52,1,100,0,0,8,81,0,0,0,0,41910,44,"Salt Lake City, UT","Customer service representatives"
"13964826",6305,0,2022,2019,202203,4836085,14,321.6,0,155428,1,12,120563,14,1,51,1,100,0,0,6,63,0,0,0,0,57411,24,"Not in identifiable area","Construction equipment operators"
"13836400",6240,26420,2022,2022,202203,6348719,22,4257.9,3,5920416,1,12,102000,22,1,46,8,826,0,0,5,50,0,0,0,0,90000,12,"Houston-The Woodlands-Sugar Land, TX","Carpet, floor, and tile installers and finishers"
"9370836",2545,47900,2022,2019,202203,2879403,6,6553.8,5,5636232,1,13,154091,11,2,36,7,700,4,416,6,63,0,0,0,0,45010,65,"Washington-Arlington-Alexandria, DC-VA-MD-WV","Teaching assistants"
"5962536",0,46540,2022,2018,202203,4139264,31,1767.4,5,299397,2,22,16367,32,1,41,1,100,0,0,6,63,0,0,0,0,16367,0,"Utica-Rome, NY","N/A (not applicable)"
"737535",0,0,2022,2018,202203,351815,1,73.7,0,37354,0,0,9999999,1,2,84,1,100,0,0,7,71,0,0,0,0,14029,0,"Not in identifiable area","N/A (not applicable)"
"14632892",8140,0,2022,2022,202203,5505889,8,487.3,0,97000,1,13,144200,25,1,44,1,100,0,0,6,63,0,0,0,0,0,24,"Not in identifiable area","Welding, soldering, and brazing workers"
"3144685",0,34940,2022,2022,202203,1698692,14,1965.2,1,321520,1,13,125200,44,2,4,8,826,4,415,1,11,0,0,0,0,9999999,0,"Naples-Immokalee-Marco Island, FL","N/A (not applicable)"
"14664078",8225,0,2022,2019,202203,291564,5,43.8,0,21029,1,12,48225,5,1,53,1,100,0,0,6,63,0,0,0,0,48225,18,"Not in identifiable area","Other metal workers and plastic workers"
"3724186",0,16980,2022,2019,202203,2133866,21,14175.5,2,9461105,2,22,28935,24,2,12,8,885,2,200,2,25,0,0,0,0,9999999,0,"Chicago-Naperville-Elgin, IL-IN-WI","N/A (not applicable)"
"7376794",440,19820,2022,2018,202203,3149967,11,2561.6,4,4296250,1,12,111061,11,2,56,1,100,0,0,10,101,19,1901,0,0,29226,68,"Detroit-Warren-Dearborn, MI","Other managers"
"7887365",910,33100,2022,2018,202203,1365118,26,5311.8,2,5564635,2,22,93642,27,1,40,1,100,0,0,8,81,0,0,0,0,93642,68,"Miami-Fort Lauderdale-West Palm Beach, FL","Credit counselors and loan officers"
"11344731",4230,42200,2022,2021,202203,851881,2,476.3,1,423895,1,12,126467,2,2,47,8,802,1,100,6,63,0,0,0,0,21618,10,"Santa Maria-Santa Barbara, CA","Maids and housekeeping cleaners"
"7659617",726,36260,2022,2021,202203,6396721,15,2449,5,597159,1,13,18376,16,1,29,1,100,0,0,7,71,0,0,0,0,18376,47,"Ogden-Clearfield, UT","Fundraisers"
"1997751",0,19100,2022,2018,202203,5902894,11,5051.1,3,6426214,1,13,664026,11,2,48,1,100,0,0,10,101,19,1901,0,0,116906,0,"Dallas-Fort Worth-Arlington, TX","N/A (not applicable)"
"6061590",0,49620,2022,2020,202203,5335114,12,2729.4,1,434972,0,0,9999999,12,2,91,1,100,0,0,3,30,0,0,0,0,12465,0,"York-Hanover, PA","N/A (not applicable)"
"10363893",3630,14460,2022,2018,202203,2996980,12,5397.7,4,4552402,2,22,104748,12,2,54,4,400,0,0,4,40,0,0,0,0,23381,26,"Boston-Cambridge-Newton, MA-NH","Massage therapists"
"3205900",0,35620,2022,2018,202203,3894570,11,25813.4,2,19567410,1,12,155017,11,1,94,1,100,0,0,10,101,62,6201,0,0,93992,0,"New York-Newark-Jersey City, NY-NJ-PA","N/A (not applicable)"
"8526404",2003,42660,2022,2019,202203,6684660,21,5962.1,1,3439809,1,13,252608,21,2,55,1,100,0,0,11,114,52,5200,0,0,22964,65,"Seattle-Tacoma-Bellevue, WA","Marriage and family therapists"
"14663130",8225,31080,2022,2021,202203,834536,29,16251.7,1,12828837,2,22,19024,32,1,63,8,826,1,100,6,63,0,0,0,0,7891,18,"Los Angeles-Long Beach-Anaheim, CA","Other metal workers and plastic workers"
"2467476",0,12580,2022,2022,202203,2957470,14,3993.3,3,2710489,1,13,90000,9,2,2,1,100,0,0,0,1,0,0,0,0,9999999,0,"Baltimore-Columbia-Towson, MD","N/A (not applicable)"
"8928772",2310,0,2022,2019,202203,3731722,5,82.2,0,25496,1,13,312315,7,2,42,1,100,0,0,10,101,23,2304,0,0,57411,72,"Not in identifiable area","Elementary and middle school teachers"
"1183363",0,19100,2022,2018,202203,5884624,11,3731.1,3,6426214,1,12,78795,10,2,62,1,100,0,0,7,71,0,0,0,0,0,0,"Dallas-Fort Worth-Arlington, TX","N/A (not applicable)"
"7328433",440,35620,2022,2018,202203,4138060,47,110006.3,2,19567410,1,13,339027,47,2,44,6,620,0,0,10,101,52,5200,0,0,339027,68,"New York-Newark-Jersey City, NY-NJ-PA","Other managers"
"4066783",0,30700,2022,2020,202203,3739521,7,2564.7,5,302157,0,0,9999999,7,1,21,2,200,0,0,7,71,0,0,0,0,5212,0,"Lincoln, NE","N/A (not applicable)"
"1870037",0,19100,2022,2018,202203,5910717,12,4684.4,3,6426214,1,13,204585,12,1,15,1,100,1,100,2,26,0,0,0,0,0,0,"Dallas-Fort Worth-Arlington, TX","N/A (not applicable)"
"4018559",0,29820,2022,2021,202203,3810328,28,7514.7,1,1951269,1,13,74615,29,1,89,1,100,0,0,6,65,0,0,0,0,57321,0,"Las Vegas-Henderson-Paradise, NV","N/A (not applicable)"
"11658475",4600,42660,2022,2020,202203,6711048,59,8944,1,3439809,1,13,154028,54,2,40,1,100,0,0,10,101,49,4901,0,0,53292,26,"Seattle-Tacoma-Bellevue, WA","Childcare workers"
"1636184",0,29820,2022,2019,202203,3784279,10,4789.1,1,1951269,1,13,145594,9,2,7,6,600,0,0,1,14,0,0,0,0,9999999,0,"Las Vegas-Henderson-Paradise, NV","N/A (not applicable)"
"3703259",0,19100,2022,2021,202203,6188014,12,3431.9,3,6426214,1,13,230234,12,1,1,1,100,0,0,0,1,0,0,0,0,9999999,0,"Dallas-Fort Worth-Arlington, TX","N/A (not applicable)"
"14995693",9122,12580,2022,2019,202203,2887592,45,13057.8,3,2710489,1,13,37432,44,2,71,1,100,0,0,7,71,0,0,0,0,19290,24,"Baltimore-Columbia-Towson, MD","Bus drivers, transit and intercity"
"7800548",800,31080,2022,2020,202203,668573,37,4416.1,1,12828837,1,13,164305,37,1,59,1,100,0,0,10,101,62,6201,0,0,164305,78,"Los Angeles-Long Beach-Anaheim, CA","Accountants and auditors"
"8822954",2205,26420,2022,2019,202203,5946226,29,2993.7,3,5920416,1,13,204383,26,2,48,6,669,0,0,10,101,61,6107,0,0,11482,84,"Houston-The Woodlands-Sugar Land, TX","Postsecondary teachers"
"14799074",8740,29200,2022,2019,202203,2376855,12,1532.8,6,201789,1,13,84394,15,2,52,1,100,0,0,6,63,0,0,0,0,5167,18,"Lafayette-West Lafayette, IN","Inspectors, testers, sorters, samplers, and weighers"
"11888933",4710,27260,2022,2021,202203,1652699,24,802.8,3,1345596,1,13,270228,24,1,32,1,100,0,0,10,101,62,6200,0,0,270228,68,"Jacksonville, FL","First-line supervisors of non-retail sales workers"
"13722046",6200,12940,2022,2022,202203,2813816,10,347.7,1,802444,1,12,45600,10,1,69,1,100,0,0,6,63,0,0,0,0,27000,68,"Baton Rouge, LA","First-line supervisors of construction trades and extraction workers"
"6368446",0,49420,2022,2018,202203,6652003,26,230.4,1,243231,1,12,68975,22,2,11,1,100,1,100,2,22,0,0,0,0,9999999,0,"Yakima, WA","N/A (not applicable)"
"568154",0,0,2022,2018,202203,2336699,8,908.6,0,319224,1,12,14263,8,1,68,1,100,0,0,6,63,0,0,0,0,6547,0,"Not in identifiable area","N/A (not applicable)"
"9228128",2360,0,2022,2019,202203,1817783,16,559.1,0,347611,2,22,50062,15,2,26,1,100,4,424,8,81,0,0,0,0,22964,52,"Not in identifiable area","Other teachers and instructors"
"10468671",3740,39300,2022,2021,202203,5530889,16,3926.5,4,1600852,1,13,151328,15,1,42,1,100,0,0,6,65,0,0,0,0,75664,37,"Providence-Warwick, RI-MA","Firefighters"
"7128829",420,47900,2022,2020,202203,2916197,2,6553.8,5,5636232,1,13,239773,2,2,49,8,845,0,0,6,63,0,0,0,0,91784,68,"Washington-Arlington-Alexandria, DC-VA-MD-WV","Social and community service managers"
"3403589",0,47900,2022,2021,202203,2947055,9,4616.4,5,5636232,1,13,66260,9,1,72,1,100,0,0,10,101,19,1901,0,0,62693,0,"Washington-Arlington-Alexandria, DC-VA-MD-WV","N/A (not applicable)"
"11948623",4720,0,2022,2018,202203,283988,22,231.8,0,54164,1,13,101708,25,2,17,1,100,0,0,5,50,0,0,0,0,3507,44,"Not in identifiable area","Cashiers"
"12288960",4760,16980,2022,2020,202203,2196331,65,5723.8,2,9461105,2,22,169971,85,1,21,8,826,1,100,7,71,0,0,0,0,22663,47,"Chicago-Naperville-Elgin, IL-IN-WI","Retail salespersons"
"10809947",4020,39540,2022,2021,202203,6914265,36,1500.4,1,195408,1,13,138141,36,2,62,1,100,0,0,8,81,0,0,0,0,6269,15,"Racine, WI","Cooks"
"15000928",9122,40140,2022,2020,202203,755347,32,6855.2,1,4224851,1,13,186175,32,1,59,8,826,1,100,6,61,0,0,0,0,133711,24,"Riverside-San Bernardino-Ontario, CA","Bus drivers, transit and intercity"
"687737",0,0,2022,2021,202203,323740,4,95.9,0,64389,1,12,75664,2,1,16,1,100,0,0,3,30,0,0,0,0,0,0,"Not in identifiable area","N/A (not applicable)"
"13486024",5810,33100,2022,2020,202203,1554866,18,8782.6,2,5564635,1,13,171784,14,1,16,2,200,0,0,4,40,0,0,0,0,680,45,"Miami-Fort Lauderdale-West Palm Beach, FL","Data entry keyers"
"646023",0,0,2022,2020,202203,305263,2,85.6,0,28605,2,22,11331,2,2,59,2,200,0,0,6,63,0,0,0,0,11331,0,"Not in identifiable area","N/A (not applicable)"
"4768789",0,39460,2022,2018,202203,1386354,11,888.5,1,159978,2,22,108021,12,2,7,1,100,0,0,1,14,0,0,0,0,9999999,0,"Punta Gorda, FL","N/A (not applicable)"
"3419485",0,31080,2022,2020,202203,711502,5,17798.2,1,12828837,1,12,67988,5,2,16,7,700,1,100,4,40,0,0,0,0,0,0,"Los Angeles-Long Beach-Anaheim, CA","N/A (not applicable)"
"4676875",0,31080,2022,2019,202203,538614,13,18546.7,1,12828837,2,22,132964,13,1,16,7,700,1,100,5,50,0,0,0,0,0,0,"Los Angeles-Long Beach-Anaheim, CA","N/A (not applicable)"
"2785684",0,23460,2022,2021,202203,69743,18,357.1,1,104430,1,13,34265,79,2,52,1,100,0,0,6,63,0,0,0,0,10809,0,"Gadsden, AL","N/A (not applicable)"
"5464673",0,33860,2022,2020,202203,60338,3,2090.1,1,374536,2,22,111048,2,2,3,1,100,0,0,0,2,0,0,0,0,9999999,0,"Montgomery, AL","N/A (not applicable)"
"7059603",350,36740,2022,2022,202203,1735836,16,4940.5,1,2134411,1,12,33000,16,2,72,9,904,2,200,7,71,0,0,0,0,17000,46,"Orlando-Kissimmee-Sanford, FL","Medical and health services managers"
"10094256",3500,28140,2022,2018,202203,2558519,6,215.1,5,607061,1,13,56115,7,2,56,1,100,0,0,6,65,0,0,0,0,56115,22,"Kansas City, MO-KS","Licensed practical and licensed vocational nurses"
"778504",0,26420,2022,2022,202203,6250746,21,2606.4,3,5920416,2,22,130000,40,1,1,5,500,0,0,0,1,0,0,0,0,9999999,0,"Houston-The Woodlands-Sugar Land, TX","N/A (not applicable)"
"3434782",0,35620,2022,2018,202203,4147187,19,30355.4,2,19567410,2,22,28057,20,1,16,2,200,0,0,3,30,0,0,0,0,0,0,"New York-Newark-Jersey City, NY-NJ-PA","N/A (not applicable)"
"15577136",9645,16980,2022,2021,202203,2248368,12,2323.2,2,9461105,1,13,205373,10,2,18,8,826,2,200,6,63,0,0,0,0,10809,44,"Chicago-Naperville-Elgin, IL-IN-WI","Stockers and order fillers"
"14759373",8650,45060,2022,2020,202203,4292072,7,285.2,6,662577,1,13,121246,6,1,42,1,100,0,0,6,61,0,0,0,0,7932,18,"Syracuse, NY","Crushing, grinding, polishing, mixing, and blending workers"
"8426878",1760,14460,2022,2019,202203,3034704,10,885.9,4,4256323,1,13,459287,10,1,65,1,100,0,0,10,101,50,5003,0,0,114822,80,"Boston-Cambridge-Newton, MA-NH","Physical scientists, all other"
"5223125",0,49180,2022,2021,202203,4678057,7,132.6,6,861754,1,13,145923,8,1,5,1,100,0,0,0,2,0,0,0,0,9999999,0,"Winston-Salem, NC","N/A (not applicable)"
"7881580",910,0,2022,2018,202203,5129950,29,3185.5,0,390738,2,22,88849,28,2,24,1,100,0,0,6,63,0,0,0,0,40917,68,"Not in identifiable area","Credit counselors and loan officers"
"2672085",0,14020,2022,2022,202203,2451145,11,1326.6,6,159549,1,13,127000,10,1,7,1,100,0,0,1,14,0,0,0,0,9999999,0,"Bloomington, IN","N/A (not applicable)"
"9019573",2310,40900,2022,2019,202203,620184,68,429.3,1,2149127,1,12,105636,68,2,57,1,100,0,0,11,114,23,2300,0,0,105636,72,"Sacramento--Roseville--Arden-Arcade, CA","Elementary and middle school teachers"
"11497018",4420,14460,2022,2020,202203,3066806,17,19735.5,4,4552402,2,22,32295,16,2,63,2,200,0,0,4,40,0,0,0,0,15637,25,"Boston-Cambridge-Newton, MA-NH","Ushers, lobby attendants, and ticket takers"
"8115633",1065,31140,2022,2019,202203,2655532,3,3783.8,3,1235708,2,22,102191,4,1,33,6,643,0,0,10,101,61,6103,0,0,65448,65,"Louisville/Jefferson County, KY-IN","Database administrators and architects"
"5643169",0,30340,2022,2022,202203,2847349,40,562,1,107702,1,13,239700,49,2,11,1,100,0,0,2,22,0,0,0,0,9999999,0,"Lewiston-Auburn, ME","N/A (not applicable)"
"724099",0,0,2022,2022,202203,340515,13,46.3,0,21643,1,13,154000,18,1,1,1,100,0,0,0,1,0,0,0,0,9999999,0,"Not in identifiable area","N/A (not applicable)"
"856664",0,0,2022,2019,202203,5296728,25,206.9,0,40055,1,13,4363,25,2,75,1,100,0,0,4,40,0,0,0,0,4363,0,"Not in identifiable area","N/A (not applicable)"
"10603162",3930,14460,2022,2019,202203,3039306,10,9943.9,4,4552402,2,22,26409,10,2,65,2,200,0,0,6,61,0,0,0,0,11597,8,"Boston-Cambridge-Newton, MA-NH","Security guards and gaming surveillance officers"
"2041645",0,0,2022,2022,202203,4082955,8,73.2,0,29741,1,13,55900,10,2,14,1,100,1,100,2,25,0,0,0,0,9999999,0,"Not in identifiable area","N/A (not applicable)"
"15316361",9610,19740,2022,2020,202203,1140937,7,4483.3,4,2543482,1,13,173371,6,1,17,1,100,0,0,5,50,0,0,0,0,3399,8,"Denver-Aurora-Lakewood, CO","Cleaners of vehicles and equipment"
"4411578",0,19100,2022,2022,202203,6330222,10,5473.3,3,6426214,1,13,122000,14,2,3,1,100,0,0,1,11,0,0,0,0,9999999,0,"Dallas-Fort Worth-Arlington, TX","N/A (not applicable)"
"1197019",0,0,2022,2022,202203,4705785,17,336.4,0,98498,1,13,7000,10,2,15,1,100,0,0,2,26,0,0,0,0,0,0,"Not in identifiable area","N/A (not applicable)"
"6336608",0,41740,2022,2020,202203,688484,48,2542.1,1,3095313,2,22,74787,51,2,12,7,700,1,100,0,2,0,0,0,0,9999999,0,"San Diego-Carlsbad, CA","N/A (not applicable)"
"9339753",2545,47380,2022,2019,202203,6035277,4,256.5,5,252772,1,12,72453,3,2,64,1,100,0,0,8,81,0,0,0,0,15156,65,"Waco, TX","Teaching assistants"
"13256862",5610,0,2022,2022,202203,6959748,3,228.6,0,79808,2,22,30000,3,1,59,1,100,0,0,6,63,0,0,0,0,30000,22,"Not in identifiable area","Shipping, receiving, and inventory clerks"
"577601",0,14860,2022,2019,202203,1230236,15,4264.7,1,916829,1,13,243996,13,2,15,1,100,0,0,2,26,0,0,0,0,2296,0,"Bridgeport-Stamford-Norwalk, CT","N/A (not applicable)"
"11358448",4230,31080,2022,2022,202203,951433,24,17853.6,1,12828837,2,22,41000,24,2,44,7,700,1,100,2,23,0,0,0,0,5000,10,"Los Angeles-Long Beach-Anaheim, CA","Maids and housekeeping cleaners"
"5285421",0,40900,2022,2022,202203,1003211,16,483.7,1,2149127,1,12,95100,16,1,71,1,100,0,0,11,114,24,2406,0,0,72100,0,"Sacramento--Roseville--Arden-Arcade, CA","N/A (not applicable)"
"3127206",0,15980,2022,2018,202203,1343129,5,1020.5,1,618754,1,12,82886,7,2,9,1,100,0,0,1,15,0,0,0,0,9999999,0,"Cape Coral-Fort Myers, FL","N/A (not applicable)"
"15688228",9920,35620,2022,2018,202203,3860451,1,4120.2,2,19567410,0,0,9999999,1,2,29,1,100,0,0,6,63,0,0,0,0,4910,0,"New York-Newark-Jersey City, NY-NJ-PA","Unemployed, with no work experience in the last 5 years or earlier or never worked"
"5348268",0,39580,2022,2021,202203,4650680,6,1300.8,5,1130490,1,12,83446,6,1,78,1,100,0,0,11,116,60,6002,0,0,51884,0,"Raleigh, NC","N/A (not applicable)"
"11975634",4720,25540,2022,2022,202203,1281984,40,2793,5,1212381,1,13,89600,41,2,24,9,901,0,0,7,71,0,0,0,0,19600,44,"Hartford-West Hartford-East Hartford, CT","Cashiers"
"1703511",0,0,2022,2020,202203,6097355,49,192.7,0,107036,2,22,53484,71,2,4,1,100,0,0,0,2,0,0,0,0,9999999,0,"Not in identifiable area","N/A (not applicable)"
"1513545",0,0,2022,2021,202203,4934904,22,346.1,0,107841,1,12,91013,22,1,75,1,100,0,0,6,63,0,0,0,0,69395,0,"Not in identifiable area","N/A (not applicable)"
"14589248",7925,0,2022,2020,202203,3252407,19,334.3,0,248256,1,13,117280,36,1,35,1,100,0,0,6,64,0,0,0,0,6232,18,"Not in identifiable area","Forming machine setters, operators, and tenders, metal and plastic"
"860742",0,0,2022,2021,202203,6192096,11,104.6,0,50654,1,12,143545,12,2,69,1,100,0,0,6,63,0,0,0,0,36535,0,"Not in identifiable area","N/A (not applicable)"
"8134093",1106,0,2022,2019,202203,635650,12,260.3,0,88605,1,12,475017,11,1,70,1,100,0,0,10,101,37,3700,0,0,440571,65,"Not in identifiable area","Computer network architects"
"3120025",0,34820,2022,2022,202203,5643927,15,1286,6,376378,1,13,72000,17,2,70,1,100,0,0,7,71,0,0,0,0,47000,0,"Myrtle Beach-Conway-North Myrtle Beach, SC-NC","N/A (not applicable)"
"7514221",630,13820,2022,2019,202203,43945,26,549.3,6,1128047,1,13,132045,32,2,38,1,100,0,0,10,101,62,6209,0,0,0,84,"Birmingham-Hoover, AL","Human resources workers"
"12660792",5000,31080,2022,2022,202203,1001047,30,19792.3,1,12828837,2,22,45000,30,1,31,7,700,0,0,6,63,0,0,0,0,45000,68,"Los Angeles-Long Beach-Anaheim, CA","First-line supervisors of office and administrative support workers"
"5609988",0,44700,2022,2019,202203,569613,24,5609.5,1,685306,1,12,96450,27,1,19,6,640,0,0,8,81,0,0,0,0,0,0,"Stockton-Lodi, CA","N/A (not applicable)"
"9564885",2850,31080,2022,2018,202203,434858,13,4378.3,1,12828837,1,13,228200,20,2,44,6,640,0,0,11,114,55,5501,0,0,105215,76,"Los Angeles-Long Beach-Anaheim, CA","Writers and authors"
"11178358",4220,23580,2022,2019,202203,1839519,18,636.9,1,179684,1,12,165343,18,1,49,1,100,0,0,7,71,0,0,0,0,132045,9,"Gainesville, GA","Janitors and building cleaners"
"1855436",0,0,2022,2022,202203,4001584,8,1029.5,0,156900,0,0,9999999,8,2,64,1,100,0,0,10,101,55,5507,0,0,12300,0,"Not in identifiable area","N/A (not applicable)"
"4388915",0,31080,2022,2019,202203,629383,16,6249.1,1,12828837,2,22,252608,16,1,9,1,100,1,100,1,17,0,0,0,0,9999999,0,"Los Angeles-Long Beach-Anaheim, CA","N/A (not applicable)"
"3468220",0,40140,2022,2020,202203,746506,24,1272.1,1,4224851,1,13,89291,21,2,17,1,100,1,100,6,65,0,0,0,0,0,0,"Riverside-San Bernardino-Ontario, CA","N/A (not applicable)"
"15271888",9410,36140,2022,2021,202203,3977671,12,890.5,5,107889,1,12,76312,12,1,69,1,100,0,0,7,71,0,0,0,0,73070,18,"Ocean City, NJ","Transportation inspectors"
"8098451",1050,26620,2022,2022,202203,92750,27,1933.3,4,417593,2,22,72000,27,1,24,1,100,0,0,10,101,21,2102,0,0,42000,65,"Huntsville, AL","Computer support specialists"
"13898933",6260,47900,2022,2022,202203,6616631,24,4349.4,4,5636232,1,13,12000,28,1,23,7,700,4,416,3,30,0,0,0,0,4000,8,"Washington-Arlington-Alexandria, DC-VA-MD-WV","Construction laborers"
"6622949",102,21660,2022,2021,202203,5189722,9,3463.1,1,351715,1,13,209265,9,1,67,1,100,0,0,10,101,26,2601,0,0,69178,68,"Eugene, OR","Facilities managers"
"14813449",8740,0,2022,2018,202203,3831656,12,153.2,0,112415,1,13,142625,13,1,66,1,100,0,0,6,63,0,0,0,0,125089,18,"Not in identifiable area","Inspectors, testers, sorters, samplers, and weighers"
"13817741",6230,0,2022,2022,202203,983152,32,91,0,37354,2,21,8400,32,1,67,1,100,0,0,6,63,0,0,0,0,8400,19,"Not in identifiable area","Carpenters"
"8366619",1555,0,2022,2020,202203,1142150,35,1399.6,0,281526,1,13,77054,35,1,33,1,100,3,300,3,30,0,0,0,0,77054,62,"Not in identifiable area","Other engineering technologists and technicians, except drafters"
"5460749",0,39300,2022,2022,202203,3113721,13,3336.6,1,1600852,1,13,92500,13,1,50,1,100,0,0,6,63,0,0,0,0,80500,0,"Providence-Warwick, RI-MA","N/A (not applicable)"
"10628625",3960,35620,2022,2021,202203,3979124,13,9042.2,2,19567410,1,13,216453,9,1,16,1,100,0,0,4,40,0,0,0,0,270,19,"New York-Newark-Jersey City, NY-NJ-PA","Other protective service workers"
"3617232",0,12060,2022,2022,202203,1957416,6,395.3,4,659017,1,13,123000,7,2,4,1,100,0,0,0,2,0,0,0,0,9999999,0,"Atlanta-Sandy Springs-Roswell, GA","N/A (not applicable)"
"9571898",2861,13820,2022,2019,202203,38195,13,1773.9,6,1128047,1,13,93924,13,2,36,1,100,0,0,6,64,0,0,0,0,0,31,"Birmingham-Hoover, AL","Interpreters and translators"
"14356557",7340,35660,2022,2019,202203,3197477,10,553.3,1,156813,2,22,42484,10,1,52,1,100,0,0,6,63,0,0,0,0,39039,27,"Niles-Benton Harbor, MI","Maintenance and repair workers, general"
"7048667",350,18140,2022,2021,202203,4932402,14,478.7,5,1901974,1,13,193159,14,2,54,1,100,0,0,6,63,0,0,0,0,137276,46,"Columbus, OH","Medical and health services managers"
"9973218",3258,0,2022,2022,202203,3675304,23,47.6,0,17673,1,12,220000,23,2,29,1,100,0,0,11,114,61,6107,0,0,50000,46,"Not in identifiable area","Nurse practitioners, and nurse midwives"
"7585969",705,27260,2022,2019,202203,1444834,16,843.6,3,1345596,1,13,171773,16,2,60,1,100,0,0,10,101,14,1401,0,0,89102,68,"Jacksonville, FL","Project management specialists"
"9610616",3010,48660,2022,2021,202203,6204825,10,1022,6,151306,1,12,441012,10,1,68,1,100,0,0,11,115,36,3600,0,0,338325,96,"Wichita Falls, TX","Dentists"
"4600022",0,38900,2022,2022,202203,6780800,23,2543.7,4,2226009,1,13,100000,20,2,11,1,100,0,0,2,22,0,0,0,0,9999999,0,"Portland-Vancouver-Hillsboro, OR-WA","N/A (not applicable)"
"3500637",0,27140,2022,2019,202203,3512986,3,117.3,5,197751,1,13,43632,3,2,12,7,700,0,0,2,23,0,0,0,0,9999999,0,"Jackson, MS","N/A (not applicable)"
"6978471",300,36420,2022,2021,202203,5086462,32,1855.1,5,1252987,1,13,351383,42,1,53,1,100,0,0,10,101,50,5098,0,0,156786,68,"Oklahoma City, OK","Architectural and engineering managers"
"2353255",0,12540,2022,2019,202203,573239,26,760.5,1,839631,1,13,58559,39,1,17,1,100,0,0,5,50,0,0,0,0,0,0,"Bakersfield, CA","N/A (not applicable)"
"13721446",6200,29620,2022,2021,202203,3273077,7,1239.8,1,464036,0,0,9999999,7,1,26,2,200,0,0,10,101,60,6004,0,0,82149,68,"Lansing-East Lansing, MI","First-line supervisors of construction trades and extraction workers"
"11256499",4220,0,2022,2018,202203,5229366,18,463.4,0,96997,1,12,79496,17,2,70,1,100,0,0,6,63,0,0,0,0,22212,9,"Not in identifiable area","Janitors and building cleaners"
"382087",0,38300,2022,2020,202203,5368233,32,1894.8,5,2356285,1,13,225495,30,1,7,1,100,0,0,1,12,0,0,0,0,9999999,0,"Pittsburgh, PA","N/A (not applicable)"
"13832637",6240,45300,2022,2021,202203,1618561,36,1055.5,1,2783243,2,22,86905,33,1,19,7,700,1,100,3,30,0,0,0,0,32860,12,"Tampa-St. Petersburg-Clearwater, FL","Carpet, floor, and tile installers and finishers"
"13384584",5740,0,2022,2019,202203,2889479,31,430.3,0,650441,1,12,119415,30,2,67,1,100,0,0,6,63,0,0,0,0,117118,61,"Not in identifiable area","Secretaries and administrative assistants, except legal, medical, and executive"
"13549225",5860,29820,2022,2020,202203,3797200,26,1530,1,1951269,2,22,96317,25,1,38,1,100,0,0,10,101,62,6200,0,0,56657,44,"Las Vegas-Henderson-Paradise, NV","Office clerks, general"
"1874596",0,0,2022,2021,202203,5097649,30,155.9,0,167931,2,22,0,30,2,72,7,700,1,100,2,23,0,0,0,0,0,0,"Not in identifiable area","N/A (not applicable)"
"3630789",0,16980,2022,2022,202203,2286335,17,4228.5,3,9461105,1,13,115700,14,1,20,8,826,1,100,6,61,0,0,0,0,0,0,"Chicago-Naperville-Elgin, IL-IN-WI","N/A (not applicable)"
"12080670",4720,26420,2022,2021,202203,6138046,41,1519.7,3,5920416,2,22,70421,41,2,26,7,700,1,100,4,40,0,0,0,0,162,44,"Houston-The Woodlands-Sugar Land, TX","Cashiers"
"13102690",5400,31080,2022,2018,202203,469111,43,7297.4,1,12828837,2,22,77158,42,2,42,7,700,1,100,11,114,33,3301,0,0,44424,44,"Los Angeles-Long Beach-Anaheim, CA","Receptionists and information clerks"
"12300233",4760,46060,2022,2022,202203,257933,10,3593,3,980263,1,13,55000,9,2,50,1,100,1,100,6,65,0,0,0,0,0,47,"Tucson, AZ","Retail salespersons"
"7457743",565,12420,2022,2022,202203,6279691,9,5223.2,3,1716289,2,22,77060,9,2,63,1,100,0,0,10,101,55,5507,0,0,65060,63,"Austin-Round Rock, TX","Compliance officers"
"2248061",0,12420,2022,2018,202203,5860248,39,4001.1,4,1716289,2,22,40216,44,1,5,7,700,1,100,1,12,0,0,0,0,9999999,0,"Austin-Round Rock, TX","N/A (not applicable)"
"14929875",8990,35380,2022,2021,202203,2792640,9,3920.1,1,1189866,2,22,79987,8,2,31,1,100,0,0,10,101,52,5200,0,0,17295,18,"New Orleans-Metairie, LA","Miscellaneous production workers, including equipment operators and tenders"
"14356370",7340,35620,2022,2019,202203,3907046,4,409.6,2,19567410,2,22,68893,3,1,62,1,100,0,0,6,63,0,0,0,0,68893,27,"New York-Newark-Jersey City, NY-NJ-PA","Maintenance and repair workers, general"
"13315242",5730,31080,2022,2022,202203,1040127,9,7584.1,1,12828837,1,13,169000,10,2,47,8,826,1,100,6,63,0,0,0,0,69000,61,"Los Angeles-Long Beach-Anaheim, CA","Medical secretaries and administrative assistants"
"9172401",2320,16980,2022,2018,202203,2097554,20,7236.9,2,9461105,2,22,83062,21,2,24,1,100,0,0,10,101,23,2304,0,0,47967,72,"Chicago-Naperville-Elgin, IL-IN-WI","Secondary school teachers"
"2597216",0,26900,2022,2021,202203,2413127,15,3151.8,1,1887877,1,12,74259,14,2,70,1,100,0,0,11,114,62,6203,0,0,24537,0,"Indianapolis-Carmel-Anderson, IN","N/A (not applicable)"
"3124282",0,42660,2022,2019,202203,6683848,18,4501.4,1,3439809,1,12,39958,18,2,82,6,620,0,0,10,101,61,6105,0,0,39958,0,"Seattle-Tacoma-Bellevue, WA","N/A (not applicable)"
"7667034",735,38060,2022,2021,202203,233145,14,3947,2,4192887,1,13,269147,14,2,30,1,100,0,0,10,101,62,6206,0,0,15133,81,"Phoenix-Mesa-Scottsdale, AZ","Market research analysts and marketing specialists"
"1252209",0,0,2022,2021,202203,1577433,5,55.5,0,111452,0,0,9999999,5,1,42,2,200,0,0,6,64,0,0,0,0,0,0,"Not in identifiable area","N/A (not applicable)"
"3624733",0,49180,2022,2021,202203,4648337,13,1748.3,6,640595,0,0,9999999,13,1,20,2,200,0,0,7,71,0,0,0,0,508,0,"Winston-Salem, NC","N/A (not applicable)"
"14434754",7700,19100,2022,2022,202203,6321101,7,3640.7,3,6426214,1,13,161900,8,1,67,1,100,0,0,11,114,62,6203,0,0,153200,49,"Dallas-Fort Worth-Arlington, TX","First-line supervisors of production and operating workers"
"4452841",0,12060,2022,2022,202203,1935342,6,3214.7,4,5286728,0,0,9999999,6,1,18,5,500,0,0,8,81,0,0,0,0,0,0,"Atlanta-Sandy Springs-Roswell, GA","N/A (not applicable)"
"11148538",4210,14460,2022,2021,202203,3084976,11,2772.6,4,4552402,1,13,234017,11,1,56,1,100,0,0,6,63,0,0,0,0,114577,49,"Boston-Cambridge-Newton, MA-NH","First-line supervisors of landscaping, lawn service, and groundskeeping workers"
"2181102",0,19660,2022,2022,202203,1721897,17,899.8,1,590289,1,13,205000,28,2,10,8,826,4,426,1,17,0,0,0,0,9999999,0,"Deltona-Daytona Beach-Ormond Beach, FL","N/A (not applicable)"
"6905837",220,0,2022,2021,202203,2034634,3,40,0,28804,1,13,67017,4,1,48,1,100,0,0,8,81,0,0,0,0,54046,68,"Not in identifiable area","Construction managers"
"6436117",10,27860,2022,2022,202203,338073,14,365,1,121026,1,13,75000,14,2,55,1,100,0,0,10,101,21,2102,0,0,75000,68,"Jonesboro, AR","Chief executives and legislators"
"1164649",0,0,2022,2019,202203,525108,63,130.4,0,77142,2,22,23538,64,2,50,1,100,0,0,6,63,0,0,0,0,0,0,"Not in identifiable area","N/A (not applicable)"
"15520652",9645,0,2022,2022,202203,2536192,6,220.2,0,38085,1,12,88800,6,1,76,1,100,0,0,10,101,11,1105,0,0,63800,44,"Not in identifiable area","Stockers and order fillers"
"13799116",6230,0,2022,2018,202203,5045085,10,130.8,0,213247,1,12,66870,10,1,61,1,100,0,0,2,25,0,0,0,0,53777,19,"Not in identifiable area","Carpenters"
"3242218",0,34980,2022,2018,202203,5682427,25,774.3,5,1670890,1,13,219783,23,1,55,1,100,0,0,10,101,50,5003,0,0,105215,0,"Nashville-Davidson--Murfreesboro--Franklin, TN","N/A (not applicable)"
"10029289",3323,35620,2022,2018,202203,4124753,10,40676.5,2,19567410,1,13,379360,10,2,33,4,400,0,0,10,101,60,6007,0,0,292265,48,"New York-Newark-Jersey City, NY-NJ-PA","Radiologic technologists and technicians"
"4475821",0,35620,2022,2018,202203,3894726,18,2145.9,2,19567410,1,12,744691,31,1,3,1,100,0,0,0,2,0,0,0,0,9999999,0,"New York-Newark-Jersey City, NY-NJ-PA","N/A (not applicable)"
"8918272",2310,31340,2022,2022,202203,6601472,16,138.9,1,252634,1,13,177000,22,2,44,1,100,0,0,10,101,23,2304,0,0,50000,72,"Lynchburg, VA","Elementary and middle school teachers"
"2513103",0,12700,2022,2018,202203,2990883,13,493.9,6,111570,1,12,63012,13,1,75,1,100,0,0,7,71,0,0,0,0,23147,0,"Barnstable Town, MA","N/A (not applicable)"
"7098446",410,45300,2022,2021,202203,1651940,46,2877.9,1,2783243,1,12,143653,46,1,85,1,100,0,0,6,63,0,0,0,0,143653,32,"Tampa-St. Petersburg-Clearwater, FL","Property, real estate, and community association managers"
"4847644",0,42660,2022,2021,202203,6733314,18,4071.2,1,3439809,1,13,243421,16,1,3,6,610,0,0,0,2,0,0,0,0,9999999,0,"Seattle-Tacoma-Bellevue, WA","N/A (not applicable)"
"12361014",4810,31080,2022,2018,202203,410588,10,3339.4,1,12828837,2,21,210080,10,1,72,2,200,0,0,10,101,60,6004,0,0,99487,66,"Los Angeles-Long Beach-Anaheim, CA","Insurance sales agents"
"5201897",0,33100,2022,2019,202203,1492503,7,4160.7,2,5564635,1,12,50407,9,2,80,7,700,3,300,6,61,0,0,0,0,8152,0,"Miami-Fort Lauderdale-West Palm Beach, FL","N/A (not applicable)"
"9893421",3255,0,2022,2022,202203,5513261,3,345.9,0,149644,1,12,100000,3,1,47,1,100,0,0,8,81,0,0,0,0,100000,46,"Not in identifiable area","Registered nurses"
"462003",0,0,2022,2021,202203,223490,10,22.8,0,91318,2,21,37400,10,2,83,3,315,0,0,7,71,0,0,0,0,37400,0,"Not in identifiable area","N/A (not applicable)"
"9775721",3255,0,2022,2020,202203,5742656,62,91.1,0,33811,1,12,112181,130,1,34,1,100,0,0,8,81,0,0,0,0,62323,46,"Not in identifiable area","Registered nurses"
"11632160",4600,35620,2022,2021,202203,4411456,24,40561,2,19567410,1,13,227532,22,1,22,8,826,2,200,7,71,0,0,0,0,3783,26,"New York-Newark-Jersey City, NY-NJ-PA","Childcare workers"
"9165350",2320,45060,2022,2018,202203,4145352,13,285.2,6,662577,1,12,222121,12,1,59,1,100,0,0,11,114,23,2300,0,0,87679,72,"Syracuse, NY","Secondary school teachers"
"8940995",2310,12060,2022,2021,202203,1925570,18,680.9,4,5286728,1,13,172946,18,2,40,1,100,0,0,10,101,23,2307,0,0,64855,72,"Atlanta-Sandy Springs-Roswell, GA","Elementary and middle school teachers"
"2127299",0,0,2022,2019,202203,5940996,13,49,0,21914,0,0,9999999,13,1,54,7,700,1,100,2,26,0,0,0,0,0,0,"Not in identifiable area","N/A (not applicable)"
"15629222",9760,38300,2022,2018,202203,5266340,19,297.2,5,508565,1,13,139469,18,1,39,1,100,0,0,6,63,0,0,0,0,94811,8,"Pittsburgh, PA","Other material moving workers"
"1498453",0,0,2022,2022,202203,1693978,34,292.5,0,61413,1,12,25940,15,2,18,7,700,1,100,6,63,0,0,0,0,0,0,"Not in identifiable area","N/A (not applicable)"
"3793063",0,0,2022,2021,202203,4073641,5,39.5,0,33975,1,12,43885,20,1,75,1,100,0,0,6,63,0,0,0,0,35454,0,"Not in identifiable area","N/A (not applicable)"
"5015938",0,38060,2022,2020,202203,196365,10,2153.8,2,4192887,1,12,129405,10,2,77,1,100,0,0,8,81,0,0,0,0,11445,0,"Phoenix-Mesa-Scottsdale, AZ","N/A (not applicable)"
"807792",0,0,2022,2022,202203,2813764,7,84.1,0,43744,1,12,85200,11,2,8,1,100,0,0,1,14,0,0,0,0,9999999,0,"Not in identifiable area","N/A (not applicable)"
"5096213",0,14260,2022,2018,202203,2013852,73,1359.4,5,616561,1,13,90018,69,1,11,1,100,0,0,1,17,0,0,0,0,9999999,0,"Boise City, ID","N/A (not applicable)"
"3514965",0,35620,2022,2018,202203,4163787,23,50471,2,19567410,2,22,86043,22,2,36,1,100,0,0,4,40,0,0,0,0,11223,0,"New York-Newark-Jersey City, NY-NJ-PA","N/A (not applicable)"
"10866954",4030,41180,2022,2022,202203,3686970,19,312.3,5,2787701,2,22,52600,37,2,21,1,100,0,0,8,81,0,0,0,0,10100,15,"St. Louis, MO-IL","Food preparation workers"
"13777581",6230,40420,2022,2021,202203,2228506,4,1856.1,1,349431,1,13,145923,3,1,38,8,826,1,100,6,63,0,0,0,0,91878,19,"Rockford, IL","Carpenters"
"3272533",0,0,2022,2022,202203,3488479,7,46.7,0,64064,1,13,70000,5,1,3,1,100,0,0,0,2,0,0,0,0,9999999,0,"Not in identifiable area","N/A (not applicable)"
"15223126",9142,35620,2022,2019,202203,4180757,36,27409.3,2,19567410,2,22,173266,28,1,35,6,664,0,0,8,81,0,0,0,0,22964,10,"New York-Newark-Jersey City, NY-NJ-PA","Taxi drivers"
"6221207",0,41860,2022,2019,202203,550960,12,33959,1,4335391,2,22,462732,9,2,5,1,100,0,0,1,11,0,0,0,0,9999999,0,"San Francisco-Oakland-Hayward, CA","N/A (not applicable)"
"5794796",0,47900,2022,2022,202203,2960599,18,2735.5,4,5636232,1,13,416800,13,2,59,6,610,0,0,10,101,23,2304,0,0,0,0,"Washington-Arlington-Alexandria, DC-VA-MD-WV","N/A (not applicable)"
"2635455",0,0,2022,2019,202203,1111363,8,38.8,0,13026,2,22,17568,8,1,75,1,100,0,0,6,65,0,0,0,0,9989,0,"Not in identifiable area","N/A (not applicable)"
"4053880",0,19820,2022,2022,202203,3334183,16,1620.8,3,4296250,1,12,30100,16,2,84,1,100,0,0,6,65,0,0,0,0,30100,0,"Detroit-Warren-Dearborn, MI","N/A (not applicable)"
"2564870",0,13140,2022,2018,202203,5909582,7,211.5,4,403190,2,22,11691,5,1,8,1,100,0,0,1,15,0,0,0,0,9999999,0,"Beaumont-Port Arthur, TX","N/A (not applicable)"
"8888524",2300,45300,2022,2022,202203,1728649,28,4112.8,1,2783243,1,13,115000,44,2,31,1,100,0,0,10,101,53,5301,0,0,48000,72,"Tampa-St. Petersburg-Clearwater, FL","Preschool and kindergarten teachers"
"4290172",0,35980,2022,2022,202203,1268361,2,1322.9,6,274055,0,0,9999999,2,1,73,1,100,0,0,0,2,0,0,0,0,15200,0,"Norwich-New London, CT","N/A (not applicable)"
"2266645",0,12420,2022,2018,202203,5870140,25,1354.2,4,1716289,1,13,36475,28,1,4,1,100,1,100,0,2,0,0,0,0,9999999,0,"Austin-Round Rock, TX","N/A (not applicable)"
"12860866",5240,0,2022,2018,202203,3155257,23,123.3,0,126933,1,13,128597,38,2,34,8,802,0,0,8,81,0,0,0,0,35072,44,"Not in identifiable area","Customer service representatives"
"6540546",20,15380,2022,2022,202203,4473055,26,779.6,1,1135509,1,12,70000,25,2,63,1,100,0,0,10,101,55,5501,62,6200,70000,68,"Buffalo-Cheektowaga-Niagara Falls, NY","General and operations managers"
"12343870",4760,45300,2022,2019,202203,1458042,10,3114.1,1,2783243,1,13,738304,14,1,28,1,100,0,0,6,63,0,0,0,0,57411,47,"Tampa-St. Petersburg-Clearwater, FL","Retail salespersons"
"15066052",9130,0,2022,2022,202203,6777823,12,86.9,0,83489,1,13,100000,12,1,63,1,100,0,0,8,81,0,0,0,0,100000,15,"Not in identifiable area","Driver/sales workers and truck drivers"
"3665984",0,0,2022,2020,202203,6907416,8,44.9,0,31660,1,12,386628,7,2,12,1,100,0,0,2,23,0,0,0,0,9999999,0,"Not in identifiable area","N/A (not applicable)"
"15158801",9130,35620,2022,2022,202203,4436921,10,39708.5,2,19567410,2,22,64300,13,1,33,6,671,0,0,10,101,55,5501,0,0,19300,15,"New York-Newark-Jersey City, NY-NJ-PA","Driver/sales workers and truck drivers"
"10090261",3430,36740,2022,2021,202203,1631668,16,1507.1,4,2134411,1,12,78723,10,1,65,4,400,0,0,6,63,0,0,0,0,15349,48,"Orlando-Kissimmee-Sanford, FL","Dietetic technicians and ophthalmic medical technicians"
"15706576",9920,35620,2022,2022,202203,4490566,11,9363.2,2,19567410,1,12,80000,19,1,22,4,410,0,0,10,101,24,2404,0,0,0,0,"New York-Newark-Jersey City, NY-NJ-PA","Unemployed, with no work experience in the last 5 years or earlier or never worked"
"12391017",4810,36500,2022,2020,202203,6707728,17,217.4,1,252264,1,13,123512,17,1,65,1,100,0,0,6,65,0,0,0,0,123512,66,"Olympia-Tumwater, WA","Insurance sales agents"
"7655533",725,38900,2022,2018,202203,5125060,9,2947.5,5,2226009,2,22,119829,9,2,30,1,100,0,0,10,101,52,5200,0,0,2923,68,"Portland-Vancouver-Hillsboro, OR-WA","Meeting, convention, and event planners"
"9791419",3255,0,2022,2019,202203,1113192,28,55.2,0,27602,1,13,202546,27,2,48,1,100,0,0,10,101,37,3700,23,2304,91857,46,"Not in identifiable area","Registered nurses"
"6305529",0,24660,2022,2019,202203,4563265,2,195.7,5,694697,0,0,9999999,2,2,94,1,100,0,0,2,26,0,0,0,0,17568,0,"Greensboro-High Point, NC","N/A (not applicable)"
"4924922",0,16860,2022,2022,202203,5805471,24,559.8,6,528143,1,13,190000,25,1,12,1,100,0,0,2,23,0,0,0,0,9999999,0,"Chattanooga, TN-GA","N/A (not applicable)"
"3917737",0,29700,2022,2022,202203,6329552,24,1828,1,250304,1,12,180400,22,2,11,1,100,1,100,1,16,0,0,0,0,9999999,0,"Laredo, TX","N/A (not applicable)"
"15334018",9610,28140,2022,2018,202203,3565571,25,909.8,5,2009342,1,13,393739,36,1,17,1,100,0,0,6,64,0,0,0,0,12158,8,"Kansas City, MO-KS","Cleaners of vehicles and equipment"
"8559380",2013,0,2022,2021,202203,2944639,10,726.8,0,251599,1,13,150895,11,2,54,1,100,0,0,11,114,19,1903,0,0,124305,64,"Not in identifiable area","Mental health and substance abuse social workers"
"2261875",0,0,2022,2020,202203,2026097,5,22.2,0,25619,1,12,14731,14,1,1,1,100,0,0,0,1,0,0,0,0,9999999,0,"Not in identifiable area","N/A (not applicable)"
"11033249",4110,14460,2022,2018,202203,3008111,10,4020.9,4,4552402,1,13,158408,15,2,18,1,100,0,0,6,63,0,0,0,0,7014,16,"Boston-Cambridge-Newton, MA-NH","Waiters and waitresses"
"15144193",9130,0,2022,2020,202203,6908945,55,64.1,0,86520,1,12,65496,55,1,81,1,100,0,0,6,63,0,0,0,0,56657,15,"Not in identifiable area","Driver/sales workers and truck drivers"
"13685142",6050,0,2022,2020,202203,4616832,5,105,0,54954,1,12,39660,5,1,47,3,399,1,100,6,63,0,0,0,0,39660,6,"Not in identifiable area","Other agricultural workers"
"4617879",0,37340,2022,2022,202203,1754911,15,1936.7,1,543376,1,13,95000,22,1,4,1,100,0,0,0,2,0,0,0,0,9999999,0,"Palm Bay-Melbourne-Titusville, FL","N/A (not applicable)"
"15260674",9350,0,2022,2021,202203,5776523,14,625.8,0,198716,1,12,59450,10,1,56,1,100,0,0,6,65,0,0,0,0,16214,19,"Not in identifiable area","Parking attendants"
"3805949",0,19740,2022,2022,202203,1181573,10,5979.8,4,2543482,1,13,55000,10,2,34,7,700,4,498,8,81,0,0,0,0,0,0,"Denver-Aurora-Lakewood, CO","N/A (not applicable)"
"8655645",2060,14260,2022,2019,202203,2018450,17,1306,5,616561,2,22,44218,13,1,31,1,100,0,0,11,114,62,6299,0,0,44218,56,"Boise City, ID","Religious workers, all other"
"3434206",0,35620,2022,2021,202203,3999835,7,14354,2,19567410,1,13,69827,5,1,16,1,100,0,0,3,30,0,0,0,0,16862,0,"New York-Newark-Jersey City, NY-NJ-PA","N/A (not applicable)"
"1647129",0,41700,2022,2020,202203,6121315,67,4338.2,4,2142508,1,12,56657,77,1,13,8,826,1,100,2,25,0,0,0,0,9999999,0,"San Antonio-New Braunfels, TX","N/A (not applicable)"
"11610383",4600,13780,2022,2021,202203,4348260,5,178.3,5,251725,1,12,45182,3,2,21,1,100,0,0,8,81,0,0,0,0,0,26,"Binghamton, NY","Childcare workers"
"2462805",0,0,2022,2019,202203,3203287,1,88.5,0,28623,1,12,180844,5,2,0,9,960,0,0,0,1,0,0,0,0,9999999,0,"Not in identifiable area","N/A (not applicable)"
"7424896",530,26420,2022,2019,202203,6016055,10,8271,3,5920416,1,12,84968,9,2,55,3,360,4,412,2,23,0,0,0,0,47536,77,"Houston-The Woodlands-Sugar Land, TX","Purchasing agents, except wholesale, retail, and farm products"
"13188218",5521,49660,2022,2018,202203,5250481,10,419,1,565773,2,22,49685,11,2,38,1,100,0,0,6,63,0,0,0,0,14613,40,"Youngstown-Warren-Boardman, OH-PA","Public safety telecommunicators"
"14694307",8255,19100,2022,2020,202203,6100872,7,3431.9,3,6426214,1,13,118980,5,2,54,7,700,1,100,6,63,0,0,0,0,23796,49,"Dallas-Fort Worth-Arlington, TX","Printing press operators"
"2689066",0,0,2022,2021,202203,4657139,92,156.3,0,95119,1,13,74367,115,1,2,1,100,0,0,0,1,0,0,0,0,9999999,0,"Not in identifiable area","N/A (not applicable)"
"14531638",7750,0,2022,2018,202203,2333115,2,247.6,0,166383,1,13,147302,1,1,20,1,100,0,0,6,63,0,0,0,0,7014,18,"Not in identifiable area","Other assemblers and fabricators"
"5950596",0,40140,2022,2019,202203,540706,27,1448.3,1,4224851,1,12,6889,27,2,47,1,100,0,0,7,71,0,0,0,0,6889,0,"Riverside-San Bernardino-Ontario, CA","N/A (not applicable)"
"7103374",410,41860,2022,2018,202203,392015,21,33959,1,4335391,1,13,294603,26,1,33,4,400,0,0,10,101,21,2102,62,6212,134442,32,"San Francisco-Oakland-Hayward, CA","Property, real estate, and community association managers"
"11997845",4720,0,2022,2018,202203,2322396,8,360.5,0,62160,0,0,9999999,8,1,19,1,100,0,0,6,63,0,0,0,0,0,44,"Not in identifiable area","Cashiers"
"14965280",9050,35620,2022,2018,202203,4107493,17,2550.3,2,19567410,1,12,171150,17,2,48,1,100,0,0,6,65,0,0,0,0,35072,31,"New York-Newark-Jersey City, NY-NJ-PA","Flight attendants"
"9093377",2310,12060,2022,2018,202203,1779109,37,2595.6,4,5286728,2,22,50270,36,2,24,1,100,0,0,10,101,23,2307,23,2310,50270,72,"Atlanta-Sandy Springs-Roswell, GA","Elementary and middle school teachers"
"2131675",0,0,2022,2018,202203,4125403,12,426.9,0,134905,1,13,34137,14,2,58,1,100,0,0,6,63,0,0,0,0,0,0,"Not in identifiable area","N/A (not applicable)"
"8420878",1745,0,2022,2019,202203,3217027,13,123.3,0,126933,1,13,113685,11,2,37,1,100,0,0,10,101,36,3600,26,2602,102203,80,"Not in identifiable area","Environmental scientists and specialists, including health"
"6725672",120,11700,2022,2022,202203,4736180,20,131.1,6,191068,2,21,235400,15,2,42,3,304,0,0,10,101,55,5506,0,0,79000,68,"Asheville, NC","Financial managers"
"9730381",3160,31080,2022,2021,202203,859556,36,6053.2,1,12828837,2,22,281686,29,2,30,6,600,0,0,11,116,36,3608,61,6109,89716,58,"Los Angeles-Long Beach-Anaheim, CA","Physical therapists"
"7688005",750,33100,2022,2021,202203,1640059,12,6866.9,2,5564635,1,12,100525,11,2,37,8,826,3,300,10,101,24,2417,0,0,35670,66,"Miami-Fort Lauderdale-West Palm Beach, FL","Business operations specialists, all other"
"1197310",0,0,2022,2018,202203,2625716,11,69.7,0,30080,1,13,465286,11,2,6,1,100,0,0,1,12,0,0,0,0,9999999,0,"Not in identifiable area","N/A (not applicable)"
"4504042",0,33460,2022,2021,202203,3443338,38,3254.8,5,3348859,1,13,50370,58,1,12,7,700,4,424,2,23,0,0,0,0,9999999,0,"Minneapolis-St. Paul-Bloomington, MN-WI","N/A (not applicable)"
"12449101",4850,33100,2022,2018,202203,1384316,21,6757.3,2,5564635,2,22,29343,22,1,63,1,100,3,300,6,61,0,0,0,0,29343,47,"Miami-Fort Lauderdale-West Palm Beach, FL","Sales representatives, wholesale and manufacturing"
"12351637",4760,16700,2022,2022,202203,5633303,17,247.4,1,664607,1,12,72000,16,2,63,1,100,0,0,6,61,0,0,0,0,21000,47,"Charleston-North Charleston, SC","Retail salespersons"
"4506680",0,38900,2022,2020,202203,5167283,26,2041.6,5,2226009,1,12,94164,20,2,80,1,100,0,0,11,114,61,6107,61,6199,13031,0,"Portland-Vancouver-Hillsboro, OR-WA","N/A (not applicable)"
"7980825",1021,0,2022,2018,202203,3135860,1,3701.5,0,425790,0,0,9999999,1,1,22,1,100,0,0,7,71,0,0,0,0,19874,65,"Not in identifiable area","Software developers"
"4796590",0,37980,2022,2019,202203,1290025,9,7307.8,2,5965343,0,0,9999999,9,1,49,1,100,0,0,7,71,0,0,0,0,17338,0,"Philadelphia-Camden-Wilmington, PA-NJ-DE-MD","N/A (not applicable)"
"11028043",4110,29820,2022,2019,202203,3780775,58,7523.7,1,1951269,2,22,51670,58,1,36,7,700,1,100,6,64,0,0,0,0,51670,16,"Las Vegas-Henderson-Paradise, NV","Waiters and waitresses"
"7202619",440,37980,2022,2022,202203,5471242,15,2289,2,5965343,1,13,332000,15,1,43,1,100,0,0,11,114,19,1901,0,0,182000,68,"Philadelphia-Camden-Wilmington, PA-NJ-DE-MD","Other managers"
"7035147",340,35620,2022,2019,202203,4243108,7,16269.6,2,19567410,2,22,58444,8,1,31,1,100,2,200,6,64,0,0,0,0,55574,68,"New York-Newark-Jersey City, NY-NJ-PA","Lodging managers"
"9977907",3258,12620,2022,2022,202203,2844369,28,272.4,6,153923,1,13,300000,28,2,34,1,100,0,0,11,114,61,6107,0,0,70000,46,"Bangor, ME","Nurse practitioners, and nurse midwives"
"61372",0,12580,2022,2021,202203,2925538,16,2739.9,3,2710489,1,13,325387,15,2,10,2,200,0,0,1,17,0,0,0,0,9999999,0,"Baltimore-Columbia-Towson, MD","N/A (not applicable)"
"6906539",220,16980,2022,2019,202203,2121260,13,1572.3,2,9461105,1,13,156732,13,1,65,1,100,0,0,6,63,0,0,0,0,156732,68,"Chicago-Naperville-Elgin, IL-IN-WI","Construction managers"
"1897864",0,31080,2022,2021,202203,825025,56,7721.8,1,12828837,1,13,133493,55,2,81,1,100,0,0,6,63,0,0,0,0,15349,0,"Los Angeles-Long Beach-Anaheim, CA","N/A (not applicable)"
"8527507",2004,37980,2022,2022,202203,5488606,18,1363.7,2,5965343,1,13,290000,18,2,44,1,100,0,0,11,114,52,5200,0,0,32000,65,"Philadelphia-Camden-Wilmington, PA-NJ-DE-MD","Mental health counselors"
"8478225",1970,47900,2022,2020,202203,2910785,17,4187.9,5,5636232,1,12,507647,19,2,19,1,100,0,0,7,71,0,0,0,0,9065,53,"Washington-Arlington-Alexandria, DC-VA-MD-WV","Other life, physical, and social science technicians"
"11137591",4200,13820,2022,2020,202203,61354,40,613.6,6,1128047,1,13,1813,40,1,67,2,200,0,0,11,114,55,5506,54,5401,1813,9,"Birmingham-Hoover, AL","First-line supervisors of housekeeping and janitorial workers"
"11361057",4230,13140,2022,2019,202203,6039288,70,1155.6,4,403190,1,12,63726,59,2,58,1,100,1,100,6,63,0,0,0,0,8612,10,"Beaumont-Port Arthur, TX","Maids and housekeeping cleaners"
"8557436",2012,33460,2022,2018,202203,3379833,19,8314.8,5,3348859,2,22,74820,19,2,55,1,100,0,0,8,81,0,0,0,0,74820,64,"Minneapolis-St. Paul-Bloomington, MN-WI","Healthcare social workers"
"13468868",5740,36260,2022,2020,202203,6393796,4,1742.2,5,597159,2,22,50991,5,1,31,6,600,0,0,10,101,19,1901,0,0,50991,61,"Ogden-Clearfield, UT","Secretaries and administrative assistants, except legal, medical, and executive"
"3503667",0,36100,2022,2021,202203,1655971,19,711.2,1,331298,1,12,23834,20,1,78,1,100,0,0,7,71,0,0,0,0,13025,0,"Ocala, FL","N/A (not applicable)"
"7762698",800,19820,2022,2022,202203,3350391,17,2631.5,3,4296250,1,13,122900,13,2,23,1,100,0,0,10,101,19,1901,0,0,60000,78,"Detroit-Warren-Dearborn, MI","Accountants and auditors"
"517266",0,0,2022,2019,202203,3405474,4,227.3,0,127108,1,12,53071,4,2,64,1,100,0,0,6,63,0,0,0,0,37776,0,"Not in identifiable area","N/A (not applicable)"
"9433317",2634,38900,2022,2018,202203,5129345,13,219.6,5,2226009,1,13,75171,13,2,71,1,100,0,0,6,63,0,0,0,0,75171,73,"Portland-Vancouver-Hillsboro, OR-WA","Graphic designers"
"4613752",0,33660,2022,2018,202203,263,13,2341.6,1,412992,0,0,9999999,13,1,74,1,100,0,0,6,63,0,0,0,0,0,0,"Mobile, AL","N/A (not applicable)"
"4617795",0,42660,2022,2020,202203,6708597,94,4501.4,1,3439809,2,22,0,94,1,66,1,100,0,0,4,40,0,0,0,0,0,0,"Seattle-Tacoma-Bellevue, WA","N/A (not applicable)"
"13576226",5860,47900,2022,2018,202203,6467036,8,1068.1,5,5636232,1,13,199909,10,2,16,1,100,0,0,4,40,0,0,0,0,4676,44,"Washington-Arlington-Alexandria, DC-VA-MD-WV","Office clerks, general"
"1093428",0,27100,2022,2020,202203,3256259,7,515.4,1,160248,1,13,88838,12,2,9,1,100,0,0,1,16,0,0,0,0,9999999,0,"Jackson, MI","N/A (not applicable)"
"5965542",0,31080,2022,2020,202203,681391,30,9714.4,1,12828837,1,12,77054,11,2,7,3,315,4,412,1,15,0,0,0,0,9999999,0,"Los Angeles-Long Beach-Anaheim, CA","N/A (not applicable)"
"3079432",0,41180,2022,2021,202203,2253222,27,1144.2,5,2787701,2,22,43453,20,1,8,1,100,0,0,1,15,0,0,0,0,9999999,0,"St. Louis, MO-IL","N/A (not applicable)"
"3909232",0,0,2022,2021,202203,6183377,5,245.1,0,76473,1,12,53181,5,2,82,2,200,0,0,5,50,0,0,0,0,21834,0,"Not in identifiable area","N/A (not applicable)"
"5074200",0,47900,2022,2021,202203,2943449,12,4187.9,5,5636232,1,12,54056,17,2,87,6,600,0,0,7,71,0,0,0,0,0,0,"Washington-Arlington-Alexandria, DC-VA-MD-WV","N/A (not applicable)"
"13424451",5740,25860,2022,2018,202203,4553827,12,236.6,6,182684,1,13,126258,13,2,47,1,100,0,0,10,101,62,6207,0,0,22212,61,"Hickory-Lenoir-Morganton, NC","Secretaries and administrative assistants, except legal, medical, and executive"
"15086719",9130,0,2022,2018,202203,4548450,15,89.6,0,23947,1,13,54011,6,1,48,2,200,0,0,4,40,0,0,0,0,7833,15,"Not in identifiable area","Driver/sales workers and truck drivers"
"3877226",0,19740,2022,2022,202203,1189615,21,176.2,4,1637783,1,13,716500,18,2,5,1,100,0,0,1,11,0,0,0,0,9999999,0,"Denver-Aurora-Lakewood, CO","N/A (not applicable)"
"11856062",4700,18880,2022,2022,202203,1678622,17,116.5,6,82238,0,0,9999999,17,1,76,1,100,0,0,6,63,0,0,0,0,12000,68,"Crestview-Fort Walton Beach-Destin, FL","First-line supervisors of retail sales workers"
"4348052",0,19100,2022,2022,202203,6324427,15,572.2,3,6426214,1,13,113000,27,2,5,1,100,0,0,0,2,0,0,0,0,9999999,0,"Dallas-Fort Worth-Arlington, TX","N/A (not applicable)"
"11476996",4350,19820,2022,2022,202203,3332289,16,5437.7,3,4296250,1,13,39000,17,2,18,1,100,0,0,6,63,0,0,0,0,5200,18,"Detroit-Warren-Dearborn, MI","Animal caretakers"
"11923821",4710,0,2022,2018,202203,4044676,29,294.2,0,59529,1,13,175476,30,1,38,1,100,0,0,6,63,0,0,0,0,175359,68,"Not in identifiable area","First-line supervisors of non-retail sales workers"
"2204845",0,0,2022,2022,202203,1276975,36,1094,0,602295,1,13,137900,34,1,13,1,100,0,0,2,25,0,0,0,0,9999999,0,"Not in identifiable area","N/A (not applicable)"
"2038161",0,35620,2022,2018,202203,4155509,43,32126.9,2,19567410,2,22,75989,49,2,22,4,400,0,0,6,63,0,0,0,0,0,0,"New York-Newark-Jersey City, NY-NJ-PA","N/A (not applicable)"
"64142",0,0,2022,2020,202203,6068107,1,73.2,0,13340,1,13,94277,1,2,16,1,100,0,0,4,40,0,0,0,0,0,0,"Not in identifiable area","N/A (not applicable)"
"3590687",0,45300,2022,2018,202203,1392364,12,2877.9,1,2783243,1,13,1286,11,2,63,1,100,0,0,8,81,0,0,0,0,1286,0,"Tampa-St. Petersburg-Clearwater, FL","N/A (not applicable)"
"13773339",6230,24020,2022,2021,202203,4401635,4,215.8,1,128923,1,12,152517,4,1,66,1,100,1,100,11,114,60,6001,0,0,72421,19,"Glens Falls, NY","Carpenters"
"2682781",0,0,2022,2020,202203,3423910,33,946.3,0,206877,1,12,30595,30,1,4,1,100,0,0,0,2,0,0,0,0,9999999,0,"Not in identifiable area","N/A (not applicable)"
"15567840",9645,0,2022,2019,202203,114536,4,2.6,0,7776,2,21,20898,4,1,20,3,375,0,0,6,65,0,0,0,0,7004,44,"Not in identifiable area","Stockers and order fillers"
"15217809",9142,42660,2022,2020,202203,6696972,42,3710.4,1,3439809,2,22,118980,40,1,49,2,200,0,0,10,101,25,2503,0,0,45326,10,"Seattle-Tacoma-Bellevue, WA","Taxi drivers"
"268968",0,0,2022,2019,202203,1121778,57,45.3,0,38136,1,13,65793,64,2,6,1,100,1,100,1,12,0,0,0,0,9999999,0,"Not in identifiable area","N/A (not applicable)"
"11669296",4600,0,2022,2019,202203,3504707,10,148.9,0,32503,1,13,109081,10,2,39,1,100,0,0,6,63,0,0,0,0,17223,26,"Not in identifiable area","Childcare workers"
"2361451",0,0,2022,2018,202203,2070592,5,247.7,0,80731,1,12,104093,4,2,71,1,100,0,0,7,71,0,0,0,0,26479,0,"Not in identifiable area","N/A (not applicable)"
"9179410",2320,0,2022,2019,202203,4590731,23,237.8,0,114678,1,13,166262,34,1,25,1,100,0,0,10,101,20,2001,0,0,29854,72,"Not in identifiable area","Secondary school teachers"
"15648939",9825,17820,2022,2018,202203,1081358,5,168.4,1,645613,0,0,9999999,5,1,23,6,600,0,0,6,63,0,0,0,0,44424,18,"Colorado Springs, CO","Military enlisted tactical operations and air/weapons specialists and crew members"
"370590",0,0,2022,2021,202203,2248622,1,213.6,0,36651,1,12,59450,3,1,17,7,700,1,100,5,50,0,0,0,0,0,0,"Not in identifiable area","N/A (not applicable)"
"1492405",0,0,2022,2019,202203,6006797,12,154.5,0,69237,1,12,40188,17,2,62,1,100,1,100,2,23,0,0,0,0,0,0,"Not in identifiable area","N/A (not applicable)"
"7076756",350,47900,2022,2022,202203,6606526,20,4243.1,4,5636232,1,12,591000,14,1,51,1,100,0,0,11,114,36,3601,0,0,586000,46,"Washington-Arlington-Alexandria, DC-VA-MD-WV","Medical and health services managers"
"2837433",0,14460,2022,2019,202203,3835906,32,688.2,4,4552402,2,22,120563,29,2,3,1,100,0,0,0,2,0,0,0,0,9999999,0,"Boston-Cambridge-Newton, MA-NH","N/A (not applicable)"
"9452297",2640,35380,2022,2021,202203,2793409,18,6437.5,1,1189866,1,13,36751,22,1,50,1,100,0,0,7,71,0,0,0,0,36751,73,"New Orleans-Metairie, LA","Other designers"
"3356359",0,35620,2022,2021,202203,4408158,13,14982.5,2,19567410,1,13,144842,13,1,15,7,700,2,200,3,30,0,0,0,0,0,0,"New York-Newark-Jersey City, NY-NJ-PA","N/A (not applicable)"
"4794708",0,42660,2022,2019,202203,6682480,6,779.2,1,3439809,1,12,86116,6,2,77,1,100,0,0,7,71,0,0,0,0,16994,0,"Seattle-Tacoma-Bellevue, WA","N/A (not applicable)"
"4066667",0,37980,2022,2018,202203,3883217,16,7239.7,2,5965343,1,13,47043,14,2,71,1,100,0,0,6,63,0,0,0,0,13327,0,"Philadelphia-Camden-Wilmington, PA-NJ-DE-MD","N/A (not applicable)"
"14640962",8140,0,2022,2019,202203,5718889,58,163.8,0,78433,2,22,86461,74,1,36,1,100,0,0,6,63,0,0,0,0,26753,24,"Not in identifiable area","Welding, soldering, and brazing workers"
"6102661",0,31140,2022,2020,202203,2669033,25,2407.4,3,1235708,1,12,91784,21,2,12,1,100,0,0,2,23,0,0,0,0,9999999,0,"Louisville/Jefferson County, KY-IN","N/A (not applicable)"
"792698",0,0,2022,2021,202203,2438337,82,344.9,0,49519,1,13,45290,59,2,6,1,100,0,0,1,12,0,0,0,0,9999999,0,"Not in identifiable area","N/A (not applicable)"
"2702648",0,0,2022,2022,202203,5481325,5,68.9,0,46078,1,12,116200,4,2,75,1,100,0,0,11,114,23,2300,0,0,62000,0,"Not in identifiable area","N/A (not applicable)"
"10544927",3870,36540,2022,2022,202203,2536552,21,190.1,5,306438,1,13,125000,21,1,38,1,100,0,0,10,101,19,1901,0,0,81000,39,"Omaha-Council Bluffs, NE-IA","Police officers"
"8216568",1310,16980,2022,2019,202203,2123656,17,3587.7,2,9461105,1,13,176435,16,2,48,1,100,0,0,10,101,24,2416,0,0,78079,48,"Chicago-Naperville-Elgin, IL-IN-WI","Surveyors, cartographers, and photogrammetrists"
"2252695",0,0,2022,2020,202203,2022431,9,22.2,0,25619,1,13,209767,20,1,7,1,100,0,0,1,12,0,0,0,0,9999999,0,"Not in identifiable area","N/A (not applicable)"
"11397410",4251,41860,2022,2018,202203,437314,41,6550.1,1,4335391,2,22,91654,73,1,55,1,100,0,0,6,63,0,0,0,0,81834,11,"San Francisco-Oakland-Hayward, CA","Landscaping and groundskeeping workers"
"13090757",5400,40140,2022,2022,202203,1024963,8,1388.3,1,4224851,1,12,35000,8,2,48,6,600,0,0,7,71,0,0,0,0,35000,44,"Riverside-San Bernardino-Ontario, CA","Receptionists and information clerks"
"8739178",2145,14460,2022,2018,202203,2976575,1,19377.3,4,4552402,0,0,9999999,1,1,29,1,100,4,498,10,101,36,3603,0,0,6079,44,"Boston-Cambridge-Newton, MA-NH","Paralegals and legal assistants"
"14240714",7200,14460,2022,2020,202203,3064691,7,848.7,4,4552402,2,22,71728,7,1,67,1,100,0,0,6,63,0,0,0,0,33994,19,"Boston-Cambridge-Newton, MA-NH","Automotive service technicians and mechanics"
"14751124",8630,18580,2022,2018,202203,5880531,18,243.4,5,176467,1,13,64298,18,1,59,1,100,0,0,6,63,0,0,0,0,64298,10,"Corpus Christi, TX","Miscellaneous plant and system operators"
"7789550",800,12420,2022,2020,202203,6080412,10,1410,4,1716289,1,13,369404,10,2,38,4,400,0,0,10,101,62,6212,0,0,199433,78,"Austin-Round Rock, TX","Accountants and auditors"
"4928148",0,38060,2022,2019,202203,160989,22,2836.7,2,4192887,1,12,119644,22,2,14,1,100,0,0,2,26,0,0,0,0,9999999,0,"Phoenix-Mesa-Scottsdale, AZ","N/A (not applicable)"
"5082663",0,35620,2022,2022,202203,4038426,38,14283,2,19567410,1,13,764500,31,2,70,8,845,0,0,2,22,0,0,0,0,8400,0,"New York-Newark-Jersey City, NY-NJ-PA","N/A (not applicable)"
"13775350",6230,24660,2022,2021,202203,4671074,64,385.4,5,723801,2,22,22699,64,1,43,7,700,1,100,0,2,0,0,0,0,22699,19,"Greensboro-High Point, NC","Carpenters"
"2362693",0,0,2022,2018,202203,3158204,8,66.4,0,44972,2,22,37176,7,1,9,1,100,0,0,1,15,0,0,0,0,9999999,0,"Not in identifiable area","N/A (not applicable)"
"13397270",5740,35620,2022,2021,202203,4406415,33,27409.3,2,19567410,2,22,142680,33,2,55,2,200,0,0,8,81,0,0,0,0,75664,61,"New York-Newark-Jersey City, NY-NJ-PA","Secretaries and administrative assistants, except legal, medical, and executive"
"10522475",3870,16740,2022,2021,202203,5625784,16,368,6,2217012,1,13,156732,15,1,30,1,100,0,0,10,101,53,5301,0,0,59450,39,"Charlotte-Concord-Gastonia, NC-SC","Police officers"
"13596690",5860,36780,2022,2019,202203,6865443,13,1385.3,1,166994,1,13,237681,11,2,53,1,100,0,0,6,63,0,0,0,0,52818,44,"Oshkosh-Neenah, WI","Office clerks, general"
"6916494",230,23060,2022,2019,202203,2379790,13,368.1,6,416257,1,13,189456,14,2,46,1,100,0,0,10,101,23,2300,0,0,74634,72,"Fort Wayne, IN","Education and childcare administrators"
"8276665",1430,0,2022,2018,202203,2348271,84,145.9,0,49649,2,22,35072,84,1,21,1,100,0,0,7,71,0,0,0,0,35072,86,"Not in identifiable area","Industrial engineers, including health and safety"
"14386368",7340,45780,2022,2021,202203,4961891,12,294.5,5,610001,1,13,111334,12,1,49,1,100,0,0,6,65,0,0,0,0,70259,27,"Toledo, OH","Maintenance and repair workers, general"
"11080479",4130,31080,2022,2020,202203,762135,46,15709.3,1,12828837,2,22,27195,28,2,22,7,700,1,100,7,71,0,0,0,0,13598,11,"Los Angeles-Long Beach-Anaheim, CA","Dining room and cafeteria attendants and bartender helpers"
"2952720",0,28940,2022,2021,202203,5765426,18,1397,6,837571,2,22,24104,20,1,18,1,100,0,0,6,63,0,0,0,0,0,0,"Knoxville, TN","N/A (not applicable)"
"14710283",8320,31140,2022,2022,202203,2704079,20,279.3,3,1235708,1,13,120000,16,2,32,1,100,0,0,10,101,64,6402,0,0,0,18,"Louisville/Jefferson County, KY-IN","Sewing machine operators"
"11081684",4130,0,2022,2020,202203,307023,3,223.1,0,249154,1,13,57677,3,2,64,1,100,0,0,6,64,0,0,0,0,32748,11,"Not in identifiable area","Dining room and cafeteria attendants and bartender helpers"
"12883170",5240,28940,2022,2022,202203,5791297,3,207.2,6,205789,0,0,9999999,3,1,19,7,700,2,200,5,50,0,0,0,0,2000,44,"Knoxville, TN","Customer service representatives"
"9567114",2850,47900,2022,2019,202203,6508665,12,595.7,5,5636232,1,13,138796,12,2,73,1,100,0,0,11,114,54,5403,62,6203,53094,76,"Washington-Arlington-Alexandria, DC-VA-MD-WV","Writers and authors"
"12317402",4760,29820,2022,2018,202203,3767296,12,7523.7,1,1951269,2,22,144145,20,1,33,1,100,1,100,6,63,0,0,0,0,87679,47,"Las Vegas-Henderson-Paradise, NV","Retail salespersons"
"6694663",120,42540,2022,2019,202203,5313160,31,342.8,6,563631,1,13,218161,29,2,39,1,100,0,0,11,114,61,6107,0,0,160750,68,"Scranton--Wilkes-Barre--Hazleton, PA","Financial managers"
"12937786",5240,33100,2022,2020,202203,1534019,92,4344.8,2,5564635,2,22,67988,93,2,48,1,100,0,0,4,40,0,0,0,0,67988,44,"Miami-Fort Lauderdale-West Palm Beach, FL","Customer service representatives"
"8711265",2100,10740,2022,2021,202203,4066090,15,3244.8,3,887077,1,13,142324,15,1,68,8,826,4,498,11,115,55,5506,23,2300,98050,93,"Albuquerque, NM","Lawyers, and judges, magistrates, and other judicial workers"
"14007837",6355,14740,2022,2019,202203,6672555,3,920,1,251133,1,13,153861,3,1,57,1,100,0,0,6,65,0,0,0,0,107932,44,"Bremerton-Silverdale, WA","Electricians"
"12595188",4965,0,2022,2020,202203,2663191,37,295.8,0,85182,1,13,230028,36,2,43,1,100,0,0,11,114,23,2308,0,0,135977,47,"Not in identifiable area","Sales and related workers, all other"
"13689028",6050,0,2022,2020,202203,2174058,17,106,0,50635,2,22,44192,16,1,78,1,100,0,0,6,63,0,0,0,0,44192,6,"Not in identifiable area","Other agricultural workers"
"3264945",0,35300,2022,2019,202203,1226877,32,1927.6,1,862477,2,22,0,27,1,56,1,100,0,0,11,114,62,6203,0,0,0,0,"New Haven-Milford, CT","N/A (not applicable)"
"5077815",0,27100,2022,2020,202203,3260841,13,515.4,1,160248,2,21,24929,14,1,66,1,100,0,0,7,71,0,0,0,0,24929,0,"Jackson, MI","N/A (not applicable)"
"5935444",0,35620,2022,2021,202203,4345594,34,15039.3,2,19567410,1,13,49722,29,1,23,6,664,0,0,7,71,0,0,0,0,0,0,"New York-Newark-Jersey City, NY-NJ-PA","N/A (not applicable)"
"6371261",0,33100,2022,2019,202203,1497934,8,5057.4,2,5564635,1,12,76701,8,2,61,6,610,0,0,6,63,0,0,0,0,8267,0,"Miami-Fort Lauderdale-West Palm Beach, FL","N/A (not applicable)"
"8829883",2205,45300,2022,2018,202203,1390686,13,1055.5,1,2783243,1,12,85809,13,2,32,1,100,0,0,11,116,62,6200,62,6201,44892,84,"Tampa-St. Petersburg-Clearwater, FL","Postsecondary teachers"
"13602895",5860,21340,2022,2018,202203,5837024,2,3785.8,2,804123,1,13,117841,1,1,16,3,320,1,100,3,30,0,0,0,0,2221,44,"El Paso, TX","Office clerks, general"
"2839887",0,0,2022,2021,202203,6934555,5,1108.2,0,605435,2,22,65287,5,2,8,1,100,0,0,1,14,0,0,0,0,9999999,0,"Not in identifiable area","N/A (not applicable)"
"11397191",4251,0,2022,2018,202203,3173779,8,183,0,53882,1,12,40917,8,1,51,1,100,0,0,6,65,0,0,0,0,40917,11,"Not in identifiable area","Landscaping and groundskeeping workers"
"15639825",9825,17780,2022,2018,202203,5829385,12,1703.5,6,228660,0,0,9999999,12,1,21,1,100,0,0,7,71,0,0,0,0,11691,18,"College Station-Bryan, TX","Military enlisted tactical operations and air/weapons specialists and crew members"
"2176255",0,0,2022,2018,202203,5236750,9,235.9,0,372048,1,13,186816,10,2,10,1,100,0,0,1,17,0,0,0,0,9999999,0,"Not in identifiable area","N/A (not applicable)"
"2495630",0,19820,2022,2020,202203,3235915,36,484.2,4,4296250,1,12,41586,82,1,85,1,100,0,0,6,63,0,0,0,0,16997,0,"Detroit-Warren-Dearborn, MI","N/A (not applicable)"
"7282412",440,32820,2022,2019,202203,5727759,22,1888.3,6,1324829,2,21,197493,21,2,53,1,100,0,0,10,101,62,6201,0,0,132045,68,"Memphis, TN-MS-AR","Other managers"
"7083966",360,37980,2022,2018,202203,5248955,30,3385.8,2,5965343,1,12,589323,30,1,66,1,100,0,0,11,116,36,3608,36,3601,574710,68,"Philadelphia-Camden-Wilmington, PA-NJ-DE-MD","Natural sciences managers"
"11746208",4700,16620,2022,2019,202203,6802919,11,496.1,6,227078,2,22,87265,11,2,58,1,100,0,0,8,81,0,0,0,0,57411,68,"Charleston, WV","First-line supervisors of retail sales workers"
"2611303",0,0,2022,2020,202203,5071436,4,90.6,0,25426,1,12,104136,2,2,66,1,100,0,0,10,101,23,2300,0,0,42040,0,"Not in identifiable area","N/A (not applicable)"
"11993472",4720,39300,2022,2022,202203,5534631,19,1756.5,1,1600852,1,12,187000,21,2,20,4,400,0,0,6,65,0,0,0,0,25000,44,"Providence-Warwick, RI-MA","Cashiers"
"11947547",4720,25940,2022,2020,202203,5590125,85,418.4,1,187010,1,12,0,86,2,30,2,200,0,0,7,71,0,0,0,0,0,44,"Hilton Head Island-Bluffton-Beaufort, SC","Cashiers"
"622453",0,0,2022,2019,202203,293995,24,170,0,54963,1,12,107932,18,1,1,1,100,0,0,0,1,0,0,0,0,9999999,0,"Not in identifiable area","N/A (not applicable)"
"10015140",3322,35620,2022,2021,202203,4389778,31,55854.5,2,19567410,2,21,292927,36,2,49,1,100,0,0,11,114,61,6107,0,0,102687,48,"New York-Newark-Jersey City, NY-NJ-PA","Diagnostic medical sonographers"
"1523858",0,0,2022,2020,202203,6896148,1,44.9,0,31660,1,12,44986,1,1,67,1,100,0,0,6,63,0,0,0,0,8952,0,"Not in identifiable area","N/A (not applicable)"
"1091824",0,0,2022,2020,202203,2577493,7,110.6,0,18518,1,13,69178,7,2,10,1,100,0,0,1,17,0,0,0,0,9999999,0,"Not in identifiable area","N/A (not applicable)"
"6243681",0,36100,2022,2022,202203,1696694,12,902.4,1,331298,1,13,21500,13,2,75,1,100,0,0,6,63,0,0,0,0,21500,0,"Ocala, FL","N/A (not applicable)"
"11011396",4110,46700,2022,2022,202203,997682,12,1861.3,1,413344,2,22,159000,24,2,19,8,801,0,0,6,63,0,0,0,0,5000,16,"Vallejo-Fairfield, CA","Waiters and waitresses"
"13229209",5550,46700,2022,2019,202203,624222,67,2252.7,1,413344,1,13,97598,67,1,61,6,600,0,0,10,101,24,2414,0,0,80375,53,"Vallejo-Fairfield, CA","Postal service mail carriers"
"9441122",2635,37980,2022,2018,202203,1287071,16,2294.7,2,5965343,1,13,122751,15,2,45,1,100,0,0,8,81,0,0,0,0,35072,73,"Philadelphia-Camden-Wilmington, PA-NJ-DE-MD","Interior designers"
"12538398",4920,41620,2022,2019,202203,6378506,17,4709.4,4,1087873,2,22,91857,18,1,33,1,100,0,0,6,64,0,0,0,0,91857,62,"Salt Lake City, UT","Real estate brokers and sales agents"
"11021834",4110,39580,2022,2020,202203,4640330,70,3108,5,1130490,1,13,153665,187,1,43,1,100,0,0,10,101,61,6107,0,0,36261,16,"Raleigh, NC","Waiters and waitresses"
"7427258",530,33340,2022,2021,202203,6919166,8,572.2,1,1555908,1,13,137276,8,2,53,1,100,0,0,10,101,62,6203,0,0,74583,77,"Milwaukee-Waukesha-West Allis, WI","Purchasing agents, except wholesale, retail, and farm products"
"9594001",2910,31340,2022,2022,202203,6595684,7,760.9,1,252634,1,13,190000,19,2,36,1,100,0,0,10,101,62,6206,0,0,100000,50,"Lynchburg, VA","Photographers"
"4982873",0,35620,2022,2018,202203,3861828,16,4120.2,2,19567410,1,12,268884,16,2,71,1,100,0,0,10,101,61,6106,0,0,23381,0,"New York-Newark-Jersey City, NY-NJ-PA","N/A (not applicable)"
"11490554",4350,28140,2022,2021,202203,3647213,10,1000,5,2009342,2,22,24753,10,2,37,8,826,2,200,6,63,0,0,0,0,24753,18,"Kansas City, MO-KS","Animal caretakers"
"1031337",0,0,2022,2018,202203,2550018,36,110.6,0,18518,1,13,64649,53,1,9,7,700,1,100,1,15,0,0,0,0,9999999,0,"Not in identifiable area","N/A (not applicable)"
"15075834",9130,24340,2022,2021,202203,3281027,18,4764.4,6,988938,1,13,517757,19,1,26,1,100,0,0,10,101,37,3700,0,0,64855,15,"Grand Rapids-Wyoming, MI","Driver/sales workers and truck drivers"
"14975889",9121,0,2022,2021,202203,319818,41,86.9,0,48793,1,13,18040,41,1,80,2,200,0,0,6,63,0,0,0,0,18040,24,"Not in identifiable area","Bus drivers, school"
"5990729",0,41860,2022,2021,202203,768190,8,16070.6,1,4335391,0,0,9999999,8,2,80,4,400,0,0,0,2,0,0,0,0,0,0,"San Francisco-Oakland-Hayward, CA","N/A (not applicable)"
"14961816",9040,42660,2022,2020,202203,6712965,16,765.8,1,3439809,1,12,270821,15,1,62,1,100,0,0,10,101,52,5200,0,0,118980,69,"Seattle-Tacoma-Bellevue, WA","Air traffic controllers and airfield operations specialists"
"10282131",3603,0,2022,2020,202203,5389335,4,134.1,0,42888,1,13,106062,5,2,30,1,100,0,0,6,63,0,0,0,0,16317,13,"Not in identifiable area","Nursing assistants"
"5295298",0,49620,2022,2022,202203,5473009,14,2878.7,1,434972,1,12,54500,14,2,86,1,100,0,0,6,63,0,0,0,0,13450,0,"York-Hanover, PA","N/A (not applicable)"
"3499062",0,16980,2022,2022,202203,2305571,8,706.8,3,9461105,1,12,345300,9,2,64,1,100,0,0,8,81,0,0,0,0,0,0,"Chicago-Naperville-Elgin, IL-IN-WI","N/A (not applicable)"
"8787610",2205,42540,2022,2018,202203,5215131,17,3524,6,563631,0,0,9999999,17,1,21,1,100,2,200,7,71,0,0,0,0,5261,84,"Scranton--Wilkes-Barre--Hazleton, PA","Postsecondary teachers"
"292816",0,0,2022,2018,202203,148374,6,22.8,0,91318,1,12,9820,6,2,84,3,315,0,0,1,17,0,0,0,0,9820,0,"Not in identifiable area","N/A (not applicable)"
"3056979",0,46520,2022,2022,202203,2003499,24,3541.6,1,953207,1,12,212500,43,2,82,6,680,0,0,6,63,0,0,0,0,19200,0,"Urban Honolulu, HI","N/A (not applicable)"
"8491605",1970,41180,2022,2021,202203,2208105,11,1122.3,5,2787701,0,0,9999999,11,2,20,8,826,1,100,6,63,0,0,0,0,2486,18,"St. Louis, MO-IL","Other life, physical, and social science technicians"
"1064317",0,26900,2022,2020,202203,2399112,87,1867.1,1,1887877,1,12,57903,23,2,89,1,100,0,0,6,63,0,0,0,0,12578,0,"Indianapolis-Carmel-Anderson, IN","N/A (not applicable)"
"1263590",0,35620,2022,2018,202203,3885433,30,17255.7,2,19567410,2,22,120764,21,2,16,7,700,4,460,4,40,0,0,0,0,0,0,"New York-Newark-Jersey City, NY-NJ-PA","N/A (not applicable)"
"10697461",4020,0,2022,2019,202203,5727275,3,277.5,0,90412,1,13,72912,2,1,60,1,100,0,0,5,50,0,0,0,0,12401,15,"Not in identifiable area","Cooks"
"9784498",3255,41740,2022,2018,202203,483221,34,3205.1,1,3095313,1,13,93525,37,2,63,1,100,0,0,11,116,61,6107,0,0,93525,46,"San Diego-Carlsbad, CA","Registered nurses"
"14901817",8990,0,2022,2022,202203,5003212,32,188.1,0,160371,1,13,120000,32,1,50,1,100,0,0,6,63,0,0,0,0,60000,18,"Not in identifiable area","Miscellaneous production workers, including equipment operators and tenders"
"10349163",3610,0,2022,2018,202203,4552607,34,133.7,0,99221,1,13,81834,30,2,34,1,100,0,0,8,81,0,0,0,0,16367,13,"Not in identifiable area","Occupational therapy assistants and aides"
"8852134",2205,16860,2022,2021,202203,5783324,13,2203.9,6,528143,1,13,151868,13,1,63,1,100,0,0,11,116,25,2501,0,0,140519,84,"Chattanooga, TN-GA","Postsecondary teachers"
"5274660",0,28140,2022,2021,202203,3663812,21,1000,5,2009342,1,13,193483,25,2,75,1,100,0,0,6,65,0,0,0,0,12971,0,"Kansas City, MO-KS","N/A (not applicable)"
"12576988",4920,45300,2022,2022,202203,1706245,57,3057.6,1,2783243,1,12,100000,56,1,40,1,100,0,0,10,101,62,6207,0,0,100000,62,"Tampa-St. Petersburg-Clearwater, FL","Real estate brokers and sales agents"
"5497407",0,35620,2022,2022,202203,4465122,22,16131.2,2,19567410,2,22,147000,19,2,10,6,610,0,0,2,22,0,0,0,0,9999999,0,"New York-Newark-Jersey City, NY-NJ-PA","N/A (not applicable)"
"2545681",0,32820,2022,2021,202203,5772710,66,2121.9,6,1324829,2,22,37832,73,1,6,2,200,0,0,0,2,0,0,0,0,9999999,0,"Memphis, TN-MS-AR","N/A (not applicable)"
"5912083",0,37980,2022,2019,202203,5292516,35,1801.8,2,5965343,1,13,94154,33,2,14,1,100,0,0,2,26,0,0,0,0,9999999,0,"Philadelphia-Camden-Wilmington, PA-NJ-DE-MD","N/A (not applicable)"
"12381138",4810,0,2022,2018,202203,4532567,16,133.3,0,29045,1,13,148120,12,1,52,1,100,0,0,8,81,0,0,0,0,128597,66,"Not in identifiable area","Insurance sales agents"
"7344407",440,12580,2022,2019,202203,2879301,70,13057.8,3,2710489,2,22,155009,70,2,38,2,200,0,0,8,81,0,0,0,0,80375,68,"Baltimore-Columbia-Towson, MD","Other managers"
"7206505",440,31080,2022,2021,202203,870163,12,24417.9,1,12828837,1,13,35238,10,1,49,1,100,0,0,10,101,15,1501,0,0,33941,68,"Los Angeles-Long Beach-Anaheim, CA","Other managers"
"6109676",0,35620,2022,2019,202203,4233079,93,5036.1,2,19567410,2,22,45929,80,1,8,1,100,0,0,1,15,0,0,0,0,9999999,0,"New York-Newark-Jersey City, NY-NJ-PA","N/A (not applicable)"
"8462567",1840,35620,2022,2018,202203,4134419,17,61005.7,2,19567410,2,22,169514,17,1,32,1,100,0,0,11,114,24,2406,0,0,99370,65,"New York-Newark-Jersey City, NY-NJ-PA","Urban and regional planners"
"812141",0,0,2022,2021,202203,3539003,17,48.8,0,33451,1,12,40426,18,2,70,1,100,0,0,6,64,0,0,0,0,15565,0,"Not in identifiable area","N/A (not applicable)"
"2194894",0,12060,2022,2022,202203,1939588,12,2030.5,4,5286728,1,13,668000,11,1,7,1,100,0,0,1,14,0,0,0,0,9999999,0,"Atlanta-Sandy Springs-Roswell, GA","N/A (not applicable)"
"5360572",0,40980,2022,2020,202203,3265745,32,684.7,1,200169,2,22,45326,15,1,18,2,200,0,0,5,50,0,0,0,0,0,0,"Saginaw, MI","N/A (not applicable)"
"4001742",0,17820,2022,2022,202203,1186337,24,2638.2,1,645613,1,13,212600,39,1,2,6,620,0,0,0,1,0,0,0,0,9999999,0,"Colorado Springs, CO","N/A (not applicable)"
"4257864",0,44700,2022,2019,202203,504989,18,5428.8,1,685306,0,0,9999999,18,2,18,1,100,0,0,6,65,0,0,0,0,0,0,"Stockton-Lodi, CA","N/A (not applicable)"
"13400596",5740,11700,2022,2018,202203,4546954,69,336.1,6,232227,1,12,98201,63,2,58,1,100,0,0,11,114,54,5404,0,0,0,61,"Asheville, NC","Secretaries and administrative assistants, except legal, medical, and executive"
"2130753",0,0,2022,2022,202203,6282622,19,342.5,0,34568,2,21,39600,23,2,11,7,700,1,100,1,16,0,0,0,0,9999999,0,"Not in identifiable area","N/A (not applicable)"
"11981834",4720,0,2022,2022,202203,87766,35,821.2,0,140247,0,0,9999999,35,2,17,2,200,0,0,6,65,0,0,0,0,10000,44,"Not in identifiable area","Cashiers"
"3952685",0,42660,2022,2022,202203,6785613,11,2655,1,3439809,1,12,42300,11,2,87,4,400,0,0,6,63,0,0,0,0,42300,0,"Seattle-Tacoma-Bellevue, WA","N/A (not applicable)"
"8249093",1360,35620,2022,2021,202203,4375151,24,61005.7,2,19567410,2,22,108091,24,1,62,2,200,0,0,10,101,14,1401,0,0,108091,84,"New York-Newark-Jersey City, NY-NJ-PA","Civil engineers"
"6649663",110,14860,2022,2022,202203,1285216,17,881.6,5,916829,1,13,300000,8,1,31,1,100,0,0,10,101,62,6203,0,0,225000,68,"Bridgeport-Stamford-Norwalk, CT","Computer and information systems managers"
"12188141",4760,35620,2022,2019,202203,4170794,15,65944.3,2,19567410,0,0,9999999,15,2,19,4,400,0,0,7,71,0,0,0,0,2641,47,"New York-Newark-Jersey City, NY-NJ-PA","Retail salespersons"
"8120220",1105,0,2022,2019,202203,4562750,6,833,0,177772,0,0,9999999,6,1,21,1,100,0,0,6,63,0,0,0,0,28131,18,"Not in identifiable area","Network and computer systems administrators"
"15090701",9130,29820,2022,2018,202203,3769921,21,3514.3,1,1951269,2,22,63129,20,1,55,1,100,0,0,6,65,0,0,0,0,63129,15,"Las Vegas-Henderson-Paradise, NV","Driver/sales workers and truck drivers"
"9758891",3245,31080,2022,2021,202203,891260,19,8664,1,12828837,1,13,154678,18,2,57,4,400,0,0,10,101,23,2300,0,0,0,58,"Los Angeles-Long Beach-Anaheim, CA","Other therapists"
"5336573",0,41940,2022,2021,202203,853680,10,9263.4,4,1836911,1,13,131439,16,1,67,1,100,1,100,10,101,62,6200,0,0,38048,0,"San Jose-Sunnyvale-Santa Clara, CA","N/A (not applicable)"
"10039735",3401,32900,2022,2019,202203,595843,11,1817,1,255793,1,13,93006,6,2,26,7,700,1,100,10,101,36,3600,0,0,34447,48,"Merced, CA","Emergency medical technicians"
"2311075",0,0,2022,2019,202203,5298641,11,316.2,0,149618,1,13,84968,9,1,10,1,100,0,0,1,17,0,0,0,0,9999999,0,"Not in identifiable area","N/A (not applicable)"
"5117462",0,45060,2022,2022,202203,4444998,10,1294,6,662577,1,12,44800,9,2,68,1,100,0,0,6,63,0,0,0,0,16200,0,"Syracuse, NY","N/A (not applicable)"
"13400116",5740,38060,2022,2021,202203,233319,18,1164.6,2,4192887,2,22,72421,18,2,47,1,100,0,0,7,71,0,0,0,0,61612,61,"Phoenix-Mesa-Scottsdale, AZ","Secretaries and administrative assistants, except legal, medical, and executive"
"3141733",0,0,2022,2022,202203,4991409,12,332.4,0,114520,1,13,76000,13,2,8,7,700,1,100,1,16,0,0,0,0,9999999,0,"Not in identifiable area","N/A (not applicable)"
"5349476",0,40900,2022,2021,202203,835108,16,1936.8,1,2149127,1,13,390425,19,1,13,1,100,0,0,2,25,0,0,0,0,9999999,0,"Sacramento--Roseville--Arden-Arcade, CA","N/A (not applicable)"
"10140703",3520,12580,2022,2020,202203,2911933,16,3600.6,3,2710489,1,13,110821,28,1,23,6,620,0,0,10,101,36,3600,0,0,19037,39,"Baltimore-Columbia-Towson, MD","Opticians, dispensing"
"8861408",2205,19100,2022,2019,202203,6038934,19,4679.6,3,6426214,2,22,219309,19,1,65,1,100,0,0,11,116,52,5200,0,0,172233,84,"Dallas-Fort Worth-Arlington, TX","Postsecondary teachers"
"13329797",5740,38060,2022,2019,202203,173817,9,4065.5,2,4192887,1,13,68893,9,2,55,1,100,0,0,8,81,0,0,0,0,68893,61,"Phoenix-Mesa-Scottsdale, AZ","Secretaries and administrative assistants, except legal, medical, and executive"
"9996289",3300,45300,2022,2018,202203,1358352,12,4538.1,1,2783243,1,12,220134,10,2,71,6,600,0,0,10,101,61,6105,0,0,30863,48,"Tampa-St. Petersburg-Clearwater, FL","Clinical laboratory technologists and technicians"
"3844950",0,17140,2022,2018,202203,2624314,17,1074.3,4,2114580,1,12,244684,12,2,50,1,100,0,0,7,71,0,0,0,0,0,0,"Cincinnati, OH-KY-IN","N/A (not applicable)"
"10588027",3930,38060,2022,2022,202203,271904,86,4998.7,2,4192887,2,22,45900,86,1,43,2,200,0,0,6,64,0,0,0,0,45900,8,"Phoenix-Mesa-Scottsdale, AZ","Security guards and gaming surveillance officers"
"6116785",0,31080,2022,2018,202203,449180,11,11264.4,1,12828837,1,13,136780,14,1,1,7,700,1,100,0,1,0,0,0,0,9999999,0,"Los Angeles-Long Beach-Anaheim, CA","N/A (not applicable)"
"12950193",5240,0,2022,2018,202203,3386238,6,227.3,0,127108,1,13,198740,7,2,17,1,100,0,0,5,50,0,0,0,0,2338,44,"Not in identifiable area","Customer service representatives"
"14850114",8910,19780,2022,2022,202203,2541433,22,992.2,5,569633,1,13,172480,22,1,45,8,815,0,0,7,71,0,0,0,0,76000,47,"Des Moines-West Des Moines, IA","Etchers and engravers"
"250191",0,0,2022,2019,202203,3404907,10,57.8,0,13858,1,13,218161,15,2,15,1,100,0,0,3,30,0,0,0,0,0,0,"Not in identifiable area","N/A (not applicable)"
"3766760",0,35620,2022,2019,202203,3931703,4,409.6,2,19567410,1,13,117118,4,1,13,1,100,0,0,2,25,0,0,0,0,9999999,0,"New York-Newark-Jersey City, NY-NJ-PA","N/A (not applicable)"
"6812679",205,0,2022,2020,202203,2185094,26,155.2,0,62402,2,21,96317,26,1,34,8,826,4,416,10,101,62,6203,0,0,45326,14,"Not in identifiable area","Farmers, ranchers, and other agricultural managers"
"10899212",4055,42100,2022,2020,202203,646350,13,4615.4,1,262382,0,0,9999999,13,2,18,1,100,0,0,6,65,0,0,0,0,2266,11,"Santa Cruz-Watsonville, CA","Fast food and counter workers"
"2410180",0,31180,2022,2021,202203,6210888,11,4445.6,4,290805,2,21,20429,11,2,92,1,100,0,0,10,101,24,2412,62,6201,20429,0,"Lubbock, TX","N/A (not applicable)"
"2383105",0,12580,2022,2019,202203,2879735,15,802.3,3,2710489,1,12,81294,14,1,72,1,100,0,0,6,65,0,0,0,0,68893,0,"Baltimore-Columbia-Towson, MD","N/A (not applicable)"
"11045981",4110,0,2022,2020,202203,6383661,12,422.3,0,98209,0,0,9999999,12,2,18,6,620,0,0,6,63,0,0,0,0,2720,16,"Not in identifiable area","Waiters and waitresses"
"9306257",2545,48900,2022,2018,202203,4553190,64,290,1,254884,1,13,157823,63,2,38,1,100,0,0,11,115,36,3600,0,0,17536,65,"Wilmington, NC","Teaching assistants"
"1792355",0,33100,2022,2018,202203,1395834,10,751.9,2,5564635,1,13,64591,13,1,6,8,813,0,0,1,14,0,0,0,0,9999999,0,"Miami-Fort Lauderdale-West Palm Beach, FL","N/A (not applicable)"
"4018540",0,19820,2022,2018,202203,3161814,21,2899,4,4296250,2,22,81834,17,1,1,6,620,0,0,0,1,0,0,0,0,9999999,0,"Detroit-Warren-Dearborn, MI","N/A (not applicable)"
"1699386",0,0,2022,2022,202203,6776817,17,271.7,0,113608,1,13,350000,23,1,10,8,826,4,422,1,17,0,0,0,0,9999999,0,"Not in identifiable area","N/A (not applicable)"
"1282302",0,0,2022,2020,202203,2664924,10,295.8,0,85182,2,22,27535,10,2,77,1,100,0,0,6,65,0,0,0,0,17564,0,"Not in identifiable area","N/A (not applicable)"
"2244883",0,31080,2022,2018,202203,484061,35,7985.8,1,12828837,2,22,81834,35,1,5,6,610,0,0,1,12,0,0,0,0,9999999,0,"Los Angeles-Long Beach-Anaheim, CA","N/A (not applicable)"
"4031355",0,19820,2022,2019,202203,3214509,20,5428.4,4,4296250,1,13,109081,15,1,12,2,200,0,0,2,25,0,0,0,0,9999999,0,"Detroit-Warren-Dearborn, MI","N/A (not applicable)"
"9897642",3255,49740,2022,2022,202203,256057,8,475.9,5,126307,1,12,13100,4,2,81,1,100,0,0,10,101,61,6107,0,0,3600,46,"Yuma, AZ","Registered nurses"
"9937020",3255,38900,2022,2021,202203,5176589,37,1237.7,5,2226009,1,13,221587,37,2,36,1,100,0,0,10,101,62,6210,61,6107,97282,46,"Portland-Vancouver-Hillsboro, OR-WA","Registered nurses"
"2301211",0,19740,2022,2018,202203,1089917,15,3077.8,4,2543482,1,13,161155,13,1,11,1,100,0,0,2,22,0,0,0,0,9999999,0,"Denver-Aurora-Lakewood, CO","N/A (not applicable)"
"575281",0,25060,2022,2019,202203,3513872,18,775.8,6,370702,1,12,226888,18,2,72,1,100,0,0,11,115,52,5200,0,0,92202,0,"Gulfport-Biloxi-Pascagoula, MS","N/A (not applicable)"
"4438085",0,19100,2022,2020,202203,6086911,68,8080.7,3,6426214,2,22,34901,68,1,87,1,100,0,0,10,101,24,2411,0,0,19943,0,"Dallas-Fort Worth-Arlington, TX","N/A (not applicable)"
"2116737",0,0,2022,2022,202203,1967316,47,223,0,109298,2,22,10900,48,1,61,2,200,0,0,6,63,0,0,0,0,10900,0,"Not in identifiable area","N/A (not applicable)"
"6954847",230,42200,2022,2021,202203,859303,12,4007.4,1,423895,1,13,254014,9,2,55,8,811,0,0,11,114,37,3700,0,0,124305,72,"Santa Maria-Santa Barbara, CA","Education and childcare administrators"
"11414981",4251,19780,2022,2018,202203,2480455,4,171.6,6,158542,1,12,147886,2,1,16,1,100,0,0,4,40,0,0,0,0,11691,11,"Des Moines-West Des Moines, IA","Landscaping and groundskeeping workers"
"7619152",710,40140,2022,2020,202203,757156,8,4910.4,1,4224851,1,13,98583,8,1,70,1,100,0,0,7,71,0,0,0,0,41926,86,"Riverside-San Bernardino-Ontario, CA","Management analysts"
"13720063",6200,33100,2022,2022,202203,1693454,30,8073.6,2,5564635,1,13,71000,29,1,58,1,100,0,0,6,63,0,0,0,0,40000,68,"Miami-Fort Lauderdale-West Palm Beach, FL","First-line supervisors of construction trades and extraction workers"
"5260984",0,42660,2022,2019,202203,6680421,14,3843.3,1,3439809,1,13,353306,13,1,4,6,640,0,0,1,12,0,0,0,0,9999999,0,"Seattle-Tacoma-Bellevue, WA","N/A (not applicable)"
"11604349",4600,0,2022,2019,202203,2655484,12,65.7,0,45507,1,12,137786,12,1,57,1,100,0,0,11,115,23,2306,23,2308,80375,26,"Not in identifiable area","Childcare workers"
"4090169",0,41700,2022,2022,202203,6346488,21,2137.8,4,2142508,1,13,80000,17,2,4,8,826,1,100,0,2,0,0,0,0,9999999,0,"San Antonio-New Braunfels, TX","N/A (not applicable)"
"9797045",3255,0,2022,2019,202203,3608106,5,66.8,0,20606,1,13,78079,5,2,60,1,100,0,0,8,81,0,0,0,0,45929,46,"Not in identifiable area","Registered nurses"
"13987171",6355,0,2022,2018,202203,2730759,41,171.1,0,90753,1,12,157823,57,1,35,1,100,0,0,7,71,0,0,0,0,40917,44,"Not in identifiable area","Electricians"
"10934877",4055,18140,2022,2021,202203,4947538,58,8075.3,5,1901974,2,22,22267,57,1,23,1,100,0,0,8,81,0,0,0,0,19565,11,"Columbus, OH","Fast food and counter workers"
"13659170",6050,42200,2022,2019,202203,557178,34,476.3,1,423895,2,22,55000,38,2,63,7,700,1,100,0,2,0,0,0,0,11023,6,"Santa Maria-Santa Barbara, CA","Other agricultural workers"
"4918614",0,31080,2022,2022,202203,1063696,8,17853.6,1,12828837,1,13,95360,6,1,80,8,826,4,412,2,23,0,0,0,0,8360,0,"Los Angeles-Long Beach-Anaheim, CA","N/A (not applicable)"
"12657201",5000,33100,2022,2018,202203,1362184,13,10993.9,2,5564635,2,22,63714,14,2,43,1,100,2,200,10,101,62,6203,0,0,56115,68,"Miami-Fort Lauderdale-West Palm Beach, FL","First-line supervisors of office and administrative support workers"
"9240406",2360,0,2022,2019,202203,3409191,25,227.3,0,127108,2,22,42943,25,2,72,1,100,0,0,11,114,23,2314,0,0,42943,52,"Not in identifiable area","Other teachers and instructors"
"12790349",5120,19660,2022,2021,202203,1657161,9,1542.3,1,590289,1,13,95012,11,1,54,1,100,0,0,10,101,36,3600,0,0,35562,51,"Deltona-Daytona Beach-Ormond Beach, FL","Bookkeeping, accounting, and auditing clerks"
"3084347",0,33860,2022,2022,202203,103673,19,178,6,125217,1,12,12500,19,1,43,2,200,0,0,3,30,0,0,0,0,12500,0,"Montgomery, AL","N/A (not applicable)"
"1741797",0,35620,2022,2020,202203,4282374,11,61005.7,2,19567410,1,13,251557,17,2,11,2,200,0,0,2,22,0,0,0,0,9999999,0,"New York-Newark-Jersey City, NY-NJ-PA","N/A (not applicable)"
"12351221",4760,23540,2022,2019,202203,1471256,21,2702,5,264275,2,22,10334,29,1,18,8,813,0,0,6,63,0,0,0,0,6889,47,"Gainesville, FL","Retail salespersons"
"5174118",0,36420,2022,2018,202203,5035874,19,1407.9,5,1252987,2,22,45593,18,1,13,1,100,0,0,2,23,0,0,0,0,9999999,0,"Oklahoma City, OK","N/A (not applicable)"
"9584447",2905,45300,2022,2022,202203,1730103,18,5201.4,1,2783243,1,13,611000,17,1,63,1,100,0,0,10,101,19,1901,0,0,611000,53,"Tampa-St. Petersburg-Clearwater, FL","Other media and communication equipment workers"
"12820964",5160,12620,2022,2021,202203,2839818,7,204.5,1,153923,2,21,58802,8,1,38,1,100,0,0,10,101,52,5200,55,5502,53397,52,"Bangor, ME","Tellers"
"12735498",5120,35620,2022,2018,202203,4161420,9,58353.4,2,19567410,1,13,315646,10,2,41,1,100,4,422,10,101,19,1901,0,0,70144,51,"New York-Newark-Jersey City, NY-NJ-PA","Bookkeeping, accounting, and auditing clerks"
"6837458",205,0,2022,2022,202203,5671429,14,188.9,0,82429,2,21,127000,15,2,34,1,100,0,0,10,101,23,2304,0,0,5000,14,"Not in identifiable area","Farmers, ranchers, and other agricultural managers"
"7087175",410,17460,2022,2021,202203,4935401,40,1519.9,1,2077240,1,12,38156,40,1,62,1,100,0,0,6,61,0,0,0,0,29293,32,"Cleveland-Elyria, OH","Property, real estate, and community association managers"
"15214973",9141,35620,2022,2019,202203,3908657,13,1227.7,2,19567410,1,13,70501,14,1,45,6,610,0,0,6,63,0,0,0,0,45929,10,"New York-Newark-Jersey City, NY-NJ-PA","Shuttle drivers and chauffeurs"
"6079662",0,38900,2022,2020,202203,5158371,4,2041.6,5,2226009,1,13,270821,27,2,12,8,826,4,498,2,25,0,0,0,0,9999999,0,"Portland-Vancouver-Hillsboro, OR-WA","N/A (not applicable)"
"5258496",0,16980,2022,2021,202203,2213346,16,3168.3,2,9461105,1,13,261581,18,2,13,1,100,0,0,2,25,0,0,0,0,9999999,0,"Chicago-Naperville-Elgin, IL-IN-WI","N/A (not applicable)"
"815183",0,0,2022,2022,202203,2449753,2,91,0,64944,1,12,44000,3,2,11,1,100,0,0,2,22,0,0,0,0,9999999,0,"Not in identifiable area","N/A (not applicable)"
"9512744",2752,14460,2022,2022,202203,3118029,19,3749.3,3,4552402,1,12,68600,19,1,61,1,100,0,0,10,101,23,2314,0,0,68000,52,"Boston-Cambridge-Newton, MA-NH","Musicians and singers"
"6139762",0,35380,2022,2021,202203,2781062,13,7641.5,1,1189866,2,22,22051,13,1,71,2,200,0,0,3,30,0,0,0,0,22051,0,"New Orleans-Metairie, LA","N/A (not applicable)"
"10986477",4110,40380,2022,2018,202203,4091542,1,586.7,6,1079671,0,0,9999999,1,2,20,1,100,0,0,7,71,0,0,0,0,5261,16,"Rochester, NY","Waiters and waitresses"
"7331117",440,12060,2022,2018,202203,1775002,11,680.9,4,5286728,1,13,35656,10,1,46,1,100,0,0,6,63,0,0,0,0,11691,68,"Atlanta-Sandy Springs-Roswell, GA","Other managers"
"6930052",230,0,2022,2018,202203,6792033,6,251.3,0,355172,1,13,93876,6,1,71,1,100,0,0,11,114,55,5506,0,0,73651,72,"Not in identifiable area","Education and childcare administrators"
"5691099",0,41700,2022,2021,202203,6204248,24,283.8,4,2142508,1,13,66260,17,2,32,1,100,1,100,2,26,0,0,0,0,0,0,"San Antonio-New Braunfels, TX","N/A (not applicable)"
"12855532",5240,40900,2022,2021,202203,809346,6,4970.1,1,2149127,1,13,382210,6,2,50,1,100,0,0,6,65,0,0,0,0,85392,44,"Sacramento--Roseville--Arden-Arcade, CA","Customer service representatives"
"5149263",0,16980,2022,2021,202203,2239143,15,5402,2,9461105,2,22,57288,17,1,11,1,100,0,0,1,17,0,0,0,0,9999999,0,"Chicago-Naperville-Elgin, IL-IN-WI","N/A (not applicable)"
"14406586",7420,12060,2022,2019,202203,1821983,10,310.9,4,5286728,1,12,73509,7,1,29,1,100,0,0,6,64,0,0,0,0,35824,49,"Atlanta-Sandy Springs-Roswell, GA","Telecommunications line installers and repairers"
"935466",0,0,2022,2018,202203,4789009,10,135.8,0,39848,1,13,74352,9,2,82,1,100,0,0,10,101,23,2304,0,0,74352,0,"Not in identifiable area","N/A (not applicable)"
"7337244",440,0,2022,2018,202203,3494052,14,126.7,0,75546,2,22,30746,14,2,48,1,100,0,0,6,63,0,0,0,0,22563,68,"Not in identifiable area","Other managers"
"7078014",350,19100,2022,2019,202203,6037685,12,2476,3,6426214,1,13,154125,13,1,39,1,100,0,0,10,101,61,6107,0,0,149268,46,"Dallas-Fort Worth-Arlington, TX","Medical and health services managers"
"15518174",9640,17140,2022,2022,202203,4987574,27,3347.3,4,2114580,1,13,10000,26,2,59,1,100,0,0,6,64,0,0,0,0,0,18,"Cincinnati, OH-KY-IN","Packers and packagers, hand"
"2233604",0,0,2022,2021,202203,3459680,5,46.4,0,26138,1,12,72421,2,1,1,3,361,0,0,0,1,0,0,0,0,9999999,0,"Not in identifiable area","N/A (not applicable)"
"13872547",6260,38060,2022,2021,202203,213755,42,5230.9,2,4192887,2,22,32427,42,1,45,7,700,1,100,6,61,0,0,0,0,32427,8,"Phoenix-Mesa-Scottsdale, AZ","Construction laborers"
"6855545",205,0,2022,2022,202203,2611477,10,20.7,0,6820,2,22,160000,10,1,47,1,100,0,0,6,65,0,0,0,0,80000,14,"Not in identifiable area","Farmers, ranchers, and other agricultural managers"
"3282710",0,0,2022,2019,202203,5054407,5,130.8,0,213247,1,12,51210,4,2,83,1,100,0,0,6,64,0,0,0,0,12860,0,"Not in identifiable area","N/A (not applicable)"
"15051640",9130,41700,2022,2019,202203,5988263,22,3542.9,4,2142508,1,13,121711,21,1,32,1,100,0,0,8,81,0,0,0,0,64300,15,"San Antonio-New Braunfels, TX","Driver/sales workers and truck drivers"
"10739118",4020,35620,2022,2020,202203,3937561,29,1220,2,19567410,1,13,162152,31,2,60,1,100,0,0,6,63,0,0,0,0,7819,15,"New York-Newark-Jersey City, NY-NJ-PA","Cooks"
"4032695",0,34980,2022,2020,202203,5750616,42,149.2,5,1670890,1,13,56657,37,2,8,1,100,0,0,1,15,0,0,0,0,9999999,0,"Nashville-Davidson--Murfreesboro--Franklin, TN","N/A (not applicable)"
"474289",0,14460,2022,2020,202203,3050146,93,12878,4,4552402,2,22,122493,60,2,19,9,904,4,416,4,40,0,0,0,0,0,0,"Boston-Cambridge-Newton, MA-NH","N/A (not applicable)"
"3544848",0,36260,2022,2019,202203,6374769,10,1742.2,5,597159,1,13,24916,9,2,1,1,100,0,0,0,1,0,0,0,0,9999999,0,"Ogden-Clearfield, UT","N/A (not applicable)"
"11351664",4230,26900,2022,2019,202203,2381295,18,2342.9,1,1887877,2,22,20840,17,2,54,1,100,0,0,6,65,0,0,0,0,20840,10,"Indianapolis-Carmel-Anderson, IN","Maids and housekeeping cleaners"
"10013132",3321,19740,2022,2022,202203,1188794,14,10047.2,4,2543482,1,13,80000,13,2,47,1,100,0,0,10,101,61,6100,0,0,80000,48,"Denver-Aurora-Lakewood, CO","Cardiovascular technologists and technicians"
"1268780",0,0,2022,2020,202203,2657850,4,180.1,0,47230,0,0,9999999,4,1,48,1,100,0,0,2,25,0,0,0,0,11331,0,"Not in identifiable area","N/A (not applicable)"
"8379162",1555,0,2022,2018,202203,2097575,3,304,0,154908,1,13,164837,5,2,48,1,100,0,0,6,63,0,0,0,0,46762,62,"Not in identifiable area","Other engineering technologists and technicians, except drafters"
"58214",0,0,2022,2020,202203,4268444,10,426.9,0,134905,0,0,9999999,10,2,82,1,100,0,0,10,101,61,6107,0,0,17677,0,"Not in identifiable area","N/A (not applicable)"
"6465331",10,0,2022,2021,202203,3446888,3,57.8,0,13858,1,12,105065,4,1,88,1,100,0,0,11,115,37,3700,0,0,70259,68,"Not in identifiable area","Chief executives and legislators"
"7834778",845,36740,2022,2022,202203,1734592,86,1086.4,1,2134411,1,13,132000,86,2,53,8,826,3,300,6,65,0,0,0,0,100000,68,"Orlando-Kissimmee-Sanford, FL","Financial and investment analysts"
"4721381",0,26420,2022,2021,202203,6188479,7,1374.8,3,5920416,1,12,45614,10,2,8,8,826,1,100,1,15,0,0,0,0,9999999,0,"Houston-The Woodlands-Sugar Land, TX","N/A (not applicable)"
"5478492",0,35620,2022,2018,202203,4137902,16,63518.4,2,19567410,1,12,17887,17,2,61,1,100,0,0,6,63,0,0,0,0,17887,0,"New York-Newark-Jersey City, NY-NJ-PA","N/A (not applicable)"
"8405390",1650,0,2022,2021,202203,3309383,27,552.3,0,96466,1,12,322220,27,1,72,1,100,0,0,11,116,61,6108,0,0,264499,80,"Not in identifiable area","Other life scientists"
"5679785",0,40220,2022,2018,202203,6452173,23,238.9,5,227398,2,22,18343,30,2,17,1,100,0,0,4,40,0,0,0,0,0,0,"Roanoke, VA","N/A (not applicable)"
"1175552",0,0,2022,2018,202203,4778044,25,218.2,0,59703,2,22,51439,18,1,23,1,100,0,0,6,63,0,0,0,0,10522,0,"Not in identifiable area","N/A (not applicable)"
"3087162",0,19740,2022,2021,202203,1168819,16,6959.1,4,2543482,2,22,19456,16,1,60,1,100,0,0,4,40,0,0,0,0,19456,0,"Denver-Aurora-Lakewood, CO","N/A (not applicable)"
"3126583",0,17460,2022,2019,202203,4849011,49,746.1,1,2077240,1,13,169936,44,1,13,1,100,0,0,2,23,0,0,0,0,9999999,0,"Cleveland-Elyria, OH","N/A (not applicable)"
"6280294",0,31080,2022,2018,202203,451396,22,8778.5,1,12828837,1,13,397480,26,2,1,1,100,0,0,0,1,0,0,0,0,9999999,0,"Los Angeles-Long Beach-Anaheim, CA","N/A (not applicable)"
"12734173",5120,10420,2022,2019,202203,4854082,22,2930.9,1,703200,1,13,97713,22,2,59,1,100,0,0,7,71,0,0,0,0,5856,51,"Akron, OH","Bookkeeping, accounting, and auditing clerks"
"5248409",0,24340,2022,2019,202203,3185705,20,1045.5,6,988938,1,13,463880,16,1,16,1,100,0,0,3,30,0,0,0,0,0,0,"Grand Rapids-Wyoming, MI","N/A (not applicable)"
"15096618",9130,31080,2022,2022,202203,1059719,7,10067.7,1,12828837,1,12,515000,9,1,36,4,400,0,0,6,63,0,0,0,0,38000,15,"Los Angeles-Long Beach-Anaheim, CA","Driver/sales workers and truck drivers"
"8561884",2014,35620,2022,2022,202203,4488377,30,132103.1,2,19567410,2,22,60000,30,2,67,1,100,0,0,11,114,61,6107,0,0,60000,64,"New York-Newark-Jersey City, NY-NJ-PA","Social workers, all other"
"5448405",0,25540,2022,2019,202203,1228811,15,3647.8,1,1212381,2,22,919,21,1,15,1,100,2,200,4,40,0,0,0,0,0,0,"Hartford-West Hartford-East Hartford, CT","N/A (not applicable)"
"8068063",1032,35620,2022,2020,202203,4304035,11,6278.7,2,19567410,2,22,475851,11,1,29,1,100,0,0,6,63,0,0,0,0,473653,65,"New York-Newark-Jersey City, NY-NJ-PA","Web and digital interface designers"
"15463531",9620,12060,2022,2018,202203,1794062,11,1830.6,4,5286728,1,13,123336,24,1,41,2,200,0,0,5,50,0,0,0,0,35072,8,"Atlanta-Sandy Springs-Roswell, GA","Laborers and freight, stock, and material movers, hand"
"9867141",3255,12580,2022,2022,202203,2961407,44,4834.8,3,2710489,2,22,133810,44,2,39,1,100,0,0,10,101,61,6107,0,0,123000,46,"Baltimore-Columbia-Towson, MD","Registered nurses"
"2364136",0,31140,2022,2019,202203,2651045,4,2088.5,3,1235708,1,13,212420,4,1,17,2,200,0,0,5,50,0,0,0,0,0,0,"Louisville/Jefferson County, KY-IN","N/A (not applicable)"
"328734",0,0,2022,2021,202203,4387069,20,88.4,0,56477,2,22,41075,20,2,83,1,100,0,0,6,63,0,0,0,0,41075,0,"Not in identifiable area","N/A (not applicable)"
"3123717",0,15980,2022,2019,202203,1425360,10,1020.5,1,618754,1,13,70730,12,2,15,1,100,3,300,3,30,0,0,0,0,0,0,"Cape Coral-Fort Myers, FL","N/A (not applicable)"
"3753659",0,28940,2022,2019,202203,5717019,8,89.5,6,143806,1,12,40532,5,1,67,1,100,0,0,0,2,0,0,0,0,10564,0,"Knoxville, TN","N/A (not applicable)"
"8015617",1021,42660,2022,2018,202203,6653259,11,2493.3,1,3439809,1,12,306294,12,1,40,6,610,0,0,11,114,61,6108,0,0,141456,65,"Seattle-Tacoma-Bellevue, WA","Software developers"
"6331794",0,41180,2022,2018,202203,3559087,30,1764.7,5,2787701,1,12,156069,30,2,56,9,901,0,0,11,114,36,3600,0,0,39164,0,"St. Louis, MO-IL","N/A (not applicable)"
"15180948",9130,0,2022,2020,202203,3524107,3,48.8,0,33451,1,12,117847,1,1,60,8,802,0,0,6,63,0,0,0,0,63456,15,"Not in identifiable area","Driver/sales workers and truck drivers"
"8083384",1050,0,2022,2022,202203,3688552,40,142.6,0,42932,1,13,245000,39,2,49,1,100,0,0,10,101,23,2310,0,0,85000,65,"Not in identifiable area","Computer support specialists"
"4941243",0,26420,2022,2021,202203,6129212,3,5495.6,3,5920416,0,0,9999999,3,2,76,1,100,0,0,10,101,55,5505,0,0,5837,0,"Houston-The Woodlands-Sugar Land, TX","N/A (not applicable)"
"8359372",1545,13140,2022,2021,202203,6163541,5,211.5,4,403190,1,13,146788,5,1,73,1,100,0,0,8,81,0,0,0,0,47884,67,"Beaumont-Port Arthur, TX","Other drafters"
"3957141",0,35620,2022,2018,202203,4095871,13,86927.6,2,19567410,1,12,184127,17,1,0,4,400,0,0,0,1,0,0,0,0,9999999,0,"New York-Newark-Jersey City, NY-NJ-PA","N/A (not applicable)"
"7257024",440,0,2022,2020,202203,6525538,24,511.1,0,201013,1,13,258356,24,2,50,1,100,0,0,11,116,50,5004,0,0,14731,68,"Not in identifiable area","Other managers"
"8757519",2145,13380,2022,2018,202203,6634475,39,667.7,1,201140,1,13,90719,39,2,66,1,100,0,0,6,63,0,0,0,0,80665,44,"Bellingham, WA","Paralegals and legal assistants"
"8621988",2040,40900,2022,2019,202203,635854,14,5713.2,1,2149127,1,13,130897,14,1,55,1,100,0,0,11,114,55,5506,0,0,96450,52,"Sacramento--Roseville--Arden-Arcade, CA","Clergy"
"11830481",4700,0,2022,2022,202203,3484230,7,54.9,0,41167,1,13,85000,7,2,29,1,100,0,0,8,81,0,0,0,0,45000,68,"Not in identifiable area","First-line supervisors of retail sales workers"
"10384386",3645,0,2022,2022,202203,2699263,86,787.6,0,158599,1,13,116200,83,2,41,1,100,0,0,7,71,0,0,0,0,1200,38,"Not in identifiable area","Medical assistants"
"13368163",5740,16740,2022,2022,202203,4723300,51,5044.1,5,2217012,1,13,545000,51,2,37,1,100,0,0,10,101,62,6299,0,0,2000,61,"Charlotte-Concord-Gastonia, NC-SC","Secretaries and administrative assistants, except legal, medical, and executive"
"14815428",8740,41860,2022,2022,202203,991839,14,8111.4,1,4335391,1,13,166210,12,1,67,1,100,0,0,11,114,37,3700,0,0,96060,18,"San Francisco-Oakland-Hayward, CA","Inspectors, testers, sorters, samplers, and weighers"
